Tipo Institución;Cód. Institución;Nombre Institución;Año Proceso;Nº Laboratorios;M2 Construido;Nº de PC para alumnos;N° Computadores con Internet
Univ.;1001;U. DE CHILE;2024;1.082;67.152;5.201;5.201
Univ.;1001;U. DE CHILE;2023;1.078;65.276;5.083;4.989
Univ.;1001;U. DE CHILE;2022;1.091;64.706;5.325;5.231
Univ.;1001;U. DE CHILE;2021;1.103;65.251;5.190;5.089
Univ.;1001;U. DE CHILE;2020;1.103;65.251;4.718;4.624
Univ.;1001;U. DE CHILE;2019;1.012;69.207;4.280;4.177
Univ.;1001;U. DE CHILE;2018;996;68.435;4.248;4.248
Univ.;1001;U. DE CHILE;2017;956;65.971;3.999;3.905
Univ.;1001;U. DE CHILE;2016;954;65.977;4.024;4.030
Univ.;1001;U. DE CHILE;2015;811;54.977;4.371;3.674
Univ.;1001;U. DE CHILE;2014;797;50.960;5.350;5.350
Univ.;1001;U. DE CHILE;2013;679;49.574;5.333;5.333
Univ.;1001;U. DE CHILE;2012;1.226;110.438;5.496;5.496
Univ.;1001;U. DE CHILE;2011;1.226;109.787;5.089;5.089
Univ.;1001;U. DE CHILE;2010;1.226;109.787;5.077;5.077
Univ.;1001;U. DE CHILE;2009;1.222;96.202;5.072;5.072
Univ.;1001;U. DE CHILE;2008;1.222;92.218;4.681;4.681
Univ.;1001;U. DE CHILE;2007;1.274;79.193;4.296;4.296
Univ.;1001;U. DE CHILE;2006;1.540;60.519;2.283;2.283
Univ.;1001;U. DE CHILE;2005;1.497;47.650;1.884;s/i
Univ.;1002;PONTIFICIA U. CATÓLICA DE CHILE;2024;1.766;45.392;s/i;s/i
Univ.;1002;PONTIFICIA U. CATÓLICA DE CHILE;2023;1.703;43.921;s/i;s/i
Univ.;1002;PONTIFICIA U. CATÓLICA DE CHILE;2022;1.666;42.638;s/i;s/i
Univ.;1002;PONTIFICIA U. CATÓLICA DE CHILE;2021;1.665;42.285;s/i;s/i
Univ.;1002;PONTIFICIA U. CATÓLICA DE CHILE;2020;1.671;42.270;s/i;s/i
Univ.;1002;PONTIFICIA U. CATÓLICA DE CHILE;2019;1.703;43.106;s/i;s/i
Univ.;1002;PONTIFICIA U. CATÓLICA DE CHILE;2018;1.541;39.257;s/i;s/i
Univ.;1002;PONTIFICIA U. CATÓLICA DE CHILE;2017;1.379;36.138;s/i;s/i
Univ.;1002;PONTIFICIA U. CATÓLICA DE CHILE;2016;1.379;36.138;s/i;s/i
Univ.;1002;PONTIFICIA U. CATÓLICA DE CHILE;2015;1.392;35.786;s/i;s/i
Univ.;1002;PONTIFICIA U. CATÓLICA DE CHILE;2014;1.392;35.786;s/i;s/i
Univ.;1002;PONTIFICIA U. CATÓLICA DE CHILE;2012;1.190;33.205;s/i;s/i
Univ.;1002;PONTIFICIA U. CATÓLICA DE CHILE;2011;999;32.979;s/i;s/i
Univ.;1002;PONTIFICIA U. CATÓLICA DE CHILE;2010;809;29.819;s/i;s/i
Univ.;1002;PONTIFICIA U. CATÓLICA DE CHILE;2009;810;29.615;s/i;s/i
Univ.;1002;PONTIFICIA U. CATÓLICA DE CHILE;2008;809;29.462;s/i;s/i
Univ.;1002;PONTIFICIA U. CATÓLICA DE CHILE;2007;804;29.295;s/i;s/i
Univ.;1002;PONTIFICIA U. CATÓLICA DE CHILE;2006;786;27.340;1.731;1.731
Univ.;1002;PONTIFICIA U. CATÓLICA DE CHILE;2005;785;26.815;1.550;1.550
Univ.;1002;PONTIFICIA U. CATÓLICA DE CHILE;2024;3;142;s/i;s/i
Univ.;1002;PONTIFICIA U. CATÓLICA DE CHILE;2023;3;142;s/i;s/i
Univ.;1002;PONTIFICIA U. CATÓLICA DE CHILE;2022;3;142;s/i;s/i
Univ.;1002;PONTIFICIA U. CATÓLICA DE CHILE;2021;3;142;s/i;s/i
Univ.;1002;PONTIFICIA U. CATÓLICA DE CHILE;2020;2;105;s/i;s/i
Univ.;1002;PONTIFICIA U. CATÓLICA DE CHILE;2019;1;63;s/i;s/i
Univ.;1002;PONTIFICIA U. CATÓLICA DE CHILE;2018;1;63;s/i;s/i
Univ.;1002;PONTIFICIA U. CATÓLICA DE CHILE;2017;1;100;s/i;s/i
Univ.;1002;PONTIFICIA U. CATÓLICA DE CHILE;2016;2;100;s/i;s/i
Univ.;1002;PONTIFICIA U. CATÓLICA DE CHILE;2015;1;63;s/i;s/i
Univ.;1002;PONTIFICIA U. CATÓLICA DE CHILE;2014;1;63;s/i;s/i
Univ.;1002;PONTIFICIA U. CATÓLICA DE CHILE;2012;1;63;s/i;s/i
Univ.;1002;PONTIFICIA U. CATÓLICA DE CHILE;2011;1;63;s/i;s/i
Univ.;1002;PONTIFICIA U. CATÓLICA DE CHILE;2007;8;530;s/i;s/i
Univ.;1002;PONTIFICIA U. CATÓLICA DE CHILE;2006;8;530;15;15
Univ.;1003;U. DE CONCEPCIÓN;2024;126;5.403;194;194
Univ.;1003;U. DE CONCEPCIÓN;2023;126;5.403;194;194
Univ.;1003;U. DE CONCEPCIÓN;2022;126;5.403;150;150
Univ.;1003;U. DE CONCEPCIÓN;2021;122;5.384;199;199
Univ.;1003;U. DE CONCEPCIÓN;2020;121;5.351;201;201
Univ.;1003;U. DE CONCEPCIÓN;2024;722;30.524;2.450;2.450
Univ.;1003;U. DE CONCEPCIÓN;2023;720;30.448;2.450;2.450
Univ.;1003;U. DE CONCEPCIÓN;2022;720;30.448;2.551;2.551
Univ.;1003;U. DE CONCEPCIÓN;2021;716;31.112;2.502;2.502
Univ.;1003;U. DE CONCEPCIÓN;2020;693;28.435;1.625;1.625
Univ.;1003;U. DE CONCEPCIÓN;2024;30;1.323;146;146
Univ.;1003;U. DE CONCEPCIÓN;2023;30;1.323;146;146
Univ.;1003;U. DE CONCEPCIÓN;2022;30;1.323;171;171
Univ.;1003;U. DE CONCEPCIÓN;2021;30;1.349;171;171
Univ.;1003;U. DE CONCEPCIÓN;2020;34;1.344;147;147
Univ.;1004;PONTIFICIA U. CATÓLICA DE VALPARAÍSO;2024;87;1.221;s/i;s/i
Univ.;1004;PONTIFICIA U. CATÓLICA DE VALPARAÍSO;2023;87;2.533;s/i;s/i
Univ.;1004;PONTIFICIA U. CATÓLICA DE VALPARAÍSO;2024;18;2.140;s/i;s/i
Univ.;1004;PONTIFICIA U. CATÓLICA DE VALPARAÍSO;2023;18;1.452;s/i;s/i
Univ.;1004;PONTIFICIA U. CATÓLICA DE VALPARAÍSO;2024;427;29.944;s/i;s/i
Univ.;1004;PONTIFICIA U. CATÓLICA DE VALPARAÍSO;2023;444;18.351;s/i;s/i
Univ.;1004;PONTIFICIA U. CATÓLICA DE VALPARAÍSO;2022;625;25.332;1;1
Univ.;1004;PONTIFICIA U. CATÓLICA DE VALPARAÍSO;2021;623;25.231;s/i;s/i
Univ.;1004;PONTIFICIA U. CATÓLICA DE VALPARAÍSO;2020;594;22.283;s/i;s/i
Univ.;1004;PONTIFICIA U. CATÓLICA DE VALPARAÍSO;2019;484;19.424;s/i;s/i
Univ.;1004;PONTIFICIA U. CATÓLICA DE VALPARAÍSO;2018;460;18.588;1;1
Univ.;1004;PONTIFICIA U. CATÓLICA DE VALPARAÍSO;2017;413;17.637;1;1
Univ.;1004;PONTIFICIA U. CATÓLICA DE VALPARAÍSO;2016;369;16.603;1.877;1.877
Univ.;1004;PONTIFICIA U. CATÓLICA DE VALPARAÍSO;2015;289;17.179;1.987;1.987
Univ.;1004;PONTIFICIA U. CATÓLICA DE VALPARAÍSO;2014;320;14.764;1.298;1.298
Univ.;1004;PONTIFICIA U. CATÓLICA DE VALPARAÍSO;2013;262;13.544;1.298;1.298
Univ.;1004;PONTIFICIA U. CATÓLICA DE VALPARAÍSO;2008;292;13.467;1.357;1.357
Univ.;1004;PONTIFICIA U. CATÓLICA DE VALPARAÍSO;2007;261;11.944;1.437;1.437
Univ.;1004;PONTIFICIA U. CATÓLICA DE VALPARAÍSO;2005;222;12.888;977;977
Univ.;1004;PONTIFICIA U. CATÓLICA DE VALPARAÍSO;2024;99;4.559;s/i;s/i
Univ.;1004;PONTIFICIA U. CATÓLICA DE VALPARAÍSO;2023;84;2.574;s/i;s/i
Univ.;1005;U. TÉCNICA FEDERICO SANTA MARÍA;2024;52;4.875;687;687
Univ.;1005;U. TÉCNICA FEDERICO SANTA MARÍA;2023;52;4.759;692;692
Univ.;1005;U. TÉCNICA FEDERICO SANTA MARÍA;2022;43;2.423;548;548
Univ.;1005;U. TÉCNICA FEDERICO SANTA MARÍA;2021;52;4.875;521;521
Univ.;1005;U. TÉCNICA FEDERICO SANTA MARÍA;2020;52;4.875;580;580
Univ.;1005;U. TÉCNICA FEDERICO SANTA MARÍA;2019;52;4.875;561;561
Univ.;1005;U. TÉCNICA FEDERICO SANTA MARÍA;2018;59;4.799;500;494
Univ.;1005;U. TÉCNICA FEDERICO SANTA MARÍA;2017;59;4.799;500;494
Univ.;1005;U. TÉCNICA FEDERICO SANTA MARÍA;2016;59;4.799;423;423
Univ.;1005;U. TÉCNICA FEDERICO SANTA MARÍA;2015;59;4.799;468;468
Univ.;1005;U. TÉCNICA FEDERICO SANTA MARÍA;2014;59;4.799;376;376
Univ.;1005;U. TÉCNICA FEDERICO SANTA MARÍA;2013;59;4.799;376;376
Univ.;1005;U. TÉCNICA FEDERICO SANTA MARÍA;2012;59;4.799;376;376
Univ.;1005;U. TÉCNICA FEDERICO SANTA MARÍA;2011;59;4.799;417;417
Univ.;1005;U. TÉCNICA FEDERICO SANTA MARÍA;2009;47;6.048;424;372
Univ.;1005;U. TÉCNICA FEDERICO SANTA MARÍA;2008;47;6.048;424;372
Univ.;1005;U. TÉCNICA FEDERICO SANTA MARÍA;2007;38;3.867;365;365
Univ.;1005;U. TÉCNICA FEDERICO SANTA MARÍA;2006;40;4.851;303;285
Univ.;1005;U. TÉCNICA FEDERICO SANTA MARÍA;2017;3;136;60;60
Univ.;1005;U. TÉCNICA FEDERICO SANTA MARÍA;2016;3;136;60;60
Univ.;1005;U. TÉCNICA FEDERICO SANTA MARÍA;2015;3;136;60;60
Univ.;1005;U. TÉCNICA FEDERICO SANTA MARÍA;2024;174;12.643;948;948
Univ.;1005;U. TÉCNICA FEDERICO SANTA MARÍA;2023;174;12.643;920;920
Univ.;1005;U. TÉCNICA FEDERICO SANTA MARÍA;2022;90;10.240;705;705
Univ.;1005;U. TÉCNICA FEDERICO SANTA MARÍA;2021;71;6.020;645;645
Univ.;1005;U. TÉCNICA FEDERICO SANTA MARÍA;2020;65;4.504;609;609
Univ.;1005;U. TÉCNICA FEDERICO SANTA MARÍA;2019;65;4.504;521;515
Univ.;1005;U. TÉCNICA FEDERICO SANTA MARÍA;2018;36;3.744;365;365
Univ.;1005;U. TÉCNICA FEDERICO SANTA MARÍA;2016;36;3.744;492;492
Univ.;1005;U. TÉCNICA FEDERICO SANTA MARÍA;2015;36;3.744;492;492
Univ.;1005;U. TÉCNICA FEDERICO SANTA MARÍA;2014;36;3.745;427;427
Univ.;1005;U. TÉCNICA FEDERICO SANTA MARÍA;2013;36;3.745;427;427
Univ.;1005;U. TÉCNICA FEDERICO SANTA MARÍA;2012;36;3.745;427;427
Univ.;1005;U. TÉCNICA FEDERICO SANTA MARÍA;2011;36;3.745;427;427
Univ.;1005;U. TÉCNICA FEDERICO SANTA MARÍA;2009;11;646;467;465
Univ.;1005;U. TÉCNICA FEDERICO SANTA MARÍA;2008;11;646;240;240
Univ.;1005;U. TÉCNICA FEDERICO SANTA MARÍA;2007;10;573;303;303
Univ.;1005;U. TÉCNICA FEDERICO SANTA MARÍA;2006;11;641;251;251
Univ.;1005;U. TÉCNICA FEDERICO SANTA MARÍA;2024;257;11.404;1.299;1.299
Univ.;1005;U. TÉCNICA FEDERICO SANTA MARÍA;2023;257;11.321;1.169;1.169
Univ.;1005;U. TÉCNICA FEDERICO SANTA MARÍA;2022;241;9.378;1.479;1.479
Univ.;1005;U. TÉCNICA FEDERICO SANTA MARÍA;2021;253;11.190;1.483;1.483
Univ.;1005;U. TÉCNICA FEDERICO SANTA MARÍA;2020;253;11.107;1.411;1.411
Univ.;1005;U. TÉCNICA FEDERICO SANTA MARÍA;2019;250;4.239;1.108;1.108
Univ.;1005;U. TÉCNICA FEDERICO SANTA MARÍA;2018;239;11.180;1.108;1.056
Univ.;1005;U. TÉCNICA FEDERICO SANTA MARÍA;2017;246;10.929;1.108;1.056
Univ.;1005;U. TÉCNICA FEDERICO SANTA MARÍA;2016;239;11.180;620;587
Univ.;1005;U. TÉCNICA FEDERICO SANTA MARÍA;2015;239;11.180;542;542
Univ.;1005;U. TÉCNICA FEDERICO SANTA MARÍA;2014;231;10.658;995;995
Univ.;1005;U. TÉCNICA FEDERICO SANTA MARÍA;2013;231;10.658;995;995
Univ.;1005;U. TÉCNICA FEDERICO SANTA MARÍA;2012;231;10.658;995;995
Univ.;1005;U. TÉCNICA FEDERICO SANTA MARÍA;2011;231;10.658;995;995
Univ.;1005;U. TÉCNICA FEDERICO SANTA MARÍA;2010;234;11.138;1.241;1.200
Univ.;1005;U. TÉCNICA FEDERICO SANTA MARÍA;2009;237;5.319;1.229;1.005
Univ.;1005;U. TÉCNICA FEDERICO SANTA MARÍA;2008;237;4.950;1.273;1.067
Univ.;1005;U. TÉCNICA FEDERICO SANTA MARÍA;2007;234;11.138;1.230;1.096
Univ.;1005;U. TÉCNICA FEDERICO SANTA MARÍA;2006;227;10.886;1.118;952
Univ.;1005;U. TÉCNICA FEDERICO SANTA MARÍA;2024;84;4.759;847;847
Univ.;1005;U. TÉCNICA FEDERICO SANTA MARÍA;2023;84;4.759;922;922
Univ.;1005;U. TÉCNICA FEDERICO SANTA MARÍA;2022;60;2.827;907;907
Univ.;1005;U. TÉCNICA FEDERICO SANTA MARÍA;2021;83;4.721;867;867
Univ.;1005;U. TÉCNICA FEDERICO SANTA MARÍA;2020;78;4.373;769;769
Univ.;1005;U. TÉCNICA FEDERICO SANTA MARÍA;2019;78;4.373;757;715
Univ.;1005;U. TÉCNICA FEDERICO SANTA MARÍA;2018;84;4.732;661;35
Univ.;1005;U. TÉCNICA FEDERICO SANTA MARÍA;2017;84;4.732;661;35
Univ.;1005;U. TÉCNICA FEDERICO SANTA MARÍA;2016;84;4.732;743;711
Univ.;1005;U. TÉCNICA FEDERICO SANTA MARÍA;2015;84;4.732;531;531
Univ.;1005;U. TÉCNICA FEDERICO SANTA MARÍA;2014;84;4.732;658;658
Univ.;1005;U. TÉCNICA FEDERICO SANTA MARÍA;2013;84;4.732;658;658
Univ.;1005;U. TÉCNICA FEDERICO SANTA MARÍA;2012;84;4.732;658;658
Univ.;1005;U. TÉCNICA FEDERICO SANTA MARÍA;2011;84;4.732;658;658
Univ.;1005;U. TÉCNICA FEDERICO SANTA MARÍA;2010;84;4.807;592;518
Univ.;1005;U. TÉCNICA FEDERICO SANTA MARÍA;2009;86;4.928;513;449
Univ.;1005;U. TÉCNICA FEDERICO SANTA MARÍA;2008;80;4.495;431;359
Univ.;1005;U. TÉCNICA FEDERICO SANTA MARÍA;2007;62;3.754;353;302
Univ.;1005;U. TÉCNICA FEDERICO SANTA MARÍA;2006;49;3.284;412;319
Univ.;1006;U. DE SANTIAGO DE CHILE;2024;470;28.262;6.468;6.468
Univ.;1006;U. DE SANTIAGO DE CHILE;2023;470;28.262;11.864;11.864
Univ.;1006;U. DE SANTIAGO DE CHILE;2022;451;25.776;10.536;10.536
Univ.;1006;U. DE SANTIAGO DE CHILE;2021;468;27.492;9.705;9.705
Univ.;1006;U. DE SANTIAGO DE CHILE;2020;450;27.177;8.580;8.580
Univ.;1006;U. DE SANTIAGO DE CHILE;2019;436;23.046;11.401;11.401
Univ.;1006;U. DE SANTIAGO DE CHILE;2018;310;4.248;10.158;10.158
Univ.;1006;U. DE SANTIAGO DE CHILE;2017;379;25.028;8.005;8.005
Univ.;1006;U. DE SANTIAGO DE CHILE;2016;309;26.462;6.753;6.753
Univ.;1006;U. DE SANTIAGO DE CHILE;2015;309;26.462;5.226;5.226
Univ.;1006;U. DE SANTIAGO DE CHILE;2014;309;26.462;5.994;5.994
Univ.;1006;U. DE SANTIAGO DE CHILE;2013;309;26.462;4.837;4.837
Univ.;1006;U. DE SANTIAGO DE CHILE;2012;308;26.295;5.420;5.420
Univ.;1006;U. DE SANTIAGO DE CHILE;2011;308;26.295;4.870;6.976
Univ.;1006;U. DE SANTIAGO DE CHILE;2010;308;26.295;4.870;6.976
Univ.;1006;U. DE SANTIAGO DE CHILE;2008;218;25.961;2.500;2.500
Univ.;1006;U. DE SANTIAGO DE CHILE;2007;218;25.961;2.500;2.500
Univ.;1006;U. DE SANTIAGO DE CHILE;2006;147;24.170;2.500;2.500
Univ.;1007;U. AUSTRAL DE CHILE;2024;5;252;20;20
Univ.;1007;U. AUSTRAL DE CHILE;2023;5;252;30;30
Univ.;1007;U. AUSTRAL DE CHILE;2022;5;252;30;30
Univ.;1007;U. AUSTRAL DE CHILE;2021;5;252;30;30
Univ.;1007;U. AUSTRAL DE CHILE;2020;5;252;30;30
Univ.;1007;U. AUSTRAL DE CHILE;2019;4;152;30;30
Univ.;1007;U. AUSTRAL DE CHILE;2018;4;152;30;30
Univ.;1007;U. AUSTRAL DE CHILE;2017;4;152;30;30
Univ.;1007;U. AUSTRAL DE CHILE;2016;4;153;30;30
Univ.;1007;U. AUSTRAL DE CHILE;2015;1;54;30;30
Univ.;1007;U. AUSTRAL DE CHILE;2014;1;54;24;24
Univ.;1007;U. AUSTRAL DE CHILE;2013;1;43;s/i;s/i
Univ.;1007;U. AUSTRAL DE CHILE;2012;1;43;s/i;s/i
Univ.;1007;U. AUSTRAL DE CHILE;2024;68;2.642;320;320
Univ.;1007;U. AUSTRAL DE CHILE;2023;68;2.642;328;328
Univ.;1007;U. AUSTRAL DE CHILE;2022;68;2.642;328;328
Univ.;1007;U. AUSTRAL DE CHILE;2021;66;2.450;328;328
Univ.;1007;U. AUSTRAL DE CHILE;2020;66;2.449;328;328
Univ.;1007;U. AUSTRAL DE CHILE;2019;62;2.247;328;328
Univ.;1007;U. AUSTRAL DE CHILE;2018;62;2.247;278;278
Univ.;1007;U. AUSTRAL DE CHILE;2017;54;1.880;297;297
Univ.;1007;U. AUSTRAL DE CHILE;2016;47;1.529;297;297
Univ.;1007;U. AUSTRAL DE CHILE;2015;41;1.306;278;266
Univ.;1007;U. AUSTRAL DE CHILE;2014;36;1.136;288;288
Univ.;1007;U. AUSTRAL DE CHILE;2013;78;6.746;75;70
Univ.;1007;U. AUSTRAL DE CHILE;2012;78;6.746;75;70
Univ.;1007;U. AUSTRAL DE CHILE;2010;78;2.075;75;70
Univ.;1007;U. AUSTRAL DE CHILE;2009;78;2.075;75;70
Univ.;1007;U. AUSTRAL DE CHILE;2008;78;2.075;75;70
Univ.;1007;U. AUSTRAL DE CHILE;2007;83;24.046;41;41
Univ.;1007;U. AUSTRAL DE CHILE;2006;15;6.100;36;36
Univ.;1007;U. AUSTRAL DE CHILE;2005;15;6.100;36;s/i
Univ.;1007;U. AUSTRAL DE CHILE;2024;578;23.716;405;405
Univ.;1007;U. AUSTRAL DE CHILE;2023;572;23.252;479;479
Univ.;1007;U. AUSTRAL DE CHILE;2022;583;23.560;479;479
Univ.;1007;U. AUSTRAL DE CHILE;2021;597;23.633;479;479
Univ.;1007;U. AUSTRAL DE CHILE;2020;532;21.241;479;479
Univ.;1007;U. AUSTRAL DE CHILE;2019;528;21.093;479;479
Univ.;1007;U. AUSTRAL DE CHILE;2018;527;20.985;586;586
Univ.;1007;U. AUSTRAL DE CHILE;2017;525;20.809;567;567
Univ.;1007;U. AUSTRAL DE CHILE;2016;452;18.566;567;567
Univ.;1007;U. AUSTRAL DE CHILE;2015;408;17.183;610;610
Univ.;1007;U. AUSTRAL DE CHILE;2014;421;17.211;537;537
Univ.;1007;U. AUSTRAL DE CHILE;2013;199;29.697;248;248
Univ.;1007;U. AUSTRAL DE CHILE;2012;199;29.697;248;248
Univ.;1007;U. AUSTRAL DE CHILE;2010;78;22.712;248;248
Univ.;1007;U. AUSTRAL DE CHILE;2009;78;22.712;248;248
Univ.;1007;U. AUSTRAL DE CHILE;2008;78;22.712;248;248
Univ.;1007;U. AUSTRAL DE CHILE;2007;83;24.046;822;822
Univ.;1007;U. AUSTRAL DE CHILE;2006;83;24.046;371;270
Univ.;1007;U. AUSTRAL DE CHILE;2005;81;23.746;371;270
Univ.;1008;U. CATÓLICA DEL NORTE;2024;303;13.588;1.087;1.087
Univ.;1008;U. CATÓLICA DEL NORTE;2023;303;13.588;1.053;1.053
Univ.;1008;U. CATÓLICA DEL NORTE;2022;303;13.588;1.087;1.087
Univ.;1008;U. CATÓLICA DEL NORTE;2021;325;14.638;1.087;1.087
Univ.;1008;U. CATÓLICA DEL NORTE;2020;303;14.319;1.087;1.087
Univ.;1008;U. CATÓLICA DEL NORTE;2019;220;16.544;1.087;1.087
Univ.;1008;U. CATÓLICA DEL NORTE;2018;219;16.479;1.146;1.146
Univ.;1008;U. CATÓLICA DEL NORTE;2017;199;12.595;1.146;1.146
Univ.;1008;U. CATÓLICA DEL NORTE;2016;205;15.454;1.059;1.059
Univ.;1008;U. CATÓLICA DEL NORTE;2015;205;15.350;1.059;1.059
Univ.;1008;U. CATÓLICA DEL NORTE;2014;200;14.971;1.044;1.044
Univ.;1008;U. CATÓLICA DEL NORTE;2013;200;14.971;1.044;1.044
Univ.;1008;U. CATÓLICA DEL NORTE;2012;200;14.971;1.002;1.002
Univ.;1008;U. CATÓLICA DEL NORTE;2011;199;14.838;1.150;1.150
Univ.;1008;U. CATÓLICA DEL NORTE;2010;199;14.838;1.078;1.078
Univ.;1008;U. CATÓLICA DEL NORTE;2009;193;14.826;1.523;1.523
Univ.;1008;U. CATÓLICA DEL NORTE;2008;197;15.056;1.086;1.086
Univ.;1008;U. CATÓLICA DEL NORTE;2007;181;12.358;1.085;1.085
Univ.;1008;U. CATÓLICA DEL NORTE;2006;181;12.358;850;850
Univ.;1008;U. CATÓLICA DEL NORTE;2005;176;12.105;795;795
Univ.;1008;U. CATÓLICA DEL NORTE;2024;195;5.035;707;707
Univ.;1008;U. CATÓLICA DEL NORTE;2023;195;5.035;806;806
Univ.;1008;U. CATÓLICA DEL NORTE;2022;195;5.035;707;707
Univ.;1008;U. CATÓLICA DEL NORTE;2021;194;6.209;707;707
Univ.;1008;U. CATÓLICA DEL NORTE;2020;195;6.209;707;707
Univ.;1008;U. CATÓLICA DEL NORTE;2019;189;5.684;707;707
Univ.;1008;U. CATÓLICA DEL NORTE;2018;189;5.684;650;650
Univ.;1008;U. CATÓLICA DEL NORTE;2017;142;5.030;650;650
Univ.;1008;U. CATÓLICA DEL NORTE;2016;142;8.709;742;742
Univ.;1008;U. CATÓLICA DEL NORTE;2015;142;8.389;742;742
Univ.;1008;U. CATÓLICA DEL NORTE;2014;121;7.369;676;676
Univ.;1008;U. CATÓLICA DEL NORTE;2013;121;7.369;676;676
Univ.;1008;U. CATÓLICA DEL NORTE;2012;121;7.369;529;529
Univ.;1008;U. CATÓLICA DEL NORTE;2011;121;7.369;428;422
Univ.;1008;U. CATÓLICA DEL NORTE;2010;113;7.028;304;304
Univ.;1008;U. CATÓLICA DEL NORTE;2009;110;6.861;396;396
Univ.;1008;U. CATÓLICA DEL NORTE;2008;102;6.675;384;384
Univ.;1008;U. CATÓLICA DEL NORTE;2007;102;6.675;346;346
Univ.;1008;U. CATÓLICA DEL NORTE;2006;94;6.425;337;337
Univ.;1008;U. CATÓLICA DEL NORTE;2005;94;6.426;290;286
Univ.;1009;U. DE LA SERENA;2007;10;470;s/i;s/i
Univ.;1009;U. DE LA SERENA;2006;10;470;45;20
Univ.;1009;U. DE LA SERENA;2005;7;470;42;18
Univ.;1009;U. DE LA SERENA;2024;304;17.365;852;852
Univ.;1009;U. DE LA SERENA;2023;302;17.261;1.421;1.421
Univ.;1009;U. DE LA SERENA;2022;305;17.443;1.421;1.421
Univ.;1009;U. DE LA SERENA;2021;301;17.089;1.421;1.421
Univ.;1009;U. DE LA SERENA;2020;282;15.751;1.421;1.421
Univ.;1009;U. DE LA SERENA;2019;278;15.128;1.063;1.063
Univ.;1009;U. DE LA SERENA;2018;277;14.875;1.063;1.063
Univ.;1009;U. DE LA SERENA;2017;262;13.727;1.060;1.058
Univ.;1009;U. DE LA SERENA;2016;262;13.727;1.033;1.029
Univ.;1009;U. DE LA SERENA;2015;229;13.707;882;852
Univ.;1009;U. DE LA SERENA;2014;355;15.601;1.111;1.111
Univ.;1009;U. DE LA SERENA;2013;343;15.254;1.111;1.111
Univ.;1009;U. DE LA SERENA;2012;343;15.254;1.111;1.111
Univ.;1009;U. DE LA SERENA;2011;343;15.254;1.111;1.111
Univ.;1009;U. DE LA SERENA;2010;342;15.218;1.111;1.111
Univ.;1009;U. DE LA SERENA;2007;324;14.290;s/i;s/i
Univ.;1009;U. DE LA SERENA;2006;324;13.752;660;280
Univ.;1009;U. DE LA SERENA;2005;53;13.810;610;250
Univ.;1009;U. DE LA SERENA;2007;8;459;s/i;s/i
Univ.;1009;U. DE LA SERENA;2006;8;459;60;40
Univ.;1009;U. DE LA SERENA;2005;6;626;39;22
Univ.;1010;U. DE ATACAMA;2024;153;7.674;780;760
Univ.;1010;U. DE ATACAMA;2023;160;9.610;760;730
Univ.;1010;U. DE ATACAMA;2022;159;9.600;758;720
Univ.;1010;U. DE ATACAMA;2021;156;9.559;750;700
Univ.;1010;U. DE ATACAMA;2020;151;6.991;630;600
Univ.;1010;U. DE ATACAMA;2019;103;6.991;620;580
Univ.;1010;U. DE ATACAMA;2018;129;6.991;620;580
Univ.;1010;U. DE ATACAMA;2017;119;6.991;594;475
Univ.;1010;U. DE ATACAMA;2016;119;6.284;521;418
Univ.;1010;U. DE ATACAMA;2015;119;6.284;469;366
Univ.;1010;U. DE ATACAMA;2014;81;6.127;411;411
Univ.;1010;U. DE ATACAMA;2013;81;6.127;308;308
Univ.;1010;U. DE ATACAMA;2012;53;4.039;274;274
Univ.;1010;U. DE ATACAMA;2011;53;4.039;274;274
Univ.;1010;U. DE ATACAMA;2010;53;4.039;274;274
Univ.;1010;U. DE ATACAMA;2007;62;6.147;274;274
Univ.;1010;U. DE ATACAMA;2006;48;3.140;280;280
Univ.;1010;U. DE ATACAMA;2005;48;3.140;347;347
Univ.;1010;U. DE ATACAMA;2006;1;s/i;34;34
Univ.;1010;U. DE ATACAMA;2005;1;s/i;11;11
Univ.;1010;U. DE ATACAMA;2024;11;611;75;73
Univ.;1010;U. DE ATACAMA;2023;10;592;73;76
Univ.;1010;U. DE ATACAMA;2022;15;690;73;76
Univ.;1010;U. DE ATACAMA;2021;12;687;70;70
Univ.;1010;U. DE ATACAMA;2020;12;687;70;70
Univ.;1010;U. DE ATACAMA;2019;9;514;70;70
Univ.;1010;U. DE ATACAMA;2018;9;514;70;70
Univ.;1010;U. DE ATACAMA;2017;7;493;70;70
Univ.;1010;U. DE ATACAMA;2016;7;493;66;72
Univ.;1010;U. DE ATACAMA;2015;3;157;45;45
Univ.;1010;U. DE ATACAMA;2014;3;157;30;30
Univ.;1010;U. DE ATACAMA;2013;3;157;25;25
Univ.;1010;U. DE ATACAMA;2012;3;157;33;33
Univ.;1010;U. DE ATACAMA;2011;3;157;33;33
Univ.;1010;U. DE ATACAMA;2010;3;157;29;27
Univ.;1010;U. DE ATACAMA;2007;2;142;18;18
Univ.;1010;U. DE ATACAMA;2006;2;s/i;22;22
Univ.;1010;U. DE ATACAMA;2005;2;68;22;22
Univ.;1011;U. DE VALPARAÍSO;2010;2;42;s/i;s/i
Univ.;1011;U. DE VALPARAÍSO;2009;2;42;s/i;s/i
Univ.;1011;U. DE VALPARAÍSO;2008;1;60;s/i;s/i
Univ.;1011;U. DE VALPARAÍSO;2007;1;33;s/i;s/i
Univ.;1011;U. DE VALPARAÍSO;2008;1;25;s/i;s/i
Univ.;1011;U. DE VALPARAÍSO;2007;2;100;s/i;s/i
Univ.;1011;U. DE VALPARAÍSO;2008;1;50;s/i;s/i
Univ.;1011;U. DE VALPARAÍSO;2007;1;32;s/i;s/i
Univ.;1011;U. DE VALPARAÍSO;2006;2;59;s/i;s/i
Univ.;1011;U. DE VALPARAÍSO;2024;14;575;76;76
Univ.;1011;U. DE VALPARAÍSO;2023;14;475;76;76
Univ.;1011;U. DE VALPARAÍSO;2022;11;457;85;85
Univ.;1011;U. DE VALPARAÍSO;2021;11;457;86;86
Univ.;1011;U. DE VALPARAÍSO;2020;11;457;44;44
Univ.;1011;U. DE VALPARAÍSO;2019;12;423;44;44
Univ.;1011;U. DE VALPARAÍSO;2018;12;423;54;54
Univ.;1011;U. DE VALPARAÍSO;2017;12;423;54;54
Univ.;1011;U. DE VALPARAÍSO;2016;12;423;54;54
Univ.;1011;U. DE VALPARAÍSO;2015;12;423;s/i;s/i
Univ.;1011;U. DE VALPARAÍSO;2014;15;554;s/i;s/i
Univ.;1011;U. DE VALPARAÍSO;2013;15;554;s/i;s/i
Univ.;1011;U. DE VALPARAÍSO;2012;15;554;s/i;s/i
Univ.;1011;U. DE VALPARAÍSO;2010;15;555;s/i;s/i
Univ.;1011;U. DE VALPARAÍSO;2009;19;737;s/i;s/i
Univ.;1011;U. DE VALPARAÍSO;2008;19;678;s/i;s/i
Univ.;1011;U. DE VALPARAÍSO;2007;15;678;s/i;s/i
Univ.;1011;U. DE VALPARAÍSO;2006;14;532;s/i;s/i
Univ.;1011;U. DE VALPARAÍSO;2024;3;226;185;185
Univ.;1011;U. DE VALPARAÍSO;2023;3;226;158;158
Univ.;1011;U. DE VALPARAÍSO;2022;3;226;153;153
Univ.;1011;U. DE VALPARAÍSO;2021;3;226;132;132
Univ.;1011;U. DE VALPARAÍSO;2020;3;226;185;185
Univ.;1011;U. DE VALPARAÍSO;2019;3;226;203;203
Univ.;1011;U. DE VALPARAÍSO;2018;3;226;159;159
Univ.;1011;U. DE VALPARAÍSO;2017;3;226;159;159
Univ.;1011;U. DE VALPARAÍSO;2016;3;226;159;159
Univ.;1011;U. DE VALPARAÍSO;2015;3;226;s/i;s/i
Univ.;1011;U. DE VALPARAÍSO;2014;4;289;s/i;s/i
Univ.;1011;U. DE VALPARAÍSO;2013;4;289;s/i;s/i
Univ.;1011;U. DE VALPARAÍSO;2012;4;289;s/i;s/i
Univ.;1011;U. DE VALPARAÍSO;2010;4;290;s/i;s/i
Univ.;1011;U. DE VALPARAÍSO;2009;5;290;s/i;s/i
Univ.;1011;U. DE VALPARAÍSO;2008;1;60;s/i;s/i
Univ.;1011;U. DE VALPARAÍSO;2007;1;s/i;s/i;s/i
Univ.;1011;U. DE VALPARAÍSO;2024;330;15.047;1.978;1.978
Univ.;1011;U. DE VALPARAÍSO;2023;330;15.047;1.904;1.904
Univ.;1011;U. DE VALPARAÍSO;2022;330;15.048;1.890;1.890
Univ.;1011;U. DE VALPARAÍSO;2021;341;15.214;1.697;1.697
Univ.;1011;U. DE VALPARAÍSO;2020;341;15.214;1.609;1.609
Univ.;1011;U. DE VALPARAÍSO;2019;306;12.167;1.565;1.565
Univ.;1011;U. DE VALPARAÍSO;2018;344;15.387;1.497;1.497
Univ.;1011;U. DE VALPARAÍSO;2017;349;14.383;1.028;1.028
Univ.;1011;U. DE VALPARAÍSO;2016;349;14.383;1.028;1.028
Univ.;1011;U. DE VALPARAÍSO;2015;337;14.813;s/i;s/i
Univ.;1011;U. DE VALPARAÍSO;2014;328;11.183;s/i;s/i
Univ.;1011;U. DE VALPARAÍSO;2013;333;12.328;s/i;s/i
Univ.;1011;U. DE VALPARAÍSO;2012;375;15.169;s/i;s/i
Univ.;1011;U. DE VALPARAÍSO;2010;302;11.118;s/i;s/i
Univ.;1011;U. DE VALPARAÍSO;2009;302;10.221;s/i;s/i
Univ.;1011;U. DE VALPARAÍSO;2008;326;10.847;s/i;s/i
Univ.;1011;U. DE VALPARAÍSO;2007;303;10.125;s/i;s/i
Univ.;1011;U. DE VALPARAÍSO;2006;279;9.818;s/i;s/i
Univ.;1011;U. DE VALPARAÍSO;2005;121;10.985;1;1
Univ.;1012;U. DE ANTOFAGASTA;2024;302;15.201;1.314;1.314
Univ.;1012;U. DE ANTOFAGASTA;2023;302;15.201;1.314;1.314
Univ.;1012;U. DE ANTOFAGASTA;2022;302;15.201;1.314;1.314
Univ.;1012;U. DE ANTOFAGASTA;2021;302;15.201;990;990
Univ.;1012;U. DE ANTOFAGASTA;2020;302;15.201;990;990
Univ.;1012;U. DE ANTOFAGASTA;2019;302;15.201;990;990
Univ.;1012;U. DE ANTOFAGASTA;2018;300;14.588;731;731
Univ.;1012;U. DE ANTOFAGASTA;2017;300;14.588;854;854
Univ.;1012;U. DE ANTOFAGASTA;2016;284;13.765;910;910
Univ.;1012;U. DE ANTOFAGASTA;2015;269;12.259;855;855
Univ.;1012;U. DE ANTOFAGASTA;2014;269;12.259;1.372;1.372
Univ.;1012;U. DE ANTOFAGASTA;2013;262;11.201;1.243;1.243
Univ.;1012;U. DE ANTOFAGASTA;2012;262;11.201;1.124;1.124
Univ.;1012;U. DE ANTOFAGASTA;2011;262;11.201;1.038;1.038
Univ.;1012;U. DE ANTOFAGASTA;2010;262;11.201;1.038;1.038
Univ.;1012;U. DE ANTOFAGASTA;2009;262;11.201;973;973
Univ.;1012;U. DE ANTOFAGASTA;2008;262;11.201;919;919
Univ.;1012;U. DE ANTOFAGASTA;2007;115;6.617;679;679
Univ.;1012;U. DE ANTOFAGASTA;2006;240;23.799;564;564
Univ.;1012;U. DE ANTOFAGASTA;2005;202;8.684;546;546
Univ.;1013;U. DE LA FRONTERA;2024;10;271;15;15
Univ.;1013;U. DE LA FRONTERA;2006;4;249;39;39
Univ.;1013;U. DE LA FRONTERA;2005;4;249;37;37
Univ.;1013;U. DE LA FRONTERA;2024;1;27;50;50
Univ.;1013;U. DE LA FRONTERA;2023;s/i;s/i;37;37
Univ.;1013;U. DE LA FRONTERA;2006;1;57;15;15
Univ.;1013;U. DE LA FRONTERA;2005;1;57;15;15
Univ.;1013;U. DE LA FRONTERA;2024;562;14.388;1.962;1.962
Univ.;1013;U. DE LA FRONTERA;2023;328;8.932;1.665;1.665
Univ.;1013;U. DE LA FRONTERA;2022;354;10.980;1.544;1.544
Univ.;1013;U. DE LA FRONTERA;2021;271;10.228;1.175;1.175
Univ.;1013;U. DE LA FRONTERA;2020;290;10.747;1.921;1.921
Univ.;1013;U. DE LA FRONTERA;2019;290;10.747;1.921;1.921
Univ.;1013;U. DE LA FRONTERA;2018;290;10.747;1.921;1.921
Univ.;1013;U. DE LA FRONTERA;2017;290;10.747;1.921;1.921
Univ.;1013;U. DE LA FRONTERA;2015;282;10.377;1.445;1.445
Univ.;1013;U. DE LA FRONTERA;2014;293;10.713;s/i;s/i
Univ.;1013;U. DE LA FRONTERA;2012;279;10.168;s/i;s/i
Univ.;1013;U. DE LA FRONTERA;2011;277;10.168;s/i;s/i
Univ.;1013;U. DE LA FRONTERA;2010;261;9.471;s/i;s/i
Univ.;1013;U. DE LA FRONTERA;2008;263;9.569;2.949;52.949
Univ.;1013;U. DE LA FRONTERA;2007;195;11.186;3.291;3.291
Univ.;1013;U. DE LA FRONTERA;2006;195;11.186;2.925;2.925
Univ.;1013;U. DE LA FRONTERA;2005;180;10.800;2.800;2.800
Univ.;1014;U. DE MAGALLANES;2024;4;143;s/i;s/i
Univ.;1014;U. DE MAGALLANES;2023;4;143;s/i;s/i
Univ.;1014;U. DE MAGALLANES;2024;s/i;s/i;3;3
Univ.;1014;U. DE MAGALLANES;2023;s/i;s/i;44;44
Univ.;1014;U. DE MAGALLANES;2022;s/i;s/i;44;44
Univ.;1014;U. DE MAGALLANES;2021;s/i;s/i;44;44
Univ.;1014;U. DE MAGALLANES;2020;5;303;44;44
Univ.;1014;U. DE MAGALLANES;2019;5;303;44;44
Univ.;1014;U. DE MAGALLANES;2018;5;303;44;44
Univ.;1014;U. DE MAGALLANES;2017;5;303;44;44
Univ.;1014;U. DE MAGALLANES;2016;5;303;44;44
Univ.;1014;U. DE MAGALLANES;2015;5;303;44;44
Univ.;1014;U. DE MAGALLANES;2022;s/i;s/i;29;s/i
Univ.;1014;U. DE MAGALLANES;2021;s/i;s/i;29;29
Univ.;1014;U. DE MAGALLANES;2020;2;104;29;29
Univ.;1014;U. DE MAGALLANES;2019;2;104;29;29
Univ.;1014;U. DE MAGALLANES;2018;2;104;29;29
Univ.;1014;U. DE MAGALLANES;2017;2;104;29;29
Univ.;1014;U. DE MAGALLANES;2016;2;104;29;29
Univ.;1014;U. DE MAGALLANES;2015;4;104;32;32
Univ.;1014;U. DE MAGALLANES;2014;3;55;32;12
Univ.;1014;U. DE MAGALLANES;2013;3;55;12;12
Univ.;1014;U. DE MAGALLANES;2012;3;55;12;12
Univ.;1014;U. DE MAGALLANES;2011;3;55;12;12
Univ.;1014;U. DE MAGALLANES;2010;3;55;12;12
Univ.;1014;U. DE MAGALLANES;2008;s/i;s/i;s/i;9
Univ.;1014;U. DE MAGALLANES;2024;5;498;78;27
Univ.;1014;U. DE MAGALLANES;2023;4;144;77;26
Univ.;1014;U. DE MAGALLANES;2022;2;73;51;51
Univ.;1014;U. DE MAGALLANES;2021;2;73;51;51
Univ.;1014;U. DE MAGALLANES;2020;2;73;51;51
Univ.;1014;U. DE MAGALLANES;2019;2;76;51;51
Univ.;1014;U. DE MAGALLANES;2018;2;73;51;51
Univ.;1014;U. DE MAGALLANES;2017;2;73;51;51
Univ.;1014;U. DE MAGALLANES;2016;2;73;51;30
Univ.;1014;U. DE MAGALLANES;2015;3;97;51;30
Univ.;1014;U. DE MAGALLANES;2014;3;74;51;30
Univ.;1014;U. DE MAGALLANES;2013;3;74;30;30
Univ.;1014;U. DE MAGALLANES;2012;3;74;30;30
Univ.;1014;U. DE MAGALLANES;2011;3;74;30;30
Univ.;1014;U. DE MAGALLANES;2010;3;74;33;33
Univ.;1014;U. DE MAGALLANES;2008;3;74;33;33
Univ.;1014;U. DE MAGALLANES;2007;3;74;35;13
Univ.;1014;U. DE MAGALLANES;2006;2;54;15;15
Univ.;1014;U. DE MAGALLANES;2024;196;7.719;985;985
Univ.;1014;U. DE MAGALLANES;2023;193;7.571;966;966
Univ.;1014;U. DE MAGALLANES;2022;139;7.034;842;842
Univ.;1014;U. DE MAGALLANES;2021;139;7.034;824;824
Univ.;1014;U. DE MAGALLANES;2020;139;7.034;824;824
Univ.;1014;U. DE MAGALLANES;2019;97;5.519;824;824
Univ.;1014;U. DE MAGALLANES;2018;58;4.276;995;995
Univ.;1014;U. DE MAGALLANES;2017;58;4.276;1.033;1.033
Univ.;1014;U. DE MAGALLANES;2016;58;4.276;775;775
Univ.;1014;U. DE MAGALLANES;2015;58;4.276;595;595
Univ.;1014;U. DE MAGALLANES;2014;56;4.227;435;435
Univ.;1014;U. DE MAGALLANES;2013;55;4.227;305;305
Univ.;1014;U. DE MAGALLANES;2012;55;4.227;305;305
Univ.;1014;U. DE MAGALLANES;2011;55;4.227;280;280
Univ.;1014;U. DE MAGALLANES;2010;51;4.227;250;250
Univ.;1014;U. DE MAGALLANES;2008;5;205;152;146
Univ.;1014;U. DE MAGALLANES;2007;5;205;152;146
Univ.;1014;U. DE MAGALLANES;2006;17;450;300;300
Univ.;1014;U. DE MAGALLANES;2005;10;560;211;211
Univ.;1015;U. DE TALCA;2024;10;311;34;34
Univ.;1015;U. DE TALCA;2023;10;311;34;34
Univ.;1015;U. DE TALCA;2022;10;311;34;34
Univ.;1015;U. DE TALCA;2021;10;311;34;34
Univ.;1015;U. DE TALCA;2020;10;311;34;34
Univ.;1015;U. DE TALCA;2019;3;489;34;34
Univ.;1015;U. DE TALCA;2018;3;489;34;34
Univ.;1015;U. DE TALCA;2017;3;489;34;34
Univ.;1015;U. DE TALCA;2016;3;489;30;30
Univ.;1015;U. DE TALCA;2015;1;50;30;30
Univ.;1015;U. DE TALCA;2014;1;50;30;30
Univ.;1015;U. DE TALCA;2024;66;3.821;1.835;1.835
Univ.;1015;U. DE TALCA;2023;66;3.749;2.651;2.651
Univ.;1015;U. DE TALCA;2022;66;3.748;2.091;2.091
Univ.;1015;U. DE TALCA;2021;66;3.748;2.091;2.091
Univ.;1015;U. DE TALCA;2020;66;3.748;1.784;1.784
Univ.;1015;U. DE TALCA;2019;63;3.576;1.535;1.535
Univ.;1015;U. DE TALCA;2018;46;2.655;1.166;1.166
Univ.;1015;U. DE TALCA;2017;30;2.581;1.046;1.046
Univ.;1015;U. DE TALCA;2016;29;2.306;1.116;1.116
Univ.;1015;U. DE TALCA;2015;29;2.306;1.116;1.116
Univ.;1015;U. DE TALCA;2014;21;1.773;1.121;1.121
Univ.;1015;U. DE TALCA;2013;21;1.773;940;940
Univ.;1015;U. DE TALCA;2012;21;1.773;640;640
Univ.;1015;U. DE TALCA;2011;21;1.773;584;584
Univ.;1015;U. DE TALCA;2010;21;1.773;584;584
Univ.;1015;U. DE TALCA;2009;21;1.773;404;404
Univ.;1015;U. DE TALCA;2008;20;1.798;281;281
Univ.;1015;U. DE TALCA;2007;26;1.976;240;210
Univ.;1015;U. DE TALCA;2006;18;1.332;136;136
Univ.;1015;U. DE TALCA;2005;18;1.332;189;189
Univ.;1015;U. DE TALCA;2024;15;656;464;464
Univ.;1015;U. DE TALCA;2023;15;656;384;384
Univ.;1015;U. DE TALCA;2022;15;656;329;329
Univ.;1015;U. DE TALCA;2021;15;656;329;329
Univ.;1015;U. DE TALCA;2020;15;656;198;198
Univ.;1015;U. DE TALCA;2019;4;210;119;119
Univ.;1015;U. DE TALCA;2018;3;152;119;119
Univ.;1015;U. DE TALCA;2017;3;152;82;82
Univ.;1015;U. DE TALCA;2016;2;100;90;90
Univ.;1015;U. DE TALCA;2015;2;100;51;51
Univ.;1015;U. DE TALCA;2014;2;100;49;49
Univ.;1015;U. DE TALCA;2024;13;615;547;547
Univ.;1015;U. DE TALCA;2023;13;615;804;804
Univ.;1015;U. DE TALCA;2022;13;615;604;604
Univ.;1015;U. DE TALCA;2021;13;615;604;604
Univ.;1015;U. DE TALCA;2020;13;615;524;524
Univ.;1015;U. DE TALCA;2019;8;399;428;428
Univ.;1015;U. DE TALCA;2018;7;313;422;422
Univ.;1015;U. DE TALCA;2017;7;313;295;295
Univ.;1015;U. DE TALCA;2016;7;301;190;190
Univ.;1015;U. DE TALCA;2015;3;117;104;104
Univ.;1015;U. DE TALCA;2014;1;s/i;121;121
Univ.;1015;U. DE TALCA;2013;1;s/i;20;20
Univ.;1015;U. DE TALCA;2012;1;s/i;18;18
Univ.;1015;U. DE TALCA;2011;s/i;s/i;15;15
Univ.;1015;U. DE TALCA;2010;s/i;s/i;15;15
Univ.;1015;U. DE TALCA;2009;s/i;s/i;15;15
Univ.;1015;U. DE TALCA;2008;s/i;s/i;15;15
Univ.;1015;U. DE TALCA;2007;1;20;22;22
Univ.;1015;U. DE TALCA;2006;1;20;16;16
Univ.;1015;U. DE TALCA;2005;1;20;6;6
Univ.;1015;U. DE TALCA;2024;507;16.289;7.061;7.061
Univ.;1015;U. DE TALCA;2023;390;15.674;10.979;10.979
Univ.;1015;U. DE TALCA;2022;492;15.111;8.115;8.115
Univ.;1015;U. DE TALCA;2021;492;15.111;8.115;8.115
Univ.;1015;U. DE TALCA;2020;492;15.111;6.897;6.897
Univ.;1015;U. DE TALCA;2019;308;14.493;5.794;5.794
Univ.;1015;U. DE TALCA;2018;314;14.730;4.719;4.719
Univ.;1015;U. DE TALCA;2017;164;14.223;4.813;4.813
Univ.;1015;U. DE TALCA;2016;158;13.448;4.894;4.894
Univ.;1015;U. DE TALCA;2015;211;12.703;4.900;400
Univ.;1015;U. DE TALCA;2014;169;18.653;4.451;4.451
Univ.;1015;U. DE TALCA;2013;169;18.653;4.055;4.055
Univ.;1015;U. DE TALCA;2012;169;18.653;2.905;2.905
Univ.;1015;U. DE TALCA;2011;162;18.653;3.120;3.120
Univ.;1015;U. DE TALCA;2010;161;18.653;3.060;3.060
Univ.;1015;U. DE TALCA;2009;161;18.653;2.401;2.401
Univ.;1015;U. DE TALCA;2008;169;18.632;1.202;1.202
Univ.;1015;U. DE TALCA;2007;166;19.285;659;647
Univ.;1015;U. DE TALCA;2006;160;18.955;634;634
Univ.;1015;U. DE TALCA;2005;119;16.521;540;540
Univ.;1016;U. GABRIELA MISTRAL;2024;22;537;169;169
Univ.;1016;U. GABRIELA MISTRAL;2023;10;486;100;100
Univ.;1016;U. GABRIELA MISTRAL;2022;9;420;100;100
Univ.;1016;U. GABRIELA MISTRAL;2021;33;1.188;138;138
Univ.;1016;U. GABRIELA MISTRAL;2020;33;1.188;138;138
Univ.;1016;U. GABRIELA MISTRAL;2019;23;1.188;138;138
Univ.;1016;U. GABRIELA MISTRAL;2018;21;1.648;227;227
Univ.;1016;U. GABRIELA MISTRAL;2017;19;868;115;115
Univ.;1016;U. GABRIELA MISTRAL;2016;10;390;200;200
Univ.;1016;U. GABRIELA MISTRAL;2015;5;930;193;193
Univ.;1016;U. GABRIELA MISTRAL;2014;4;930;193;193
Univ.;1016;U. GABRIELA MISTRAL;2013;4;930;252;252
Univ.;1016;U. GABRIELA MISTRAL;2012;7;930;438;438
Univ.;1016;U. GABRIELA MISTRAL;2011;11;930;388;388
Univ.;1016;U. GABRIELA MISTRAL;2010;11;930;373;373
Univ.;1016;U. GABRIELA MISTRAL;2009;11;930;372;372
Univ.;1016;U. GABRIELA MISTRAL;2008;11;930;379;379
Univ.;1016;U. GABRIELA MISTRAL;2007;11;930;311;311
Univ.;1016;U. GABRIELA MISTRAL;2006;11;930;294;294
Univ.;1016;U. GABRIELA MISTRAL;2005;11;930;254;254
Univ.;1016;U. GABRIELA MISTRAL;2014;2;60;27;27
Univ.;1016;U. GABRIELA MISTRAL;2013;2;60;42;42
Univ.;1016;U. GABRIELA MISTRAL;2012;1;60;60;60
Univ.;1016;U. GABRIELA MISTRAL;2011;1;60;45;45
Univ.;1016;U. GABRIELA MISTRAL;2010;1;60;34;34
Univ.;1016;U. GABRIELA MISTRAL;2009;1;60;54;54
Univ.;1016;U. GABRIELA MISTRAL;2008;1;60;23;23
Univ.;1016;U. GABRIELA MISTRAL;2007;1;60;23;23
Univ.;1016;U. GABRIELA MISTRAL;2006;1;60;22;22
Univ.;1016;U. GABRIELA MISTRAL;2005;1;60;22;22
Univ.;1017;U. DIEGO PORTALES;2024;236;11.395;2.851;2.851
Univ.;1017;U. DIEGO PORTALES;2023;236;11.308;2.817;2.817
Univ.;1017;U. DIEGO PORTALES;2022;236;11.308;2.817;2.817
Univ.;1017;U. DIEGO PORTALES;2021;192;11.446;2.756;2.756
Univ.;1017;U. DIEGO PORTALES;2020;192;11.446;2.752;2.752
Univ.;1017;U. DIEGO PORTALES;2019;192;11.446;2.725;2.725
Univ.;1017;U. DIEGO PORTALES;2018;186;10.594;2.721;2.721
Univ.;1017;U. DIEGO PORTALES;2017;186;10.491;s/i;s/i
Univ.;1017;U. DIEGO PORTALES;2016;185;10.267;2.669;2.699
Univ.;1017;U. DIEGO PORTALES;2015;171;9.316;2.643;2.643
Univ.;1017;U. DIEGO PORTALES;2014;149;7.734;2.138;2.138
Univ.;1017;U. DIEGO PORTALES;2013;138;7.425;2.037;2.037
Univ.;1017;U. DIEGO PORTALES;2012;110;4.874;1.792;1.792
Univ.;1017;U. DIEGO PORTALES;2011;110;4.726;1.689;1.689
Univ.;1017;U. DIEGO PORTALES;2010;110;3.232;1.628;1.628
Univ.;1017;U. DIEGO PORTALES;2009;110;3.232;1.546;1.546
Univ.;1017;U. DIEGO PORTALES;2008;99;3.187;1.482;1.482
Univ.;1017;U. DIEGO PORTALES;2007;s/i;s/i;1.428;1.428
Univ.;1017;U. DIEGO PORTALES;2006;104;6.814;1.386;1.386
Univ.;1017;U. DIEGO PORTALES;2005;76;5.080;1.310;1.310
Univ.;1018;U. CENTRAL DE CHILE;2015;3;54;24;24
Univ.;1018;U. CENTRAL DE CHILE;2014;3;54;24;24
Univ.;1018;U. CENTRAL DE CHILE;2013;3;54;24;24
Univ.;1018;U. CENTRAL DE CHILE;2012;2;54;24;24
Univ.;1018;U. CENTRAL DE CHILE;2011;2;54;24;24
Univ.;1018;U. CENTRAL DE CHILE;2010;2;54;24;24
Univ.;1018;U. CENTRAL DE CHILE;2009;2;54;16;16
Univ.;1018;U. CENTRAL DE CHILE;2008;2;54;20;20
Univ.;1018;U. CENTRAL DE CHILE;2007;1;38;20;20
Univ.;1018;U. CENTRAL DE CHILE;2006;1;38;15;15
Univ.;1018;U. CENTRAL DE CHILE;2005;1;38;22;22
Univ.;1018;U. CENTRAL DE CHILE;2024;22;1.586;188;188
Univ.;1018;U. CENTRAL DE CHILE;2023;22;1.586;188;188
Univ.;1018;U. CENTRAL DE CHILE;2022;22;1.586;208;208
Univ.;1018;U. CENTRAL DE CHILE;2021;22;1.586;208;208
Univ.;1018;U. CENTRAL DE CHILE;2020;22;1.586;187;187
Univ.;1018;U. CENTRAL DE CHILE;2019;22;1.586;146;146
Univ.;1018;U. CENTRAL DE CHILE;2018;7;338;81;81
Univ.;1018;U. CENTRAL DE CHILE;2017;6;338;61;61
Univ.;1018;U. CENTRAL DE CHILE;2016;6;338;59;59
Univ.;1018;U. CENTRAL DE CHILE;2015;6;338;59;59
Univ.;1018;U. CENTRAL DE CHILE;2014;6;338;59;59
Univ.;1018;U. CENTRAL DE CHILE;2013;5;306;59;59
Univ.;1018;U. CENTRAL DE CHILE;2012;5;306;48;48
Univ.;1018;U. CENTRAL DE CHILE;2011;6;256;48;48
Univ.;1018;U. CENTRAL DE CHILE;2010;3;161;44;44
Univ.;1018;U. CENTRAL DE CHILE;2009;3;161;44;44
Univ.;1018;U. CENTRAL DE CHILE;2008;3;161;34;34
Univ.;1018;U. CENTRAL DE CHILE;2007;3;70;26;26
Univ.;1018;U. CENTRAL DE CHILE;2006;3;70;36;36
Univ.;1018;U. CENTRAL DE CHILE;2005;1;70;13;13
Univ.;1018;U. CENTRAL DE CHILE;2024;83;6.112;890;890
Univ.;1018;U. CENTRAL DE CHILE;2023;83;6.112;920;920
Univ.;1018;U. CENTRAL DE CHILE;2022;71;5.511;892;892
Univ.;1018;U. CENTRAL DE CHILE;2021;71;5.511;873;873
Univ.;1018;U. CENTRAL DE CHILE;2020;69;5.397;873;873
Univ.;1018;U. CENTRAL DE CHILE;2019;68;5.312;832;832
Univ.;1018;U. CENTRAL DE CHILE;2018;68;5.312;833;833
Univ.;1018;U. CENTRAL DE CHILE;2017;75;5.312;813;813
Univ.;1018;U. CENTRAL DE CHILE;2016;67;4.815;794;794
Univ.;1018;U. CENTRAL DE CHILE;2015;67;4.758;790;790
Univ.;1018;U. CENTRAL DE CHILE;2014;69;4.926;814;814
Univ.;1018;U. CENTRAL DE CHILE;2013;69;4.926;803;803
Univ.;1018;U. CENTRAL DE CHILE;2012;69;4.926;803;803
Univ.;1018;U. CENTRAL DE CHILE;2011;52;4.461;797;797
Univ.;1018;U. CENTRAL DE CHILE;2010;52;4.461;736;736
Univ.;1018;U. CENTRAL DE CHILE;2009;46;3.301;587;587
Univ.;1018;U. CENTRAL DE CHILE;2008;46;3.301;610;610
Univ.;1018;U. CENTRAL DE CHILE;2007;35;3.140;582;582
Univ.;1018;U. CENTRAL DE CHILE;2006;30;2.920;500;500
Univ.;1018;U. CENTRAL DE CHILE;2005;38;2.920;934;934
Univ.;1019;U. DE TARAPACÁ;2024;281;14.777;872;872
Univ.;1019;U. DE TARAPACÁ;2023;281;14.777;803;803
Univ.;1019;U. DE TARAPACÁ;2022;281;14.777;819;819
Univ.;1019;U. DE TARAPACÁ;2021;281;14.777;819;819
Univ.;1019;U. DE TARAPACÁ;2020;281;14.777;815;815
Univ.;1019;U. DE TARAPACÁ;2019;281;14.777;815;815
Univ.;1019;U. DE TARAPACÁ;2018;259;13.583;949;860
Univ.;1019;U. DE TARAPACÁ;2017;259;13.583;949;860
Univ.;1019;U. DE TARAPACÁ;2016;180;10.776;860;860
Univ.;1019;U. DE TARAPACÁ;2015;197;10.585;931;931
Univ.;1019;U. DE TARAPACÁ;2014;145;8.998;857;857
Univ.;1019;U. DE TARAPACÁ;2013;129;2.534;857;857
Univ.;1019;U. DE TARAPACÁ;2012;129;2.534;857;857
Univ.;1019;U. DE TARAPACÁ;2009;140;6.941;554;554
Univ.;1019;U. DE TARAPACÁ;2008;140;6.941;554;554
Univ.;1019;U. DE TARAPACÁ;2006;111;17.572;554;554
Univ.;1019;U. DE TARAPACÁ;2005;109;17.570;552;552
Univ.;1019;U. DE TARAPACÁ;2024;36;1.432;228;228
Univ.;1019;U. DE TARAPACÁ;2023;47;1.075;164;164
Univ.;1019;U. DE TARAPACÁ;2022;47;1.705;155;155
Univ.;1019;U. DE TARAPACÁ;2021;49;2.106;167;167
Univ.;1019;U. DE TARAPACÁ;2020;25;1.767;151;151
Univ.;1019;U. DE TARAPACÁ;2019;25;1.767;89;89
Univ.;1019;U. DE TARAPACÁ;2018;25;1.767;139;139
Univ.;1019;U. DE TARAPACÁ;2017;25;1.767;139;139
Univ.;1019;U. DE TARAPACÁ;2016;35;780;104;104
Univ.;1019;U. DE TARAPACÁ;2015;28;546;100;100
Univ.;1019;U. DE TARAPACÁ;2014;10;s/i;s/i;s/i
Univ.;1019;U. DE TARAPACÁ;2013;10;s/i;s/i;s/i
Univ.;1019;U. DE TARAPACÁ;2008;1;20;26;26
Univ.;1019;U. DE TARAPACÁ;2006;1;20;25;25
Univ.;1019;U. DE TARAPACÁ;2005;1;20;20;20
Univ.;1020;U. ARTURO PRAT;2024;5;177;30;30
Univ.;1020;U. ARTURO PRAT;2023;5;177;61;61
Univ.;1020;U. ARTURO PRAT;2022;5;177;51;51
Univ.;1020;U. ARTURO PRAT;2021;5;177;s/i;51
Univ.;1020;U. ARTURO PRAT;2020;5;177;51;51
Univ.;1020;U. ARTURO PRAT;2019;5;177;46;46
Univ.;1020;U. ARTURO PRAT;2018;6;206;46;46
Univ.;1020;U. ARTURO PRAT;2017;6;206;46;46
Univ.;1020;U. ARTURO PRAT;2016;6;206;44;44
Univ.;1020;U. ARTURO PRAT;2015;6;206;46;46
Univ.;1020;U. ARTURO PRAT;2013;5;3.626;27;27
Univ.;1020;U. ARTURO PRAT;2008;1;60;44;44
Univ.;1020;U. ARTURO PRAT;2007;1;60;20;20
Univ.;1020;U. ARTURO PRAT;2006;1;45;20;20
Univ.;1020;U. ARTURO PRAT;2005;1;36;20;20
Univ.;1020;U. ARTURO PRAT;2024;4;174;27;27
Univ.;1020;U. ARTURO PRAT;2023;4;174;114;114
Univ.;1020;U. ARTURO PRAT;2022;4;174;104;104
Univ.;1020;U. ARTURO PRAT;2021;4;174;104;104
Univ.;1020;U. ARTURO PRAT;2020;5;242;115;115
Univ.;1020;U. ARTURO PRAT;2019;5;193;94;94
Univ.;1020;U. ARTURO PRAT;2018;5;185;95;95
Univ.;1020;U. ARTURO PRAT;2017;5;185;95;95
Univ.;1020;U. ARTURO PRAT;2016;5;185;92;92
Univ.;1020;U. ARTURO PRAT;2015;5;185;86;86
Univ.;1020;U. ARTURO PRAT;2013;4;2.031;87;87
Univ.;1020;U. ARTURO PRAT;2008;2;107;34;34
Univ.;1020;U. ARTURO PRAT;2006;2;107;26;26
Univ.;1020;U. ARTURO PRAT;2005;2;107;26;26
Univ.;1020;U. ARTURO PRAT;2022;s/i;s/i;5;5
Univ.;1020;U. ARTURO PRAT;2021;3;155;98;98
Univ.;1020;U. ARTURO PRAT;2020;10;388;98;98
Univ.;1020;U. ARTURO PRAT;2019;10;387;81;81
Univ.;1020;U. ARTURO PRAT;2018;7;227;85;85
Univ.;1020;U. ARTURO PRAT;2017;6;180;50;50
Univ.;1020;U. ARTURO PRAT;2016;6;180;84;84
Univ.;1020;U. ARTURO PRAT;2015;6;180;87;87
Univ.;1020;U. ARTURO PRAT;2013;6;1.333;88;88
Univ.;1020;U. ARTURO PRAT;2008;1;50;32;32
Univ.;1020;U. ARTURO PRAT;2006;1;55;25;25
Univ.;1020;U. ARTURO PRAT;2005;1;35;20;20
Univ.;1020;U. ARTURO PRAT;2024;252;7.999;789;789
Univ.;1020;U. ARTURO PRAT;2023;252;7.999;789;789
Univ.;1020;U. ARTURO PRAT;2022;252;7.999;753;753
Univ.;1020;U. ARTURO PRAT;2021;253;7.993;510;510
Univ.;1020;U. ARTURO PRAT;2020;269;8.438;547;547
Univ.;1020;U. ARTURO PRAT;2019;238;7.162;565;565
Univ.;1020;U. ARTURO PRAT;2018;232;6.827;504;504
Univ.;1020;U. ARTURO PRAT;2017;192;6.235;472;472
Univ.;1020;U. ARTURO PRAT;2016;192;6.235;433;433
Univ.;1020;U. ARTURO PRAT;2015;112;4.491;456;456
Univ.;1020;U. ARTURO PRAT;2013;115;33.126;195;195
Univ.;1020;U. ARTURO PRAT;2008;104;5.354;415;415
Univ.;1020;U. ARTURO PRAT;2006;77;4.321;454;454
Univ.;1020;U. ARTURO PRAT;2005;77;4.321;454;454
Univ.;1020;U. ARTURO PRAT;2024;8;355;60;60
Univ.;1020;U. ARTURO PRAT;2023;8;355;152;152
Univ.;1020;U. ARTURO PRAT;2022;8;355;142;142
Univ.;1020;U. ARTURO PRAT;2021;8;355;142;142
Univ.;1020;U. ARTURO PRAT;2020;8;355;142;142
Univ.;1020;U. ARTURO PRAT;2019;7;312;141;141
Univ.;1020;U. ARTURO PRAT;2018;8;335;132;132
Univ.;1020;U. ARTURO PRAT;2017;8;305;132;132
Univ.;1020;U. ARTURO PRAT;2016;8;305;136;136
Univ.;1020;U. ARTURO PRAT;2015;8;305;132;132
Univ.;1020;U. ARTURO PRAT;2013;8;7.478;112;112
Univ.;1020;U. ARTURO PRAT;2008;3;100;92;92
Univ.;1020;U. ARTURO PRAT;2007;3;90;100;100
Univ.;1020;U. ARTURO PRAT;2024;51;1.482;244;244
Univ.;1020;U. ARTURO PRAT;2023;51;1.603;244;244
Univ.;1020;U. ARTURO PRAT;2022;51;1.603;234;234
Univ.;1020;U. ARTURO PRAT;2021;51;1.603;194;194
Univ.;1020;U. ARTURO PRAT;2020;43;1.482;190;190
Univ.;1020;U. ARTURO PRAT;2019;33;1.345;153;153
Univ.;1020;U. ARTURO PRAT;2018;32;1.318;145;145
Univ.;1020;U. ARTURO PRAT;2017;24;1.171;107;107
Univ.;1020;U. ARTURO PRAT;2016;20;1.130;145;145
Univ.;1020;U. ARTURO PRAT;2015;20;1.130;145;145
Univ.;1020;U. ARTURO PRAT;2013;16;8.939;138;138
Univ.;1020;U. ARTURO PRAT;2007;16;950;147;147
Univ.;1020;U. ARTURO PRAT;2006;16;894;160;160
Univ.;1020;U. ARTURO PRAT;2005;15;835;150;150
Univ.;1021;U. METROPOLITANA DE CIENCIAS DE LA EDUCACIÓN;2017;3;190;s/i;s/i
Univ.;1021;U. METROPOLITANA DE CIENCIAS DE LA EDUCACIÓN;2016;3;190;15;15
Univ.;1021;U. METROPOLITANA DE CIENCIAS DE LA EDUCACIÓN;2015;3;190;15;15
Univ.;1021;U. METROPOLITANA DE CIENCIAS DE LA EDUCACIÓN;2014;3;190;15;15
Univ.;1021;U. METROPOLITANA DE CIENCIAS DE LA EDUCACIÓN;2013;3;190;15;15
Univ.;1021;U. METROPOLITANA DE CIENCIAS DE LA EDUCACIÓN;2012;3;190;15;15
Univ.;1021;U. METROPOLITANA DE CIENCIAS DE LA EDUCACIÓN;2011;3;190;15;15
Univ.;1021;U. METROPOLITANA DE CIENCIAS DE LA EDUCACIÓN;2010;3;1.191;31;27
Univ.;1021;U. METROPOLITANA DE CIENCIAS DE LA EDUCACIÓN;2009;3;190;31;31
Univ.;1021;U. METROPOLITANA DE CIENCIAS DE LA EDUCACIÓN;2008;3;190;34;34
Univ.;1021;U. METROPOLITANA DE CIENCIAS DE LA EDUCACIÓN;2007;3;190;36;36
Univ.;1021;U. METROPOLITANA DE CIENCIAS DE LA EDUCACIÓN;2006;3;142;18;18
Univ.;1021;U. METROPOLITANA DE CIENCIAS DE LA EDUCACIÓN;2005;3;142;18;18
Univ.;1021;U. METROPOLITANA DE CIENCIAS DE LA EDUCACIÓN;2024;137;48.656;505;505
Univ.;1021;U. METROPOLITANA DE CIENCIAS DE LA EDUCACIÓN;2023;137;48.656;505;505
Univ.;1021;U. METROPOLITANA DE CIENCIAS DE LA EDUCACIÓN;2022;137;48.656;505;505
Univ.;1021;U. METROPOLITANA DE CIENCIAS DE LA EDUCACIÓN;2021;137;48.656;464;464
Univ.;1021;U. METROPOLITANA DE CIENCIAS DE LA EDUCACIÓN;2020;137;48.656;464;464
Univ.;1021;U. METROPOLITANA DE CIENCIAS DE LA EDUCACIÓN;2019;140;48.694;464;464
Univ.;1021;U. METROPOLITANA DE CIENCIAS DE LA EDUCACIÓN;2018;140;48.694;464;464
Univ.;1021;U. METROPOLITANA DE CIENCIAS DE LA EDUCACIÓN;2017;145;48.694;464;464
Univ.;1021;U. METROPOLITANA DE CIENCIAS DE LA EDUCACIÓN;2016;145;46.515;577;577
Univ.;1021;U. METROPOLITANA DE CIENCIAS DE LA EDUCACIÓN;2015;s/i;54.664;470;470
Univ.;1021;U. METROPOLITANA DE CIENCIAS DE LA EDUCACIÓN;2014;37;52.733;470;470
Univ.;1021;U. METROPOLITANA DE CIENCIAS DE LA EDUCACIÓN;2013;37;52.733;454;454
Univ.;1021;U. METROPOLITANA DE CIENCIAS DE LA EDUCACIÓN;2012;37;52.733;454;454
Univ.;1021;U. METROPOLITANA DE CIENCIAS DE LA EDUCACIÓN;2011;37;52.733;316;316
Univ.;1021;U. METROPOLITANA DE CIENCIAS DE LA EDUCACIÓN;2010;37;52.567;393;393
Univ.;1021;U. METROPOLITANA DE CIENCIAS DE LA EDUCACIÓN;2009;37;52.567;313;313
Univ.;1021;U. METROPOLITANA DE CIENCIAS DE LA EDUCACIÓN;2008;37;52.567;318;265
Univ.;1021;U. METROPOLITANA DE CIENCIAS DE LA EDUCACIÓN;2007;36;51.773;318;265
Univ.;1021;U. METROPOLITANA DE CIENCIAS DE LA EDUCACIÓN;2006;36;s/i;313;313
Univ.;1021;U. METROPOLITANA DE CIENCIAS DE LA EDUCACIÓN;2005;36;s/i;313;313
Univ.;1022;U. DE PLAYA ANCHA DE CIENCIAS DE LA EDUCACIÓN;2024;15;713;113;113
Univ.;1022;U. DE PLAYA ANCHA DE CIENCIAS DE LA EDUCACIÓN;2023;15;713;130;130
Univ.;1022;U. DE PLAYA ANCHA DE CIENCIAS DE LA EDUCACIÓN;2022;15;713;113;113
Univ.;1022;U. DE PLAYA ANCHA DE CIENCIAS DE LA EDUCACIÓN;2021;15;713;129;129
Univ.;1022;U. DE PLAYA ANCHA DE CIENCIAS DE LA EDUCACIÓN;2020;15;713;121;121
Univ.;1022;U. DE PLAYA ANCHA DE CIENCIAS DE LA EDUCACIÓN;2019;15;713;121;121
Univ.;1022;U. DE PLAYA ANCHA DE CIENCIAS DE LA EDUCACIÓN;2018;15;713;121;121
Univ.;1022;U. DE PLAYA ANCHA DE CIENCIAS DE LA EDUCACIÓN;2017;15;713;121;121
Univ.;1022;U. DE PLAYA ANCHA DE CIENCIAS DE LA EDUCACIÓN;2016;9;601;121;121
Univ.;1022;U. DE PLAYA ANCHA DE CIENCIAS DE LA EDUCACIÓN;2015;13;601;93;93
Univ.;1022;U. DE PLAYA ANCHA DE CIENCIAS DE LA EDUCACIÓN;2014;11;601;85;85
Univ.;1022;U. DE PLAYA ANCHA DE CIENCIAS DE LA EDUCACIÓN;2013;11;610;109;109
Univ.;1022;U. DE PLAYA ANCHA DE CIENCIAS DE LA EDUCACIÓN;2012;10;556;93;93
Univ.;1022;U. DE PLAYA ANCHA DE CIENCIAS DE LA EDUCACIÓN;2011;10;556;85;85
Univ.;1022;U. DE PLAYA ANCHA DE CIENCIAS DE LA EDUCACIÓN;2010;10;556;95;95
Univ.;1022;U. DE PLAYA ANCHA DE CIENCIAS DE LA EDUCACIÓN;2009;11;598;101;101
Univ.;1022;U. DE PLAYA ANCHA DE CIENCIAS DE LA EDUCACIÓN;2008;11;598;89;89
Univ.;1022;U. DE PLAYA ANCHA DE CIENCIAS DE LA EDUCACIÓN;2007;5;257;62;62
Univ.;1022;U. DE PLAYA ANCHA DE CIENCIAS DE LA EDUCACIÓN;2006;3;189;75;75
Univ.;1022;U. DE PLAYA ANCHA DE CIENCIAS DE LA EDUCACIÓN;2005;3;189;77;77
Univ.;1022;U. DE PLAYA ANCHA DE CIENCIAS DE LA EDUCACIÓN;2024;126;4.680;1.109;1.109
Univ.;1022;U. DE PLAYA ANCHA DE CIENCIAS DE LA EDUCACIÓN;2023;126;4.680;1.096;1.096
Univ.;1022;U. DE PLAYA ANCHA DE CIENCIAS DE LA EDUCACIÓN;2022;110;4.551;992;992
Univ.;1022;U. DE PLAYA ANCHA DE CIENCIAS DE LA EDUCACIÓN;2021;110;4.551;1.520;1.520
Univ.;1022;U. DE PLAYA ANCHA DE CIENCIAS DE LA EDUCACIÓN;2020;108;4.495;1.245;1.245
Univ.;1022;U. DE PLAYA ANCHA DE CIENCIAS DE LA EDUCACIÓN;2019;108;4.495;1.195;1.195
Univ.;1022;U. DE PLAYA ANCHA DE CIENCIAS DE LA EDUCACIÓN;2018;108;4.495;1.195;1.195
Univ.;1022;U. DE PLAYA ANCHA DE CIENCIAS DE LA EDUCACIÓN;2017;119;4.842;1.039;1.039
Univ.;1022;U. DE PLAYA ANCHA DE CIENCIAS DE LA EDUCACIÓN;2016;116;5.594;792;792
Univ.;1022;U. DE PLAYA ANCHA DE CIENCIAS DE LA EDUCACIÓN;2015;94;4.385;543;543
Univ.;1022;U. DE PLAYA ANCHA DE CIENCIAS DE LA EDUCACIÓN;2014;129;5.012;445;445
Univ.;1022;U. DE PLAYA ANCHA DE CIENCIAS DE LA EDUCACIÓN;2013;80;3.817;472;472
Univ.;1022;U. DE PLAYA ANCHA DE CIENCIAS DE LA EDUCACIÓN;2012;80;3.817;430;430
Univ.;1022;U. DE PLAYA ANCHA DE CIENCIAS DE LA EDUCACIÓN;2011;80;3.817;460;460
Univ.;1022;U. DE PLAYA ANCHA DE CIENCIAS DE LA EDUCACIÓN;2010;80;3.995;480;480
Univ.;1022;U. DE PLAYA ANCHA DE CIENCIAS DE LA EDUCACIÓN;2009;66;3.613;339;339
Univ.;1022;U. DE PLAYA ANCHA DE CIENCIAS DE LA EDUCACIÓN;2008;66;3.613;339;339
Univ.;1022;U. DE PLAYA ANCHA DE CIENCIAS DE LA EDUCACIÓN;2007;78;2.739;288;288
Univ.;1022;U. DE PLAYA ANCHA DE CIENCIAS DE LA EDUCACIÓN;2006;45;1.728;479;479
Univ.;1022;U. DE PLAYA ANCHA DE CIENCIAS DE LA EDUCACIÓN;2005;41;1.473;352;352
Univ.;1023;U. FINIS TERRAE;2024;207;10.107;721;721
Univ.;1023;U. FINIS TERRAE;2023;182;9.464;690;690
Univ.;1023;U. FINIS TERRAE;2022;178;8.805;644;644
Univ.;1023;U. FINIS TERRAE;2021;167;8.609;627;627
Univ.;1023;U. FINIS TERRAE;2020;154;7.847;627;627
Univ.;1023;U. FINIS TERRAE;2019;151;7.693;527;527
Univ.;1023;U. FINIS TERRAE;2018;150;8.577;480;480
Univ.;1023;U. FINIS TERRAE;2017;148;8.555;461;461
Univ.;1023;U. FINIS TERRAE;2016;146;8.545;399;399
Univ.;1023;U. FINIS TERRAE;2015;150;8.598;319;319
Univ.;1023;U. FINIS TERRAE;2014;147;8.354;405;405
Univ.;1023;U. FINIS TERRAE;2013;101;7.132;385;385
Univ.;1023;U. FINIS TERRAE;2012;172;5.793;264;264
Univ.;1023;U. FINIS TERRAE;2011;172;5.793;264;264
Univ.;1023;U. FINIS TERRAE;2010;162;4.999;246;246
Univ.;1023;U. FINIS TERRAE;2009;146;4.479;234;234
Univ.;1023;U. FINIS TERRAE;2008;146;2.926;203;203
Univ.;1023;U. FINIS TERRAE;2006;109;2.045;330;330
Univ.;1023;U. FINIS TERRAE;2005;80;3.916;312;286
Univ.;1024;U. LA REPÚBLICA;2024;1;34;s/i;s/i
Univ.;1024;U. LA REPÚBLICA;2023;6;170;47;47
Univ.;1024;U. LA REPÚBLICA;2022;6;170;s/i;s/i
Univ.;1024;U. LA REPÚBLICA;2018;6;170;54;54
Univ.;1024;U. LA REPÚBLICA;2017;5;153;58;58
Univ.;1024;U. LA REPÚBLICA;2016;5;153;58;58
Univ.;1024;U. LA REPÚBLICA;2015;5;135;42;42
Univ.;1024;U. LA REPÚBLICA;2014;2;100;10;10
Univ.;1024;U. LA REPÚBLICA;2010;2;197;12;12
Univ.;1024;U. LA REPÚBLICA;2007;2;197;12;12
Univ.;1024;U. LA REPÚBLICA;2006;2;92;14;14
Univ.;1024;U. LA REPÚBLICA;2005;2;70;18;18
Univ.;1024;U. LA REPÚBLICA;2022;1;57;s/i;s/i
Univ.;1024;U. LA REPÚBLICA;2023;3;135;s/i;s/i
Univ.;1024;U. LA REPÚBLICA;2022;3;135;s/i;s/i
Univ.;1024;U. LA REPÚBLICA;2018;3;135;s/i;s/i
Univ.;1024;U. LA REPÚBLICA;2017;3;135;18;18
Univ.;1024;U. LA REPÚBLICA;2016;3;135;18;18
Univ.;1024;U. LA REPÚBLICA;2015;2;99;6;6
Univ.;1024;U. LA REPÚBLICA;2014;3;150;22;22
Univ.;1024;U. LA REPÚBLICA;2024;7;276;s/i;s/i
Univ.;1024;U. LA REPÚBLICA;2023;7;276;s/i;s/i
Univ.;1024;U. LA REPÚBLICA;2022;7;276;s/i;s/i
Univ.;1024;U. LA REPÚBLICA;2018;5;328;30;30
Univ.;1024;U. LA REPÚBLICA;2017;5;328;30;30
Univ.;1024;U. LA REPÚBLICA;2016;5;328;30;30
Univ.;1024;U. LA REPÚBLICA;2015;5;204;40;40
Univ.;1024;U. LA REPÚBLICA;2014;1;55;s/i;s/i
Univ.;1024;U. LA REPÚBLICA;2013;4;68;6;6
Univ.;1024;U. LA REPÚBLICA;2010;5;475;23;23
Univ.;1024;U. LA REPÚBLICA;2007;5;475;23;23
Univ.;1024;U. LA REPÚBLICA;2006;4;137;26;26
Univ.;1024;U. LA REPÚBLICA;2005;4;137;26;26
Univ.;1024;U. LA REPÚBLICA;2024;1;34;7;s/i
Univ.;1024;U. LA REPÚBLICA;2023;1;s/i;7;s/i
Univ.;1024;U. LA REPÚBLICA;2022;2;94;s/i;s/i
Univ.;1024;U. LA REPÚBLICA;2018;1;61;s/i;s/i
Univ.;1024;U. LA REPÚBLICA;2017;1;13;2;2
Univ.;1024;U. LA REPÚBLICA;2016;1;13;2;2
Univ.;1024;U. LA REPÚBLICA;2015;4;113;s/i;s/i
Univ.;1024;U. LA REPÚBLICA;2014;2;82;5;5
Univ.;1024;U. LA REPÚBLICA;2007;5;285;118;118
Univ.;1024;U. LA REPÚBLICA;2006;5;189;77;38
Univ.;1024;U. LA REPÚBLICA;2005;3;112;38;38
Univ.;1024;U. LA REPÚBLICA;2007;1;55;15;15
Univ.;1024;U. LA REPÚBLICA;2006;1;55;15;15
Univ.;1024;U. LA REPÚBLICA;2005;1;40;15;15
Univ.;1024;U. LA REPÚBLICA;2024;2;74;5;s/i
Univ.;1024;U. LA REPÚBLICA;2023;2;74;5;s/i
Univ.;1024;U. LA REPÚBLICA;2022;3;212;s/i;s/i
Univ.;1024;U. LA REPÚBLICA;2018;3;212;23;23
Univ.;1024;U. LA REPÚBLICA;2017;3;212;10;10
Univ.;1024;U. LA REPÚBLICA;2016;3;212;10;10
Univ.;1024;U. LA REPÚBLICA;2015;3;212;9;9
Univ.;1024;U. LA REPÚBLICA;2013;1;42;s/i;s/i
Univ.;1024;U. LA REPÚBLICA;2007;7;343;35;35
Univ.;1024;U. LA REPÚBLICA;2006;6;285;35;35
Univ.;1024;U. LA REPÚBLICA;2005;6;264;35;35
Univ.;1024;U. LA REPÚBLICA;2024;1;24;s/i;s/i
Univ.;1024;U. LA REPÚBLICA;2023;1;24;s/i;s/i
Univ.;1024;U. LA REPÚBLICA;2022;1;24;s/i;s/i
Univ.;1024;U. LA REPÚBLICA;2018;3;116;s/i;s/i
Univ.;1024;U. LA REPÚBLICA;2017;2;84;s/i;s/i
Univ.;1024;U. LA REPÚBLICA;2016;2;84;s/i;s/i
Univ.;1024;U. LA REPÚBLICA;2015;1;42;s/i;s/i
Univ.;1024;U. LA REPÚBLICA;2014;1;41;s/i;s/i
Univ.;1024;U. LA REPÚBLICA;2013;1;42;s/i;s/i
Univ.;1024;U. LA REPÚBLICA;2012;1;30;s/i;s/i
Univ.;1024;U. LA REPÚBLICA;2007;8;754;80;80
Univ.;1024;U. LA REPÚBLICA;2006;8;754;80;80
Univ.;1024;U. LA REPÚBLICA;2005;8;162;70;70
Univ.;1024;U. LA REPÚBLICA;2024;1;35;s/i;s/i
Univ.;1024;U. LA REPÚBLICA;2023;5;222;21;s/i
Univ.;1024;U. LA REPÚBLICA;2022;5;222;s/i;s/i
Univ.;1024;U. LA REPÚBLICA;2018;4;279;21;21
Univ.;1024;U. LA REPÚBLICA;2017;4;279;18;18
Univ.;1024;U. LA REPÚBLICA;2016;4;279;18;18
Univ.;1024;U. LA REPÚBLICA;2015;4;279;14;14
Univ.;1024;U. LA REPÚBLICA;2014;5;100;19;19
Univ.;1024;U. LA REPÚBLICA;2013;2;88;25;25
Univ.;1024;U. LA REPÚBLICA;2011;2;80;20;20
Univ.;1024;U. LA REPÚBLICA;2011;1;24;10;10
Univ.;1024;U. LA REPÚBLICA;2010;1;24;10;10
Univ.;1024;U. LA REPÚBLICA;2007;1;24;10;10
Univ.;1024;U. LA REPÚBLICA;2006;1;23;14;14
Univ.;1024;U. LA REPÚBLICA;2005;1;25;14;14
Univ.;1024;U. LA REPÚBLICA;2024;3;176;s/i;s/i
Univ.;1024;U. LA REPÚBLICA;2023;1;40;s/i;s/i
Univ.;1024;U. LA REPÚBLICA;2022;1;40;s/i;s/i
Univ.;1024;U. LA REPÚBLICA;2018;4;196;s/i;s/i
Univ.;1024;U. LA REPÚBLICA;2017;4;199;s/i;s/i
Univ.;1024;U. LA REPÚBLICA;2016;3;169;s/i;s/i
Univ.;1024;U. LA REPÚBLICA;2015;6;264;s/i;s/i
Univ.;1024;U. LA REPÚBLICA;2014;6;228;6;6
Univ.;1024;U. LA REPÚBLICA;2007;15;1.041;200;200
Univ.;1024;U. LA REPÚBLICA;2006;15;1.041;200;200
Univ.;1024;U. LA REPÚBLICA;2005;15;1.041;200;200
Univ.;1024;U. LA REPÚBLICA;2023;1;54;s/i;s/i
Univ.;1024;U. LA REPÚBLICA;2022;1;54;s/i;s/i
Univ.;1024;U. LA REPÚBLICA;2018;3;55;s/i;s/i
Univ.;1024;U. LA REPÚBLICA;2017;3;55;s/i;s/i
Univ.;1024;U. LA REPÚBLICA;2016;2;39;s/i;s/i
Univ.;1024;U. LA REPÚBLICA;2015;1;29;s/i;s/i
Univ.;1024;U. LA REPÚBLICA;2023;4;156;s/i;s/i
Univ.;1024;U. LA REPÚBLICA;2022;6;323;s/i;s/i
Univ.;1024;U. LA REPÚBLICA;2018;2;84;18;18
Univ.;1024;U. LA REPÚBLICA;2017;3;102;12;12
Univ.;1024;U. LA REPÚBLICA;2016;4;190;12;12
Univ.;1024;U. LA REPÚBLICA;2015;1;12;6;s/i
Univ.;1025;U. MAYOR;2024;306;21.342;2.021;2.021
Univ.;1025;U. MAYOR;2023;306;21.342;2.961;2.961
Univ.;1025;U. MAYOR;2022;315;21.548;2.244;2.244
Univ.;1025;U. MAYOR;2021;296;20.820;2.244;2.244
Univ.;1025;U. MAYOR;2020;293;20.605;2.223;2.223
Univ.;1025;U. MAYOR;2019;271;20.252;2.472;2.472
Univ.;1025;U. MAYOR;2018;257;18.384;2.028;2.028
Univ.;1025;U. MAYOR;2017;258;18.418;2.028;2.028
Univ.;1025;U. MAYOR;2016;250;18.116;2.058;2.058
Univ.;1025;U. MAYOR;2015;250;16.810;1.757;1.757
Univ.;1025;U. MAYOR;2014;250;16.810;1.757;1.757
Univ.;1025;U. MAYOR;2013;349;16.284;1.608;1.608
Univ.;1025;U. MAYOR;2012;348;15.791;1.500;1.500
Univ.;1025;U. MAYOR;2011;346;15.346;1.500;1.500
Univ.;1025;U. MAYOR;2010;325;13.820;1.200;1.200
Univ.;1025;U. MAYOR;2009;325;13.820;1.200;1.200
Univ.;1025;U. MAYOR;2008;325;13.820;1.042;1.042
Univ.;1025;U. MAYOR;2007;319;12.174;838;838
Univ.;1025;U. MAYOR;2006;327;11.671;892;743
Univ.;1025;U. MAYOR;2005;276;9.320;670;658
Univ.;1025;U. MAYOR;2024;83;6.221;534;534
Univ.;1025;U. MAYOR;2023;83;6.221;661;661
Univ.;1025;U. MAYOR;2022;73;5.733;546;546
Univ.;1025;U. MAYOR;2021;72;5.387;546;546
Univ.;1025;U. MAYOR;2020;70;5.221;513;513
Univ.;1025;U. MAYOR;2019;70;5.221;448;448
Univ.;1025;U. MAYOR;2018;70;5.532;599;599
Univ.;1025;U. MAYOR;2017;66;5.278;599;599
Univ.;1025;U. MAYOR;2016;66;5.277;599;599
Univ.;1025;U. MAYOR;2015;68;5.251;625;625
Univ.;1025;U. MAYOR;2014;68;5.251;625;625
Univ.;1025;U. MAYOR;2013;147;3.678;539;539
Univ.;1025;U. MAYOR;2012;146;3.229;459;459
Univ.;1025;U. MAYOR;2011;144;3.059;428;428
Univ.;1025;U. MAYOR;2010;142;2.775;390;390
Univ.;1025;U. MAYOR;2009;142;2.775;390;390
Univ.;1025;U. MAYOR;2008;142;2.775;350;350
Univ.;1025;U. MAYOR;2007;132;2.775;321;321
Univ.;1025;U. MAYOR;2006;133;3.115;316;286
Univ.;1025;U. MAYOR;2005;19;1.416;252;252
Univ.;1026;U. ACADEMIA DE HUMANISMO CRISTIANO;2024;63;s/i;244;244
Univ.;1026;U. ACADEMIA DE HUMANISMO CRISTIANO;2023;34;1.386;244;244
Univ.;1026;U. ACADEMIA DE HUMANISMO CRISTIANO;2022;28;1.010;312;312
Univ.;1026;U. ACADEMIA DE HUMANISMO CRISTIANO;2020;28;1.010;312;312
Univ.;1026;U. ACADEMIA DE HUMANISMO CRISTIANO;2019;20;769;312;312
Univ.;1026;U. ACADEMIA DE HUMANISMO CRISTIANO;2018;20;769;312;312
Univ.;1026;U. ACADEMIA DE HUMANISMO CRISTIANO;2017;20;769;312;312
Univ.;1026;U. ACADEMIA DE HUMANISMO CRISTIANO;2016;17;517;216;216
Univ.;1026;U. ACADEMIA DE HUMANISMO CRISTIANO;2015;18;675;252;252
Univ.;1026;U. ACADEMIA DE HUMANISMO CRISTIANO;2014;18;605;226;226
Univ.;1026;U. ACADEMIA DE HUMANISMO CRISTIANO;2013;18;605;226;226
Univ.;1026;U. ACADEMIA DE HUMANISMO CRISTIANO;2012;17;605;226;226
Univ.;1026;U. ACADEMIA DE HUMANISMO CRISTIANO;2011;17;605;206;206
Univ.;1026;U. ACADEMIA DE HUMANISMO CRISTIANO;2010;16;555;170;170
Univ.;1026;U. ACADEMIA DE HUMANISMO CRISTIANO;2009;14;788;199;199
Univ.;1026;U. ACADEMIA DE HUMANISMO CRISTIANO;2008;14;788;199;199
Univ.;1026;U. ACADEMIA DE HUMANISMO CRISTIANO;2007;8;650;533;533
Univ.;1026;U. ACADEMIA DE HUMANISMO CRISTIANO;2006;8;650;500;500
Univ.;1026;U. ACADEMIA DE HUMANISMO CRISTIANO;2005;8;650;450;450
Univ.;1027;U. BOLIVARIANA;2016;2;39;20;20
Univ.;1027;U. BOLIVARIANA;2015;2;39;20;20
Univ.;1027;U. BOLIVARIANA;2014;2;39;20;20
Univ.;1027;U. BOLIVARIANA;2019;1;25;15;15
Univ.;1027;U. BOLIVARIANA;2018;1;25;15;15
Univ.;1027;U. BOLIVARIANA;2017;1;53;30;25
Univ.;1027;U. BOLIVARIANA;2016;1;35;23;23
Univ.;1027;U. BOLIVARIANA;2015;1;35;23;20
Univ.;1027;U. BOLIVARIANA;2014;1;35;23;11
Univ.;1027;U. BOLIVARIANA;2013;1;19;11;11
Univ.;1027;U. BOLIVARIANA;2009;1;24;12;12
Univ.;1027;U. BOLIVARIANA;2007;1;40;10;10
Univ.;1027;U. BOLIVARIANA;2024;3;195;21;21
Univ.;1027;U. BOLIVARIANA;2023;3;195;21;21
Univ.;1027;U. BOLIVARIANA;2022;3;195;21;21
Univ.;1027;U. BOLIVARIANA;2021;6;398;21;21
Univ.;1027;U. BOLIVARIANA;2020;6;398;21;21
Univ.;1027;U. BOLIVARIANA;2019;6;398;21;21
Univ.;1027;U. BOLIVARIANA;2018;6;398;21;21
Univ.;1027;U. BOLIVARIANA;2016;14;730;35;35
Univ.;1027;U. BOLIVARIANA;2015;16;770;35;35
Univ.;1027;U. BOLIVARIANA;2014;14;730;35;35
Univ.;1027;U. BOLIVARIANA;2013;14;730;35;35
Univ.;1027;U. BOLIVARIANA;2024;1;31;s/i;s/i
Univ.;1027;U. BOLIVARIANA;2023;1;31;s/i;s/i
Univ.;1027;U. BOLIVARIANA;2022;3;128;20;20
Univ.;1027;U. BOLIVARIANA;2021;3;128;20;20
Univ.;1027;U. BOLIVARIANA;2020;3;128;20;20
Univ.;1027;U. BOLIVARIANA;2019;3;128;17;17
Univ.;1027;U. BOLIVARIANA;2018;3;128;17;17
Univ.;1027;U. BOLIVARIANA;2017;1;35;10;10
Univ.;1027;U. BOLIVARIANA;2016;1;35;10;10
Univ.;1027;U. BOLIVARIANA;2015;1;35;10;10
Univ.;1027;U. BOLIVARIANA;2014;1;35;10;10
Univ.;1027;U. BOLIVARIANA;2013;1;35;14;14
Univ.;1027;U. BOLIVARIANA;2010;2;92;26;26
Univ.;1027;U. BOLIVARIANA;2008;2;92;26;26
Univ.;1027;U. BOLIVARIANA;2007;2;92;26;26
Univ.;1027;U. BOLIVARIANA;2006;2;92;24;24
Univ.;1027;U. BOLIVARIANA;2005;2;92;24;24
Univ.;1027;U. BOLIVARIANA;2023;7;365;40;40
Univ.;1027;U. BOLIVARIANA;2022;7;365;40;40
Univ.;1027;U. BOLIVARIANA;2021;7;365;40;40
Univ.;1027;U. BOLIVARIANA;2020;7;365;40;40
Univ.;1027;U. BOLIVARIANA;2019;7;365;40;40
Univ.;1027;U. BOLIVARIANA;2018;8;423;61;61
Univ.;1027;U. BOLIVARIANA;2017;2;107;40;40
Univ.;1027;U. BOLIVARIANA;2016;2;107;40;40
Univ.;1027;U. BOLIVARIANA;2015;2;107;20;20
Univ.;1027;U. BOLIVARIANA;2014;2;107;20;20
Univ.;1027;U. BOLIVARIANA;2013;2;58;20;20
Univ.;1027;U. BOLIVARIANA;2009;1;43;15;15
Univ.;1027;U. BOLIVARIANA;2008;1;43;10;10
Univ.;1027;U. BOLIVARIANA;2007;1;43;10;10
Univ.;1027;U. BOLIVARIANA;2006;1;23;3;3
Univ.;1027;U. BOLIVARIANA;2019;1;39;20;20
Univ.;1027;U. BOLIVARIANA;2018;1;39;20;20
Univ.;1027;U. BOLIVARIANA;2017;2;68;20;20
Univ.;1027;U. BOLIVARIANA;2016;2;68;20;20
Univ.;1027;U. BOLIVARIANA;2015;2;68;20;20
Univ.;1027;U. BOLIVARIANA;2014;2;68;20;20
Univ.;1027;U. BOLIVARIANA;2005;2;105;22;22
Univ.;1027;U. BOLIVARIANA;2024;5;161;56;56
Univ.;1027;U. BOLIVARIANA;2023;5;161;56;56
Univ.;1027;U. BOLIVARIANA;2022;5;161;56;56
Univ.;1027;U. BOLIVARIANA;2021;5;161;56;56
Univ.;1027;U. BOLIVARIANA;2020;5;161;56;56
Univ.;1027;U. BOLIVARIANA;2019;5;161;56;56
Univ.;1027;U. BOLIVARIANA;2018;4;123;56;56
Univ.;1027;U. BOLIVARIANA;2017;3;139;40;40
Univ.;1027;U. BOLIVARIANA;2016;3;123;28;28
Univ.;1027;U. BOLIVARIANA;2015;5;125;28;28
Univ.;1027;U. BOLIVARIANA;2014;7;228;40;40
Univ.;1027;U. BOLIVARIANA;2013;7;228;40;40
Univ.;1027;U. BOLIVARIANA;2010;3;119;32;32
Univ.;1027;U. BOLIVARIANA;2009;3;119;19;32
Univ.;1027;U. BOLIVARIANA;2008;3;119;19;32
Univ.;1027;U. BOLIVARIANA;2007;3;119;19;19
Univ.;1027;U. BOLIVARIANA;2006;3;99;19;19
Univ.;1027;U. BOLIVARIANA;2005;3;99;19;19
Univ.;1027;U. BOLIVARIANA;2023;5;229;40;40
Univ.;1027;U. BOLIVARIANA;2022;6;283;58;58
Univ.;1027;U. BOLIVARIANA;2021;6;283;58;58
Univ.;1027;U. BOLIVARIANA;2020;6;283;58;58
Univ.;1027;U. BOLIVARIANA;2019;6;283;58;58
Univ.;1027;U. BOLIVARIANA;2018;3;186;34;34
Univ.;1027;U. BOLIVARIANA;2016;1;54;18;18
Univ.;1027;U. BOLIVARIANA;2015;1;34;18;18
Univ.;1027;U. BOLIVARIANA;2014;1;34;18;18
Univ.;1027;U. BOLIVARIANA;2013;1;34;18;18
Univ.;1027;U. BOLIVARIANA;2010;1;117;44;44
Univ.;1027;U. BOLIVARIANA;2009;1;117;44;44
Univ.;1027;U. BOLIVARIANA;2008;1;117;18;18
Univ.;1027;U. BOLIVARIANA;2007;1;117;15;15
Univ.;1027;U. BOLIVARIANA;2006;1;117;4;4
Univ.;1027;U. BOLIVARIANA;2024;1;28;15;15
Univ.;1027;U. BOLIVARIANA;2023;1;28;15;15
Univ.;1027;U. BOLIVARIANA;2022;3;92;27;27
Univ.;1027;U. BOLIVARIANA;2021;2;64;35;35
Univ.;1027;U. BOLIVARIANA;2020;3;92;50;50
Univ.;1027;U. BOLIVARIANA;2019;3;92;50;50
Univ.;1027;U. BOLIVARIANA;2018;3;92;50;50
Univ.;1027;U. BOLIVARIANA;2017;s/i;s/i;47;47
Univ.;1027;U. BOLIVARIANA;2016;s/i;s/i;47;47
Univ.;1027;U. BOLIVARIANA;2015;s/i;s/i;44;44
Univ.;1027;U. BOLIVARIANA;2014;7;327;26;26
Univ.;1027;U. BOLIVARIANA;2013;7;327;28;28
Univ.;1027;U. BOLIVARIANA;2009;8;395;120;105
Univ.;1027;U. BOLIVARIANA;2008;6;295;100;90
Univ.;1027;U. BOLIVARIANA;2007;6;295;92;92
Univ.;1027;U. BOLIVARIANA;2006;9;382;71;70
Univ.;1027;U. BOLIVARIANA;2005;9;382;71;70
Univ.;1027;U. BOLIVARIANA;2022;2;40;11;11
Univ.;1027;U. BOLIVARIANA;2021;2;40;11;11
Univ.;1027;U. BOLIVARIANA;2020;2;40;11;11
Univ.;1027;U. BOLIVARIANA;2019;2;40;11;11
Univ.;1027;U. BOLIVARIANA;2018;2;40;11;11
Univ.;1027;U. BOLIVARIANA;2017;1;29;15;15
Univ.;1027;U. BOLIVARIANA;2016;4;210;57;57
Univ.;1027;U. BOLIVARIANA;2015;4;210;57;57
Univ.;1027;U. BOLIVARIANA;2014;7;213;57;57
Univ.;1027;U. BOLIVARIANA;2013;7;213;57;57
Univ.;1027;U. BOLIVARIANA;2010;2;100;30;30
Univ.;1027;U. BOLIVARIANA;2009;2;100;30;30
Univ.;1028;U. DEL BÍO-BÍO;2024;65;3.908;865;865
Univ.;1028;U. DEL BÍO-BÍO;2023;65;3.908;865;865
Univ.;1028;U. DEL BÍO-BÍO;2022;65;3.908;865;865
Univ.;1028;U. DEL BÍO-BÍO;2021;61;3.630;835;835
Univ.;1028;U. DEL BÍO-BÍO;2020;57;3.630;840;840
Univ.;1028;U. DEL BÍO-BÍO;2019;52;3.530;667;667
Univ.;1028;U. DEL BÍO-BÍO;2018;52;3.530;667;667
Univ.;1028;U. DEL BÍO-BÍO;2017;52;3.060;667;667
Univ.;1028;U. DEL BÍO-BÍO;2016;52;3.060;834;834
Univ.;1028;U. DEL BÍO-BÍO;2015;52;3.060;627;627
Univ.;1028;U. DEL BÍO-BÍO;2014;52;3.060;648;648
Univ.;1028;U. DEL BÍO-BÍO;2013;52;3.060;627;627
Univ.;1028;U. DEL BÍO-BÍO;2012;52;3.535;498;498
Univ.;1028;U. DEL BÍO-BÍO;2009;52;2.643;314;314
Univ.;1028;U. DEL BÍO-BÍO;2008;52;2.643;314;314
Univ.;1028;U. DEL BÍO-BÍO;2007;52;2.636;246;246
Univ.;1028;U. DEL BÍO-BÍO;2006;14;3.586;206;206
Univ.;1028;U. DEL BÍO-BÍO;2005;14;3.586;195;195
Univ.;1028;U. DEL BÍO-BÍO;2024;110;9.425;1.478;1.478
Univ.;1028;U. DEL BÍO-BÍO;2023;110;9.425;1.478;1.478
Univ.;1028;U. DEL BÍO-BÍO;2022;110;9.425;1.478;1.478
Univ.;1028;U. DEL BÍO-BÍO;2021;110;9.425;1.304;1.304
Univ.;1028;U. DEL BÍO-BÍO;2020;109;9.355;1.238;1.238
Univ.;1028;U. DEL BÍO-BÍO;2019;120;9.320;1.038;1.038
Univ.;1028;U. DEL BÍO-BÍO;2018;120;9.320;1.038;1.038
Univ.;1028;U. DEL BÍO-BÍO;2017;120;9.250;969;969
Univ.;1028;U. DEL BÍO-BÍO;2016;129;9.250;1.460;1.460
Univ.;1028;U. DEL BÍO-BÍO;2015;129;9.250;940;940
Univ.;1028;U. DEL BÍO-BÍO;2014;129;9.250;876;876
Univ.;1028;U. DEL BÍO-BÍO;2013;129;9.250;786;786
Univ.;1028;U. DEL BÍO-BÍO;2012;129;8.655;610;610
Univ.;1028;U. DEL BÍO-BÍO;2009;129;10.950;643;643
Univ.;1028;U. DEL BÍO-BÍO;2008;129;10.950;643;643
Univ.;1028;U. DEL BÍO-BÍO;2007;130;10.918;534;534
Univ.;1028;U. DEL BÍO-BÍO;2006;65;5.630;493;493
Univ.;1028;U. DEL BÍO-BÍO;2005;65;5.630;416;416
Univ.;1029;U. DE LAS AMÉRICAS;2024;96;2.929;378;378
Univ.;1029;U. DE LAS AMÉRICAS;2023;81;5.004;389;389
Univ.;1029;U. DE LAS AMÉRICAS;2022;62;3.830;359;359
Univ.;1029;U. DE LAS AMÉRICAS;2021;60;3.707;381;381
Univ.;1029;U. DE LAS AMÉRICAS;2020;70;4.324;381;381
Univ.;1029;U. DE LAS AMÉRICAS;2019;72;4.448;381;381
Univ.;1029;U. DE LAS AMÉRICAS;2018;71;4.386;370;370
Univ.;1029;U. DE LAS AMÉRICAS;2017;74;2.596;338;338
Univ.;1029;U. DE LAS AMÉRICAS;2016;77;2.677;305;305
Univ.;1029;U. DE LAS AMÉRICAS;2015;67;2.645;310;310
Univ.;1029;U. DE LAS AMÉRICAS;2014;49;2.528;254;254
Univ.;1029;U. DE LAS AMÉRICAS;2013;47;2.538;250;250
Univ.;1029;U. DE LAS AMÉRICAS;2012;44;2.341;261;261
Univ.;1029;U. DE LAS AMÉRICAS;2011;41;2.245;255;255
Univ.;1029;U. DE LAS AMÉRICAS;2010;39;2.145;210;210
Univ.;1029;U. DE LAS AMÉRICAS;2009;39;2.145;210;210
Univ.;1029;U. DE LAS AMÉRICAS;2008;37;2.045;160;160
Univ.;1029;U. DE LAS AMÉRICAS;2006;23;1.807;192;192
Univ.;1029;U. DE LAS AMÉRICAS;2005;14;953;30;20
Univ.;1029;U. DE LAS AMÉRICAS;2024;327;15.391;2.008;2.008
Univ.;1029;U. DE LAS AMÉRICAS;2023;308;13.473;1.949;1.949
Univ.;1029;U. DE LAS AMÉRICAS;2022;267;11.680;1.837;1.837
Univ.;1029;U. DE LAS AMÉRICAS;2021;274;11.986;1.926;1.926
Univ.;1029;U. DE LAS AMÉRICAS;2020;277;12.177;1.888;1.888
Univ.;1029;U. DE LAS AMÉRICAS;2019;268;11.723;1.888;1.888
Univ.;1029;U. DE LAS AMÉRICAS;2018;278;12.161;1.902;1.902
Univ.;1029;U. DE LAS AMÉRICAS;2017;260;36.222;1.744;1.744
Univ.;1029;U. DE LAS AMÉRICAS;2016;264;12.418;1.595;1.595
Univ.;1029;U. DE LAS AMÉRICAS;2015;227;11.402;1.675;1.675
Univ.;1029;U. DE LAS AMÉRICAS;2014;230;14.859;1.827;1.827
Univ.;1029;U. DE LAS AMÉRICAS;2013;233;14.767;1.763;1.763
Univ.;1029;U. DE LAS AMÉRICAS;2012;165;11.209;1.408;1.408
Univ.;1029;U. DE LAS AMÉRICAS;2011;168;11.010;1.408;1.408
Univ.;1029;U. DE LAS AMÉRICAS;2010;165;10.766;1.377;1.377
Univ.;1029;U. DE LAS AMÉRICAS;2009;163;10.644;1.362;1.362
Univ.;1029;U. DE LAS AMÉRICAS;2008;161;10.522;1.346;1.346
Univ.;1029;U. DE LAS AMÉRICAS;2006;168;21.796;1.711;1.711
Univ.;1029;U. DE LAS AMÉRICAS;2005;104;6.814;512;512
Univ.;1029;U. DE LAS AMÉRICAS;2024;83;2.846;368;368
Univ.;1029;U. DE LAS AMÉRICAS;2023;82;3.964;378;378
Univ.;1029;U. DE LAS AMÉRICAS;2022;68;3.171;350;350
Univ.;1029;U. DE LAS AMÉRICAS;2021;68;3.171;361;361
Univ.;1029;U. DE LAS AMÉRICAS;2020;67;3.013;361;361
Univ.;1029;U. DE LAS AMÉRICAS;2019;64;3.043;361;361
Univ.;1029;U. DE LAS AMÉRICAS;2018;65;3.088;352;352
Univ.;1029;U. DE LAS AMÉRICAS;2017;75;19.195;338;338
Univ.;1029;U. DE LAS AMÉRICAS;2016;64;2.636;306;306
Univ.;1029;U. DE LAS AMÉRICAS;2015;56;2.289;309;309
Univ.;1029;U. DE LAS AMÉRICAS;2014;59;2.830;318;318
Univ.;1029;U. DE LAS AMÉRICAS;2013;59;2.817;366;366
Univ.;1029;U. DE LAS AMÉRICAS;2012;42;1.864;108;108
Univ.;1029;U. DE LAS AMÉRICAS;2011;42;2.087;108;108
Univ.;1029;U. DE LAS AMÉRICAS;2010;36;2.004;108;108
Univ.;1029;U. DE LAS AMÉRICAS;2009;33;1.962;108;108
Univ.;1029;U. DE LAS AMÉRICAS;2008;29;1.920;108;108
Univ.;1029;U. DE LAS AMÉRICAS;2006;20;1.303;138;138
Univ.;1030;U. ADOLFO IBÁÑEZ;2024;38;3.308;647;647
Univ.;1030;U. ADOLFO IBÁÑEZ;2023;38;3.308;694;694
Univ.;1030;U. ADOLFO IBÁÑEZ;2022;28;2.405;786;786
Univ.;1030;U. ADOLFO IBÁÑEZ;2021;28;2.465;830;830
Univ.;1030;U. ADOLFO IBÁÑEZ;2020;29;2.465;703;703
Univ.;1030;U. ADOLFO IBÁÑEZ;2019;29;2.465;687;687
Univ.;1030;U. ADOLFO IBÁÑEZ;2018;28;2.405;664;664
Univ.;1030;U. ADOLFO IBÁÑEZ;2017;28;2.405;670;670
Univ.;1030;U. ADOLFO IBÁÑEZ;2016;39;3.911;681;681
Univ.;1030;U. ADOLFO IBÁÑEZ;2015;77;2.570;795;795
Univ.;1030;U. ADOLFO IBÁÑEZ;2014;77;2.570;777;777
Univ.;1030;U. ADOLFO IBÁÑEZ;2013;83;3.700;766;766
Univ.;1030;U. ADOLFO IBÁÑEZ;2012;79;1.811;470;470
Univ.;1030;U. ADOLFO IBÁÑEZ;2011;79;1.811;459;459
Univ.;1030;U. ADOLFO IBÁÑEZ;2010;74;1.696;459;459
Univ.;1030;U. ADOLFO IBÁÑEZ;2009;74;1.696;422;422
Univ.;1030;U. ADOLFO IBÁÑEZ;2008;73;872;388;388
Univ.;1030;U. ADOLFO IBÁÑEZ;2007;39;804;367;367
Univ.;1030;U. ADOLFO IBÁÑEZ;2006;37;632;215;215
Univ.;1030;U. ADOLFO IBÁÑEZ;2005;37;632;192;192
Univ.;1030;U. ADOLFO IBÁÑEZ;2024;18;1.086;344;344
Univ.;1030;U. ADOLFO IBÁÑEZ;2023;18;1.086;334;334
Univ.;1030;U. ADOLFO IBÁÑEZ;2022;18;1.086;364;364
Univ.;1030;U. ADOLFO IBÁÑEZ;2021;18;1.086;364;364
Univ.;1030;U. ADOLFO IBÁÑEZ;2020;18;1.086;318;318
Univ.;1030;U. ADOLFO IBÁÑEZ;2019;18;1.086;315;315
Univ.;1030;U. ADOLFO IBÁÑEZ;2018;11;532;223;223
Univ.;1030;U. ADOLFO IBÁÑEZ;2017;11;532;228;228
Univ.;1030;U. ADOLFO IBÁÑEZ;2016;13;800;124;124
Univ.;1030;U. ADOLFO IBÁÑEZ;2015;44;522;251;251
Univ.;1030;U. ADOLFO IBÁÑEZ;2014;43;522;231;231
Univ.;1030;U. ADOLFO IBÁÑEZ;2013;44;910;205;205
Univ.;1030;U. ADOLFO IBÁÑEZ;2012;44;910;205;205
Univ.;1030;U. ADOLFO IBÁÑEZ;2011;44;910;194;194
Univ.;1030;U. ADOLFO IBÁÑEZ;2010;29;296;138;138
Univ.;1030;U. ADOLFO IBÁÑEZ;2009;29;296;138;138
Univ.;1030;U. ADOLFO IBÁÑEZ;2008;29;296;138;138
Univ.;1030;U. ADOLFO IBÁÑEZ;2007;15;403;147;147
Univ.;1030;U. ADOLFO IBÁÑEZ;2006;15;403;147;147
Univ.;1030;U. ADOLFO IBÁÑEZ;2005;15;403;143;143
Univ.;1031;U. ANDRÉS BELLO;2024;114;8.058;644;644
Univ.;1031;U. ANDRÉS BELLO;2023;113;7.950;679;679
Univ.;1031;U. ANDRÉS BELLO;2022;113;7.754;624;624
Univ.;1031;U. ANDRÉS BELLO;2021;107;7.278;624;624
Univ.;1031;U. ANDRÉS BELLO;2020;102;6.983;624;628
Univ.;1031;U. ANDRÉS BELLO;2019;96;6.910;624;624
Univ.;1031;U. ANDRÉS BELLO;2018;96;6.910;552;552
Univ.;1031;U. ANDRÉS BELLO;2017;72;5.357;517;517
Univ.;1031;U. ANDRÉS BELLO;2016;96;6.905;555;555
Univ.;1031;U. ANDRÉS BELLO;2015;40;1.039;1;1
Univ.;1031;U. ANDRÉS BELLO;2014;72;5.269;251;251
Univ.;1031;U. ANDRÉS BELLO;2013;72;3.898;248;248
Univ.;1031;U. ANDRÉS BELLO;2012;72;3.898;248;248
Univ.;1031;U. ANDRÉS BELLO;2011;32;2.574;248;248
Univ.;1031;U. ANDRÉS BELLO;2010;24;1.882;192;192
Univ.;1031;U. ANDRÉS BELLO;2009;11;840;130;130
Univ.;1031;U. ANDRÉS BELLO;2024;561;27.443;3.289;3.289
Univ.;1031;U. ANDRÉS BELLO;2023;507;25.579;3.061;3.061
Univ.;1031;U. ANDRÉS BELLO;2022;505;25.589;2.878;2.878
Univ.;1031;U. ANDRÉS BELLO;2021;482;25.825;2.878;2.878
Univ.;1031;U. ANDRÉS BELLO;2020;450;23.235;2.779;2.929
Univ.;1031;U. ANDRÉS BELLO;2019;556;24.229;2.779;2.779
Univ.;1031;U. ANDRÉS BELLO;2018;556;24.229;3.017;3.017
Univ.;1031;U. ANDRÉS BELLO;2017;451;17.604;2.779;2.779
Univ.;1031;U. ANDRÉS BELLO;2016;558;25.217;2.503;2.483
Univ.;1031;U. ANDRÉS BELLO;2015;277;2.034;1.998;1.998
Univ.;1031;U. ANDRÉS BELLO;2014;301;16.891;1.822;1.822
Univ.;1031;U. ANDRÉS BELLO;2013;296;15.291;1.492;1.492
Univ.;1031;U. ANDRÉS BELLO;2012;265;15.002;1.425;1.425
Univ.;1031;U. ANDRÉS BELLO;2011;208;15.930;1.425;1.425
Univ.;1031;U. ANDRÉS BELLO;2010;204;15.684;1.279;1.279
Univ.;1031;U. ANDRÉS BELLO;2009;196;15.105;1.217;1.217
Univ.;1031;U. ANDRÉS BELLO;2008;194;14.676;1.135;1.135
Univ.;1031;U. ANDRÉS BELLO;2007;459;13.084;1.081;1.016
Univ.;1031;U. ANDRÉS BELLO;2006;136;11.195;910;845
Univ.;1031;U. ANDRÉS BELLO;2005;116;s/i;851;759
Univ.;1031;U. ANDRÉS BELLO;2024;229;11.637;930;930
Univ.;1031;U. ANDRÉS BELLO;2023;225;11.485;1.050;1.050
Univ.;1031;U. ANDRÉS BELLO;2022;225;11.217;1.179;1.179
Univ.;1031;U. ANDRÉS BELLO;2021;225;10.886;1.179;1.179
Univ.;1031;U. ANDRÉS BELLO;2020;203;10.547;996;1.061
Univ.;1031;U. ANDRÉS BELLO;2019;183;10.404;996;996
Univ.;1031;U. ANDRÉS BELLO;2018;183;10.404;966;966
Univ.;1031;U. ANDRÉS BELLO;2017;136;8.141;962;962
Univ.;1031;U. ANDRÉS BELLO;2016;183;10.164;880;870
Univ.;1031;U. ANDRÉS BELLO;2015;173;1.657;881;881
Univ.;1031;U. ANDRÉS BELLO;2014;125;10.138;546;546
Univ.;1031;U. ANDRÉS BELLO;2013;103;9.244;536;536
Univ.;1031;U. ANDRÉS BELLO;2012;73;4.271;371;371
Univ.;1031;U. ANDRÉS BELLO;2011;51;4.184;371;371
Univ.;1031;U. ANDRÉS BELLO;2010;51;4.184;371;371
Univ.;1031;U. ANDRÉS BELLO;2009;50;4.171;431;431
Univ.;1031;U. ANDRÉS BELLO;2008;50;4.171;390;390
Univ.;1031;U. ANDRÉS BELLO;2007;44;3.633;286;240
Univ.;1031;U. ANDRÉS BELLO;2006;35;2.900;248;218
Univ.;1031;U. ANDRÉS BELLO;2005;21;s/i;193;170
Univ.;1032;U. DE ARTE Y CIENCIAS SOCIALES ARCIS;2007;1;63;10;7
Univ.;1032;U. DE ARTE Y CIENCIAS SOCIALES ARCIS;2005;1;63;10;7
Univ.;1032;U. DE ARTE Y CIENCIAS SOCIALES ARCIS;2009;2;64;26;26
Univ.;1032;U. DE ARTE Y CIENCIAS SOCIALES ARCIS;2008;2;64;26;26
Univ.;1032;U. DE ARTE Y CIENCIAS SOCIALES ARCIS;2007;1;20;18;18
Univ.;1032;U. DE ARTE Y CIENCIAS SOCIALES ARCIS;2006;1;90;24;21
Univ.;1032;U. DE ARTE Y CIENCIAS SOCIALES ARCIS;2005;3;90;27;12
Univ.;1032;U. DE ARTE Y CIENCIAS SOCIALES ARCIS;2009;3;111;21;21
Univ.;1032;U. DE ARTE Y CIENCIAS SOCIALES ARCIS;2008;3;111;21;21
Univ.;1032;U. DE ARTE Y CIENCIAS SOCIALES ARCIS;2007;8;239;22;22
Univ.;1032;U. DE ARTE Y CIENCIAS SOCIALES ARCIS;2006;6;206;31;31
Univ.;1032;U. DE ARTE Y CIENCIAS SOCIALES ARCIS;2006;1;17;4;4
Univ.;1032;U. DE ARTE Y CIENCIAS SOCIALES ARCIS;2005;1;17;4;4
Univ.;1032;U. DE ARTE Y CIENCIAS SOCIALES ARCIS;2006;1;12;3;3
Univ.;1032;U. DE ARTE Y CIENCIAS SOCIALES ARCIS;2005;1;45;15;s/i
Univ.;1032;U. DE ARTE Y CIENCIAS SOCIALES ARCIS;2009;s/i;s/i;6;6
Univ.;1032;U. DE ARTE Y CIENCIAS SOCIALES ARCIS;2008;s/i;s/i;6;6
Univ.;1032;U. DE ARTE Y CIENCIAS SOCIALES ARCIS;2006;3;120;11;11
Univ.;1032;U. DE ARTE Y CIENCIAS SOCIALES ARCIS;2005;1;45;20;20
Univ.;1032;U. DE ARTE Y CIENCIAS SOCIALES ARCIS;2009;82;4.678;261;227
Univ.;1032;U. DE ARTE Y CIENCIAS SOCIALES ARCIS;2008;82;4.678;261;227
Univ.;1032;U. DE ARTE Y CIENCIAS SOCIALES ARCIS;2007;17;827;276;256
Univ.;1032;U. DE ARTE Y CIENCIAS SOCIALES ARCIS;2006;13;710;370;370
Univ.;1032;U. DE ARTE Y CIENCIAS SOCIALES ARCIS;2005;13;710;350;350
Univ.;1032;U. DE ARTE Y CIENCIAS SOCIALES ARCIS;2009;8;348;40;40
Univ.;1032;U. DE ARTE Y CIENCIAS SOCIALES ARCIS;2008;4;109;40;40
Univ.;1032;U. DE ARTE Y CIENCIAS SOCIALES ARCIS;2007;8;287;40;40
Univ.;1032;U. DE ARTE Y CIENCIAS SOCIALES ARCIS;2006;7;275;31;31
Univ.;1032;U. DE ARTE Y CIENCIAS SOCIALES ARCIS;2005;5;225;21;21
Univ.;1033;U. ADVENTISTA DE CHILE;2024;56;2.265;105;105
Univ.;1033;U. ADVENTISTA DE CHILE;2023;50;1.911;105;105
Univ.;1033;U. ADVENTISTA DE CHILE;2022;46;1.746;103;103
Univ.;1033;U. ADVENTISTA DE CHILE;2021;30;1.244;103;103
Univ.;1033;U. ADVENTISTA DE CHILE;2020;29;1.178;103;103
Univ.;1033;U. ADVENTISTA DE CHILE;2019;29;1.178;98;98
Univ.;1033;U. ADVENTISTA DE CHILE;2018;29;961;92;92
Univ.;1033;U. ADVENTISTA DE CHILE;2017;28;929;98;98
Univ.;1033;U. ADVENTISTA DE CHILE;2016;28;929;98;98
Univ.;1033;U. ADVENTISTA DE CHILE;2015;25;872;94;94
Univ.;1033;U. ADVENTISTA DE CHILE;2014;25;872;94;94
Univ.;1033;U. ADVENTISTA DE CHILE;2013;12;717;86;86
Univ.;1033;U. ADVENTISTA DE CHILE;2012;12;717;110;110
Univ.;1033;U. ADVENTISTA DE CHILE;2011;12;717;110;110
Univ.;1033;U. ADVENTISTA DE CHILE;2010;12;717;110;110
Univ.;1033;U. ADVENTISTA DE CHILE;2009;12;717;110;110
Univ.;1033;U. ADVENTISTA DE CHILE;2008;11;653;103;103
Univ.;1033;U. ADVENTISTA DE CHILE;2007;12;673;106;106
Univ.;1033;U. ADVENTISTA DE CHILE;2006;11;633;93;93
Univ.;1033;U. ADVENTISTA DE CHILE;2005;4;443;78;78
Univ.;1034;U. DEL DESARROLLO;2024;97;5.853;528;528
Univ.;1034;U. DEL DESARROLLO;2023;92;5.513;517;517
Univ.;1034;U. DEL DESARROLLO;2022;98;5.768;526;526
Univ.;1034;U. DEL DESARROLLO;2021;87;5.700;634;634
Univ.;1034;U. DEL DESARROLLO;2020;96;5.818;518;518
Univ.;1034;U. DEL DESARROLLO;2019;94;5.806;524;524
Univ.;1034;U. DEL DESARROLLO;2018;92;5.743;491;491
Univ.;1034;U. DEL DESARROLLO;2017;96;5.774;472;472
Univ.;1034;U. DEL DESARROLLO;2016;92;5.675;525;525
Univ.;1034;U. DEL DESARROLLO;2015;91;5.940;525;525
Univ.;1034;U. DEL DESARROLLO;2014;91;5.940;525;525
Univ.;1034;U. DEL DESARROLLO;2013;91;5.906;460;460
Univ.;1034;U. DEL DESARROLLO;2012;90;5.719;458;458
Univ.;1034;U. DEL DESARROLLO;2011;100;6.030;495;495
Univ.;1034;U. DEL DESARROLLO;2010;99;7.356;446;446
Univ.;1034;U. DEL DESARROLLO;2009;88;5.275;441;472
Univ.;1034;U. DEL DESARROLLO;2008;92;5.562;439;439
Univ.;1034;U. DEL DESARROLLO;2007;85;5.239;379;379
Univ.;1034;U. DEL DESARROLLO;2006;54;3.899;292;280
Univ.;1034;U. DEL DESARROLLO;2005;46;3.486;268;248
Univ.;1034;U. DEL DESARROLLO;2024;271;12.474;940;940
Univ.;1034;U. DEL DESARROLLO;2023;236;12.821;954;954
Univ.;1034;U. DEL DESARROLLO;2022;248;13.827;885;885
Univ.;1034;U. DEL DESARROLLO;2021;227;10.981;950;950
Univ.;1034;U. DEL DESARROLLO;2020;219;11.193;789;789
Univ.;1034;U. DEL DESARROLLO;2019;202;10.479;755;755
Univ.;1034;U. DEL DESARROLLO;2018;202;11.392;713;713
Univ.;1034;U. DEL DESARROLLO;2017;194;10.832;668;668
Univ.;1034;U. DEL DESARROLLO;2016;165;9.209;735;735
Univ.;1034;U. DEL DESARROLLO;2015;163;8.938;735;735
Univ.;1034;U. DEL DESARROLLO;2014;163;8.937;735;735
Univ.;1034;U. DEL DESARROLLO;2013;171;8.746;720;720
Univ.;1034;U. DEL DESARROLLO;2012;187;8.882;761;761
Univ.;1034;U. DEL DESARROLLO;2011;180;10.201;682;682
Univ.;1034;U. DEL DESARROLLO;2010;115;7.853;586;586
Univ.;1034;U. DEL DESARROLLO;2009;98;7.322;586;597
Univ.;1034;U. DEL DESARROLLO;2008;83;5.360;545;545
Univ.;1034;U. DEL DESARROLLO;2007;63;4.442;492;492
Univ.;1034;U. DEL DESARROLLO;2006;57;4.301;369;355
Univ.;1034;U. DEL DESARROLLO;2005;53;3.987;304;281
Univ.;1035;U. SAN SEBASTIÁN;2024;210;12.130;404;404
Univ.;1035;U. SAN SEBASTIÁN;2023;196;11.273;524;524
Univ.;1035;U. SAN SEBASTIÁN;2022;222;8.989;455;455
Univ.;1035;U. SAN SEBASTIÁN;2021;159;8.963;455;455
Univ.;1035;U. SAN SEBASTIÁN;2020;159;8.963;455;455
Univ.;1035;U. SAN SEBASTIÁN;2019;133;9.415;424;424
Univ.;1035;U. SAN SEBASTIÁN;2018;133;9.415;424;424
Univ.;1035;U. SAN SEBASTIÁN;2017;75;9.415;462;462
Univ.;1035;U. SAN SEBASTIÁN;2016;75;9.415;462;462
Univ.;1035;U. SAN SEBASTIÁN;2015;75;9.415;462;462
Univ.;1035;U. SAN SEBASTIÁN;2014;75;10.010;453;453
Univ.;1035;U. SAN SEBASTIÁN;2013;75;10.010;485;485
Univ.;1035;U. SAN SEBASTIÁN;2012;75;10.010;485;485
Univ.;1035;U. SAN SEBASTIÁN;2007;57;3.561;568;568
Univ.;1035;U. SAN SEBASTIÁN;2006;31;2.782;300;280
Univ.;1035;U. SAN SEBASTIÁN;2005;31;2.782;256;256
Univ.;1035;U. SAN SEBASTIÁN;2021;5;1.302;s/i;s/i
Univ.;1035;U. SAN SEBASTIÁN;2020;5;1.302;20;20
Univ.;1035;U. SAN SEBASTIÁN;2019;5;1.302;20;20
Univ.;1035;U. SAN SEBASTIÁN;2018;5;1.302;20;20
Univ.;1035;U. SAN SEBASTIÁN;2017;5;1.302;20;20
Univ.;1035;U. SAN SEBASTIÁN;2016;5;1.302;20;20
Univ.;1035;U. SAN SEBASTIÁN;2015;5;1.302;20;20
Univ.;1035;U. SAN SEBASTIÁN;2014;5;1.002;20;20
Univ.;1035;U. SAN SEBASTIÁN;2013;5;1.002;20;20
Univ.;1035;U. SAN SEBASTIÁN;2012;5;1.002;20;20
Univ.;1035;U. SAN SEBASTIÁN;2007;15;1.294;100;100
Univ.;1035;U. SAN SEBASTIÁN;2006;18;1.294;65;65
Univ.;1035;U. SAN SEBASTIÁN;2005;18;1.294;60;60
Univ.;1035;U. SAN SEBASTIÁN;2024;140;7.001;166;166
Univ.;1035;U. SAN SEBASTIÁN;2023;127;6.821;232;232
Univ.;1035;U. SAN SEBASTIÁN;2022;63;4.018;242;242
Univ.;1035;U. SAN SEBASTIÁN;2021;60;3.771;242;242
Univ.;1035;U. SAN SEBASTIÁN;2020;60;3.771;242;242
Univ.;1035;U. SAN SEBASTIÁN;2019;57;3.689;224;224
Univ.;1035;U. SAN SEBASTIÁN;2018;59;3.548;162;162
Univ.;1035;U. SAN SEBASTIÁN;2017;43;3.429;162;162
Univ.;1035;U. SAN SEBASTIÁN;2016;43;3.429;162;162
Univ.;1035;U. SAN SEBASTIÁN;2015;43;3.429;162;162
Univ.;1035;U. SAN SEBASTIÁN;2014;39;3.429;156;156
Univ.;1035;U. SAN SEBASTIÁN;2013;33;3.429;167;167
Univ.;1035;U. SAN SEBASTIÁN;2012;33;2.139;167;167
Univ.;1035;U. SAN SEBASTIÁN;2007;27;3.143;166;166
Univ.;1035;U. SAN SEBASTIÁN;2006;27;2.104;120;120
Univ.;1035;U. SAN SEBASTIÁN;2005;25;1.939;101;101
Univ.;1035;U. SAN SEBASTIÁN;2024;301;16.126;463;463
Univ.;1035;U. SAN SEBASTIÁN;2023;171;12.350;804;804
Univ.;1035;U. SAN SEBASTIÁN;2022;188;11.660;1.084;1.160
Univ.;1035;U. SAN SEBASTIÁN;2021;126;8.768;1.084;1.160
Univ.;1035;U. SAN SEBASTIÁN;2020;129;9.213;914;914
Univ.;1035;U. SAN SEBASTIÁN;2019;103;6.444;415;415
Univ.;1035;U. SAN SEBASTIÁN;2018;33;1.218;415;415
Univ.;1035;U. SAN SEBASTIÁN;2017;97;6.423;453;453
Univ.;1035;U. SAN SEBASTIÁN;2016;62;6.189;712;712
Univ.;1035;U. SAN SEBASTIÁN;2015;74;6.189;712;712
Univ.;1035;U. SAN SEBASTIÁN;2014;74;6.189;696;696
Univ.;1035;U. SAN SEBASTIÁN;2013;58;6.189;813;813
Univ.;1035;U. SAN SEBASTIÁN;2012;58;4.201;813;813
Univ.;1035;U. SAN SEBASTIÁN;2007;11;621;160;160
Univ.;1035;U. SAN SEBASTIÁN;2006;5;406;31;31
Univ.;1035;U. SAN SEBASTIÁN;2007;6;461;185;185
Univ.;1035;U. SAN SEBASTIÁN;2006;4;461;60;60
Univ.;1035;U. SAN SEBASTIÁN;2005;4;461;54;54
Univ.;1035;U. SAN SEBASTIÁN;2024;77;3.734;156;156
Univ.;1035;U. SAN SEBASTIÁN;2023;60;3.239;128;128
Univ.;1035;U. SAN SEBASTIÁN;2022;63;2.307;130;130
Univ.;1035;U. SAN SEBASTIÁN;2021;22;1.056;130;130
Univ.;1035;U. SAN SEBASTIÁN;2020;22;1.056;165;165
Univ.;1035;U. SAN SEBASTIÁN;2019;22;1.255;165;165
Univ.;1035;U. SAN SEBASTIÁN;2018;22;1.255;165;165
Univ.;1035;U. SAN SEBASTIÁN;2017;14;1.255;165;165
Univ.;1035;U. SAN SEBASTIÁN;2016;14;1.255;165;165
Univ.;1035;U. SAN SEBASTIÁN;2015;14;1.255;165;165
Univ.;1035;U. SAN SEBASTIÁN;2014;26;1.255;165;165
Univ.;1035;U. SAN SEBASTIÁN;2013;26;1.255;123;123
Univ.;1035;U. SAN SEBASTIÁN;2012;26;1.255;123;123
Univ.;1035;U. SAN SEBASTIÁN;2007;14;711;141;141
Univ.;1035;U. SAN SEBASTIÁN;2006;12;588;65;65
Univ.;1035;U. SAN SEBASTIÁN;2005;8;499;62;62
Univ.;1036;U. UCINF;2009;4;100;35;35
Univ.;1036;U. UCINF;2008;4;100;35;35
Univ.;1036;U. UCINF;2007;4;59;33;33
Univ.;1036;U. UCINF;2006;3;379;10;10
Univ.;1036;U. UCINF;2005;4;114;29;29
Univ.;1036;U. UCINF;2017;5;194;115;115
Univ.;1036;U. UCINF;2016;37;1.762;248;248
Univ.;1036;U. UCINF;2015;29;1.463;323;323
Univ.;1036;U. UCINF;2014;35;1.331;492;470
Univ.;1036;U. UCINF;2013;41;2.566;606;586
Univ.;1036;U. UCINF;2012;39;2.631;646;646
Univ.;1036;U. UCINF;2010;24;1.041;367;367
Univ.;1036;U. UCINF;2009;34;1.280;428;428
Univ.;1036;U. UCINF;2008;34;1.280;428;428
Univ.;1036;U. UCINF;2007;42;1.209;450;450
Univ.;1036;U. UCINF;2006;26;1.283;380;380
Univ.;1036;U. UCINF;2005;16;1.586;253;253
Univ.;1037;U. AUTÓNOMA DE CHILE;2024;215;7.483;871;871
Univ.;1037;U. AUTÓNOMA DE CHILE;2023;199;7.345;789;789
Univ.;1037;U. AUTÓNOMA DE CHILE;2022;200;7.257;796;796
Univ.;1037;U. AUTÓNOMA DE CHILE;2021;190;6.767;768;768
Univ.;1037;U. AUTÓNOMA DE CHILE;2020;190;6.767;768;768
Univ.;1037;U. AUTÓNOMA DE CHILE;2019;190;6.767;768;768
Univ.;1037;U. AUTÓNOMA DE CHILE;2018;190;6.767;771;771
Univ.;1037;U. AUTÓNOMA DE CHILE;2017;99;7.432;444;444
Univ.;1037;U. AUTÓNOMA DE CHILE;2016;99;7.432;568;568
Univ.;1037;U. AUTÓNOMA DE CHILE;2015;78;7.107;546;546
Univ.;1037;U. AUTÓNOMA DE CHILE;2014;38;2.070;750;750
Univ.;1037;U. AUTÓNOMA DE CHILE;2013;38;2.070;750;750
Univ.;1037;U. AUTÓNOMA DE CHILE;2012;36;1.989;554;554
Univ.;1037;U. AUTÓNOMA DE CHILE;2011;28;1.406;324;324
Univ.;1037;U. AUTÓNOMA DE CHILE;2010;22;1.200;405;405
Univ.;1037;U. AUTÓNOMA DE CHILE;2009;22;1.200;204;204
Univ.;1037;U. AUTÓNOMA DE CHILE;2008;18;1.002;169;169
Univ.;1037;U. AUTÓNOMA DE CHILE;2007;13;724;145;145
Univ.;1037;U. AUTÓNOMA DE CHILE;2006;11;594;132;132
Univ.;1037;U. AUTÓNOMA DE CHILE;2005;9;416;170;170
Univ.;1037;U. AUTÓNOMA DE CHILE;2024;80;5.948;645;645
Univ.;1037;U. AUTÓNOMA DE CHILE;2023;76;5.837;681;681
Univ.;1037;U. AUTÓNOMA DE CHILE;2022;68;5.387;819;819
Univ.;1037;U. AUTÓNOMA DE CHILE;2021;67;5.429;804;804
Univ.;1037;U. AUTÓNOMA DE CHILE;2020;67;5.429;804;804
Univ.;1037;U. AUTÓNOMA DE CHILE;2019;67;5.029;643;643
Univ.;1037;U. AUTÓNOMA DE CHILE;2018;66;3.025;687;687
Univ.;1037;U. AUTÓNOMA DE CHILE;2017;51;3.834;354;354
Univ.;1037;U. AUTÓNOMA DE CHILE;2016;51;3.834;346;346
Univ.;1037;U. AUTÓNOMA DE CHILE;2015;44;3.236;576;576
Univ.;1037;U. AUTÓNOMA DE CHILE;2014;42;2.484;576;576
Univ.;1037;U. AUTÓNOMA DE CHILE;2013;40;2.324;530;530
Univ.;1037;U. AUTÓNOMA DE CHILE;2012;23;1.597;368;368
Univ.;1037;U. AUTÓNOMA DE CHILE;2011;23;1.597;368;368
Univ.;1037;U. AUTÓNOMA DE CHILE;2010;23;1.597;368;368
Univ.;1037;U. AUTÓNOMA DE CHILE;2009;23;1.597;326;326
Univ.;1037;U. AUTÓNOMA DE CHILE;2008;23;1.597;326;326
Univ.;1037;U. AUTÓNOMA DE CHILE;2007;19;1.331;226;226
Univ.;1037;U. AUTÓNOMA DE CHILE;2006;12;404;180;180
Univ.;1037;U. AUTÓNOMA DE CHILE;2005;12;404;152;152
Univ.;1037;U. AUTÓNOMA DE CHILE;2024;219;7.789;736;736
Univ.;1037;U. AUTÓNOMA DE CHILE;2023;235;7.270;699;699
Univ.;1037;U. AUTÓNOMA DE CHILE;2022;215;6.196;682;682
Univ.;1037;U. AUTÓNOMA DE CHILE;2021;224;6.711;634;634
Univ.;1037;U. AUTÓNOMA DE CHILE;2020;224;6.711;634;634
Univ.;1037;U. AUTÓNOMA DE CHILE;2019;238;7.145;621;621
Univ.;1037;U. AUTÓNOMA DE CHILE;2018;206;5.341;635;635
Univ.;1037;U. AUTÓNOMA DE CHILE;2017;82;6.271;635;635
Univ.;1037;U. AUTÓNOMA DE CHILE;2016;82;6.271;629;629
Univ.;1037;U. AUTÓNOMA DE CHILE;2015;64;5.994;512;512
Univ.;1037;U. AUTÓNOMA DE CHILE;2014;58;5.037;497;497
Univ.;1037;U. AUTÓNOMA DE CHILE;2013;55;4.797;487;487
Univ.;1037;U. AUTÓNOMA DE CHILE;2012;47;4.477;487;487
Univ.;1037;U. AUTÓNOMA DE CHILE;2011;47;4.477;487;487
Univ.;1037;U. AUTÓNOMA DE CHILE;2010;43;3.997;487;487
Univ.;1037;U. AUTÓNOMA DE CHILE;2009;43;3.997;371;371
Univ.;1037;U. AUTÓNOMA DE CHILE;2008;30;2.857;200;200
Univ.;1037;U. AUTÓNOMA DE CHILE;2007;30;2.857;280;280
Univ.;1037;U. AUTÓNOMA DE CHILE;2006;23;2.103;126;126
Univ.;1037;U. AUTÓNOMA DE CHILE;2005;25;2.800;230;230
Univ.;1038;U. DE ACONCAGUA;2024;5;180;27;27
Univ.;1038;U. DE ACONCAGUA;2023;5;180;39;39
Univ.;1038;U. DE ACONCAGUA;2022;5;180;39;39
Univ.;1038;U. DE ACONCAGUA;2021;5;180;39;39
Univ.;1038;U. DE ACONCAGUA;2020;4;141;39;39
Univ.;1038;U. DE ACONCAGUA;2019;4;141;39;39
Univ.;1038;U. DE ACONCAGUA;2018;4;141;39;39
Univ.;1038;U. DE ACONCAGUA;2017;3;111;23;23
Univ.;1038;U. DE ACONCAGUA;2016;3;111;31;31
Univ.;1038;U. DE ACONCAGUA;2015;4;204;31;31
Univ.;1038;U. DE ACONCAGUA;2014;4;204;21;21
Univ.;1038;U. DE ACONCAGUA;2013;4;204;16;16
Univ.;1038;U. DE ACONCAGUA;2024;12;643;34;34
Univ.;1038;U. DE ACONCAGUA;2023;12;643;41;41
Univ.;1038;U. DE ACONCAGUA;2022;12;643;41;41
Univ.;1038;U. DE ACONCAGUA;2021;10;515;41;41
Univ.;1038;U. DE ACONCAGUA;2020;8;426;41;41
Univ.;1038;U. DE ACONCAGUA;2019;8;426;41;41
Univ.;1038;U. DE ACONCAGUA;2018;8;469;45;45
Univ.;1038;U. DE ACONCAGUA;2017;8;469;35;32
Univ.;1038;U. DE ACONCAGUA;2016;9;469;33;33
Univ.;1038;U. DE ACONCAGUA;2015;8;400;33;33
Univ.;1038;U. DE ACONCAGUA;2014;12;616;29;29
Univ.;1038;U. DE ACONCAGUA;2013;5;162;25;25
Univ.;1038;U. DE ACONCAGUA;2017;1;30;s/i;s/i
Univ.;1038;U. DE ACONCAGUA;2016;1;30;15;15
Univ.;1038;U. DE ACONCAGUA;2017;s/i;s/i;2;2
Univ.;1038;U. DE ACONCAGUA;2016;s/i;s/i;15;15
Univ.;1038;U. DE ACONCAGUA;2014;2;79;16;17
Univ.;1038;U. DE ACONCAGUA;2013;2;49;16;16
Univ.;1038;U. DE ACONCAGUA;2017;4;138;2;2
Univ.;1038;U. DE ACONCAGUA;2016;4;138;25;25
Univ.;1038;U. DE ACONCAGUA;2015;3;100;25;75
Univ.;1038;U. DE ACONCAGUA;2014;3;100;20;20
Univ.;1038;U. DE ACONCAGUA;2013;3;100;20;20
Univ.;1038;U. DE ACONCAGUA;2006;1;17;20;20
Univ.;1038;U. DE ACONCAGUA;2005;1;17;20;20
Univ.;1038;U. DE ACONCAGUA;2024;1;45;4;4
Univ.;1038;U. DE ACONCAGUA;2023;1;45;36;36
Univ.;1038;U. DE ACONCAGUA;2022;1;45;36;36
Univ.;1038;U. DE ACONCAGUA;2021;2;80;36;36
Univ.;1038;U. DE ACONCAGUA;2020;2;80;36;36
Univ.;1038;U. DE ACONCAGUA;2019;2;80;36;36
Univ.;1038;U. DE ACONCAGUA;2018;2;80;35;35
Univ.;1038;U. DE ACONCAGUA;2017;2;80;29;29
Univ.;1038;U. DE ACONCAGUA;2016;1;23;24;24
Univ.;1038;U. DE ACONCAGUA;2015;2;23;24;24
Univ.;1038;U. DE ACONCAGUA;2014;2;52;20;20
Univ.;1038;U. DE ACONCAGUA;2013;2;53;20;20
Univ.;1038;U. DE ACONCAGUA;2006;2;70;11;3
Univ.;1038;U. DE ACONCAGUA;2005;2;70;11;3
Univ.;1038;U. DE ACONCAGUA;2006;3;95;20;20
Univ.;1038;U. DE ACONCAGUA;2005;3;95;20;20
Univ.;1038;U. DE ACONCAGUA;2017;1;33;s/i;s/i
Univ.;1038;U. DE ACONCAGUA;2016;1;33;25;25
Univ.;1038;U. DE ACONCAGUA;2015;1;132;25;25
Univ.;1038;U. DE ACONCAGUA;2014;3;132;23;23
Univ.;1038;U. DE ACONCAGUA;2013;2;170;23;23
Univ.;1038;U. DE ACONCAGUA;2024;8;493;50;50
Univ.;1038;U. DE ACONCAGUA;2023;8;493;60;60
Univ.;1038;U. DE ACONCAGUA;2022;8;493;60;60
Univ.;1038;U. DE ACONCAGUA;2021;8;461;60;60
Univ.;1038;U. DE ACONCAGUA;2020;7;490;60;60
Univ.;1038;U. DE ACONCAGUA;2019;7;490;60;60
Univ.;1038;U. DE ACONCAGUA;2018;7;490;65;65
Univ.;1038;U. DE ACONCAGUA;2017;7;490;50;50
Univ.;1038;U. DE ACONCAGUA;2016;7;490;50;50
Univ.;1038;U. DE ACONCAGUA;2015;8;452;50;50
Univ.;1038;U. DE ACONCAGUA;2014;8;452;50;50
Univ.;1038;U. DE ACONCAGUA;2013;6;223;50;50
Univ.;1038;U. DE ACONCAGUA;2024;9;404;39;39
Univ.;1038;U. DE ACONCAGUA;2023;9;404;39;39
Univ.;1038;U. DE ACONCAGUA;2022;9;404;39;39
Univ.;1038;U. DE ACONCAGUA;2021;6;285;39;39
Univ.;1038;U. DE ACONCAGUA;2020;9;404;39;39
Univ.;1038;U. DE ACONCAGUA;2019;9;404;39;39
Univ.;1038;U. DE ACONCAGUA;2018;9;331;40;40
Univ.;1038;U. DE ACONCAGUA;2017;2;80;38;38
Univ.;1038;U. DE ACONCAGUA;2016;1;78;38;38
Univ.;1038;U. DE ACONCAGUA;2015;1;156;38;38
Univ.;1038;U. DE ACONCAGUA;2014;2;156;39;39
Univ.;1038;U. DE ACONCAGUA;2013;1;78;39;39
Univ.;1038;U. DE ACONCAGUA;2024;5;196;25;25
Univ.;1038;U. DE ACONCAGUA;2023;6;240;36;36
Univ.;1038;U. DE ACONCAGUA;2022;6;240;36;36
Univ.;1038;U. DE ACONCAGUA;2021;6;234;36;36
Univ.;1038;U. DE ACONCAGUA;2020;7;216;36;36
Univ.;1038;U. DE ACONCAGUA;2019;7;216;36;36
Univ.;1038;U. DE ACONCAGUA;2018;6;177;35;35
Univ.;1038;U. DE ACONCAGUA;2017;6;177;19;49
Univ.;1038;U. DE ACONCAGUA;2016;5;177;30;30
Univ.;1038;U. DE ACONCAGUA;2015;3;135;30;30
Univ.;1038;U. DE ACONCAGUA;2014;3;135;16;16
Univ.;1038;U. DE ACONCAGUA;2013;3;103;16;16
Univ.;1038;U. DE ACONCAGUA;2014;6;198;15;15
Univ.;1038;U. DE ACONCAGUA;2013;6;198;15;15
Univ.;1038;U. DE ACONCAGUA;2024;1;21;s/i;s/i
Univ.;1038;U. DE ACONCAGUA;2023;1;21;14;14
Univ.;1038;U. DE ACONCAGUA;2022;1;21;14;14
Univ.;1038;U. DE ACONCAGUA;2021;1;21;14;14
Univ.;1038;U. DE ACONCAGUA;2020;1;21;14;14
Univ.;1038;U. DE ACONCAGUA;2019;1;21;14;14
Univ.;1038;U. DE ACONCAGUA;2018;1;21;4;4
Univ.;1038;U. DE ACONCAGUA;2017;6;287;9;9
Univ.;1038;U. DE ACONCAGUA;2016;6;287;9;9
Univ.;1038;U. DE ACONCAGUA;2015;4;265;9;9
Univ.;1038;U. DE ACONCAGUA;2014;4;265;s/i;s/i
Univ.;1038;U. DE ACONCAGUA;2013;4;259;s/i;s/i
Univ.;1038;U. DE ACONCAGUA;2019;1;45;s/i;s/i
Univ.;1038;U. DE ACONCAGUA;2018;3;136;4;4
Univ.;1038;U. DE ACONCAGUA;2017;3;136;4;4
Univ.;1038;U. DE ACONCAGUA;2016;3;136;25;25
Univ.;1038;U. DE ACONCAGUA;2015;4;169;26;26
Univ.;1038;U. DE ACONCAGUA;2014;4;169;9;6
Univ.;1038;U. DE ACONCAGUA;2013;4;169;12;12
Univ.;1038;U. DE ACONCAGUA;2024;12;497;30;30
Univ.;1038;U. DE ACONCAGUA;2023;12;497;64;64
Univ.;1038;U. DE ACONCAGUA;2022;12;497;64;64
Univ.;1038;U. DE ACONCAGUA;2021;10;409;64;64
Univ.;1038;U. DE ACONCAGUA;2020;10;402;64;64
Univ.;1038;U. DE ACONCAGUA;2019;10;402;64;64
Univ.;1038;U. DE ACONCAGUA;2018;10;443;52;52
Univ.;1038;U. DE ACONCAGUA;2017;11;443;33;33
Univ.;1038;U. DE ACONCAGUA;2016;11;408;73;73
Univ.;1038;U. DE ACONCAGUA;2015;7;299;73;73
Univ.;1038;U. DE ACONCAGUA;2014;6;299;24;24
Univ.;1038;U. DE ACONCAGUA;2013;5;259;24;24
Univ.;1038;U. DE ACONCAGUA;2006;4;114;50;50
Univ.;1038;U. DE ACONCAGUA;2005;4;114;50;50
Univ.;1038;U. DE ACONCAGUA;2006;2;39;15;15
Univ.;1038;U. DE ACONCAGUA;2005;2;39;15;15
Univ.;1038;U. DE ACONCAGUA;2024;1;35;16;16
Univ.;1038;U. DE ACONCAGUA;2023;6;221;18;18
Univ.;1038;U. DE ACONCAGUA;2022;6;221;18;18
Univ.;1038;U. DE ACONCAGUA;2021;6;221;18;18
Univ.;1038;U. DE ACONCAGUA;2020;5;186;18;18
Univ.;1038;U. DE ACONCAGUA;2019;8;168;54;54
Univ.;1038;U. DE ACONCAGUA;2018;8;168;57;57
Univ.;1038;U. DE ACONCAGUA;2017;8;168;39;30
Univ.;1038;U. DE ACONCAGUA;2016;8;168;49;49
Univ.;1038;U. DE ACONCAGUA;2015;4;166;49;49
Univ.;1038;U. DE ACONCAGUA;2014;4;166;58;58
Univ.;1038;U. DE ACONCAGUA;2013;4;275;18;18
Univ.;1038;U. DE ACONCAGUA;2016;2;47;17;6
Univ.;1038;U. DE ACONCAGUA;2014;2;42;17;17
Univ.;1038;U. DE ACONCAGUA;2013;1;13;5;5
Univ.;1038;U. DE ACONCAGUA;2020;1;10;27;27
Univ.;1038;U. DE ACONCAGUA;2019;1;10;27;27
Univ.;1038;U. DE ACONCAGUA;2018;1;10;20;20
Univ.;1038;U. DE ACONCAGUA;2017;4;210;23;23
Univ.;1038;U. DE ACONCAGUA;2016;4;210;25;25
Univ.;1038;U. DE ACONCAGUA;2015;3;135;25;25
Univ.;1038;U. DE ACONCAGUA;2014;3;135;16;16
Univ.;1038;U. DE ACONCAGUA;2013;2;71;25;25
Univ.;1038;U. DE ACONCAGUA;2015;1;25;15;15
Univ.;1038;U. DE ACONCAGUA;2014;1;25;15;15
Univ.;1038;U. DE ACONCAGUA;2013;2;36;15;15
Univ.;1038;U. DE ACONCAGUA;2005;1;40;2;2
Univ.;1038;U. DE ACONCAGUA;2023;6;226;35;35
Univ.;1038;U. DE ACONCAGUA;2022;6;226;35;35
Univ.;1038;U. DE ACONCAGUA;2021;6;226;35;35
Univ.;1038;U. DE ACONCAGUA;2020;7;234;35;35
Univ.;1038;U. DE ACONCAGUA;2019;7;234;35;35
Univ.;1038;U. DE ACONCAGUA;2018;7;234;26;26
Univ.;1038;U. DE ACONCAGUA;2017;7;234;15;15
Univ.;1038;U. DE ACONCAGUA;2016;7;234;22;22
Univ.;1038;U. DE ACONCAGUA;2015;6;240;22;22
Univ.;1038;U. DE ACONCAGUA;2014;7;240;15;15
Univ.;1038;U. DE ACONCAGUA;2005;4;115;35;35
Univ.;1039;U. MARÍTIMA DE CHILE;2006;5;380;100;100
Univ.;1039;U. MARÍTIMA DE CHILE;2005;4;300;80;80
Univ.;1040;U. DE LOS ANDES;2024;71;3.843;643;643
Univ.;1040;U. DE LOS ANDES;2023;71;3.843;643;643
Univ.;1040;U. DE LOS ANDES;2022;77;4.427;540;540
Univ.;1040;U. DE LOS ANDES;2021;68;3.656;524;524
Univ.;1040;U. DE LOS ANDES;2020;68;3.656;487;487
Univ.;1040;U. DE LOS ANDES;2019;64;3.245;396;396
Univ.;1040;U. DE LOS ANDES;2018;65;3.328;291;291
Univ.;1040;U. DE LOS ANDES;2017;67;3.422;279;279
Univ.;1040;U. DE LOS ANDES;2016;64;3.210;279;279
Univ.;1040;U. DE LOS ANDES;2015;64;3.210;299;299
Univ.;1040;U. DE LOS ANDES;2014;71;2.798;299;299
Univ.;1040;U. DE LOS ANDES;2013;70;2.734;299;299
Univ.;1040;U. DE LOS ANDES;2012;70;2.734;299;299
Univ.;1040;U. DE LOS ANDES;2011;51;2.387;160;160
Univ.;1040;U. DE LOS ANDES;2010;37;1.905;305;305
Univ.;1040;U. DE LOS ANDES;2009;37;1.905;305;305
Univ.;1040;U. DE LOS ANDES;2008;30;3.385;255;255
Univ.;1040;U. DE LOS ANDES;2007;28;3.000;257;257
Univ.;1040;U. DE LOS ANDES;2006;27;1.836;228;228
Univ.;1040;U. DE LOS ANDES;2005;26;1.791;215;190
Univ.;1041;U. DEL PACÍFICO;2018;31;1.740;417;417
Univ.;1041;U. DEL PACÍFICO;2017;31;1.740;417;417
Univ.;1041;U. DEL PACÍFICO;2016;31;1.740;417;417
Univ.;1041;U. DEL PACÍFICO;2015;28;1.702;364;364
Univ.;1041;U. DEL PACÍFICO;2014;28;1.923;415;415
Univ.;1041;U. DEL PACÍFICO;2013;27;1.848;357;357
Univ.;1041;U. DEL PACÍFICO;2012;39;2.784;357;357
Univ.;1041;U. DEL PACÍFICO;2011;42;2.737;437;437
Univ.;1041;U. DEL PACÍFICO;2010;31;2.316;437;437
Univ.;1041;U. DEL PACÍFICO;2009;29;1.925;437;437
Univ.;1041;U. DEL PACÍFICO;2008;24;1.537;409;409
Univ.;1041;U. DEL PACÍFICO;2007;18;964;351;346
Univ.;1041;U. DEL PACÍFICO;2006;14;916;309;309
Univ.;1041;U. DEL PACÍFICO;2005;29;1.080;240;240
Univ.;1041;U. DEL PACÍFICO;2018;19;11.197;153;153
Univ.;1041;U. DEL PACÍFICO;2017;19;11.197;153;153
Univ.;1041;U. DEL PACÍFICO;2016;19;11.197;153;153
Univ.;1041;U. DEL PACÍFICO;2015;9;761;117;117
Univ.;1041;U. DEL PACÍFICO;2014;9;1.856;156;156
Univ.;1041;U. DEL PACÍFICO;2013;9;1.856;89;89
Univ.;1041;U. DEL PACÍFICO;2012;12;718;89;89
Univ.;1041;U. DEL PACÍFICO;2011;10;861;102;102
Univ.;1041;U. DEL PACÍFICO;2010;10;861;102;102
Univ.;1041;U. DEL PACÍFICO;2009;12;1.661;107;107
Univ.;1041;U. DEL PACÍFICO;2008;12;1.179;101;101
Univ.;1041;U. DEL PACÍFICO;2007;5;183;60;60
Univ.;1041;U. DEL PACÍFICO;2006;2;125;40;40
Univ.;1041;U. DEL PACÍFICO;2005;2;54;25;25
Univ.;1042;U. BERNARDO O`HIGGINS;2024;110;5.949;522;522
Univ.;1042;U. BERNARDO O`HIGGINS;2023;104;5.697;470;470
Univ.;1042;U. BERNARDO O`HIGGINS;2022;104;5.697;424;424
Univ.;1042;U. BERNARDO O`HIGGINS;2021;99;6.537;511;511
Univ.;1042;U. BERNARDO O`HIGGINS;2020;80;5.647;462;462
Univ.;1042;U. BERNARDO O`HIGGINS;2019;80;7.207;377;377
Univ.;1042;U. BERNARDO O`HIGGINS;2018;80;7.207;377;377
Univ.;1042;U. BERNARDO O`HIGGINS;2017;80;7.207;343;343
Univ.;1042;U. BERNARDO O`HIGGINS;2016;49;3.503;309;309
Univ.;1042;U. BERNARDO O`HIGGINS;2015;49;2.851;295;295
Univ.;1042;U. BERNARDO O`HIGGINS;2014;49;2.770;291;291
Univ.;1042;U. BERNARDO O`HIGGINS;2013;37;3.356;449;449
Univ.;1042;U. BERNARDO O`HIGGINS;2012;37;2.659;408;408
Univ.;1042;U. BERNARDO O`HIGGINS;2011;26;1.583;325;325
Univ.;1042;U. BERNARDO O`HIGGINS;2010;9;2.545;276;388
Univ.;1042;U. BERNARDO O`HIGGINS;2009;9;2.545;276;388
Univ.;1042;U. BERNARDO O`HIGGINS;2008;9;2.545;220;315
Univ.;1042;U. BERNARDO O`HIGGINS;2007;9;2.545;217;301
Univ.;1042;U. BERNARDO O`HIGGINS;2006;12;745;173;173
Univ.;1042;U. BERNARDO O`HIGGINS;2005;11;500;160;160
Univ.;1043;U. CATÓLICA CARDENAL RAÚL SILVA HENRÍQUEZ;2024;65;22.775;497;497
Univ.;1043;U. CATÓLICA CARDENAL RAÚL SILVA HENRÍQUEZ;2023;71;22.997;497;497
Univ.;1043;U. CATÓLICA CARDENAL RAÚL SILVA HENRÍQUEZ;2022;66;22.657;444;444
Univ.;1043;U. CATÓLICA CARDENAL RAÚL SILVA HENRÍQUEZ;2021;46;21.598;515;515
Univ.;1043;U. CATÓLICA CARDENAL RAÚL SILVA HENRÍQUEZ;2020;46;21.598;515;515
Univ.;1043;U. CATÓLICA CARDENAL RAÚL SILVA HENRÍQUEZ;2019;41;21.198;460;460
Univ.;1043;U. CATÓLICA CARDENAL RAÚL SILVA HENRÍQUEZ;2018;41;21.198;448;448
Univ.;1043;U. CATÓLICA CARDENAL RAÚL SILVA HENRÍQUEZ;2017;41;21.198;448;448
Univ.;1043;U. CATÓLICA CARDENAL RAÚL SILVA HENRÍQUEZ;2016;35;19.701;438;438
Univ.;1043;U. CATÓLICA CARDENAL RAÚL SILVA HENRÍQUEZ;2015;35;19.701;438;438
Univ.;1043;U. CATÓLICA CARDENAL RAÚL SILVA HENRÍQUEZ;2014;28;19.383;438;438
Univ.;1043;U. CATÓLICA CARDENAL RAÚL SILVA HENRÍQUEZ;2013;21;1.575;399;399
Univ.;1043;U. CATÓLICA CARDENAL RAÚL SILVA HENRÍQUEZ;2012;21;1.575;399;399
Univ.;1043;U. CATÓLICA CARDENAL RAÚL SILVA HENRÍQUEZ;2011;21;1.575;399;399
Univ.;1043;U. CATÓLICA CARDENAL RAÚL SILVA HENRÍQUEZ;2010;5;829;370;370
Univ.;1043;U. CATÓLICA CARDENAL RAÚL SILVA HENRÍQUEZ;2009;5;829;336;316
Univ.;1043;U. CATÓLICA CARDENAL RAÚL SILVA HENRÍQUEZ;2008;5;699;256;236
Univ.;1043;U. CATÓLICA CARDENAL RAÚL SILVA HENRÍQUEZ;2007;5;699;276;256
Univ.;1043;U. CATÓLICA CARDENAL RAÚL SILVA HENRÍQUEZ;2006;6;586;206;186
Univ.;1043;U. CATÓLICA CARDENAL RAÚL SILVA HENRÍQUEZ;2005;10;840;229;186
Univ.;1044;U. DE VIÑA DEL MAR;2005;1;100;20;20
Univ.;1044;U. DE VIÑA DEL MAR;2015;3;113;s/i;s/i
Univ.;1044;U. DE VIÑA DEL MAR;2014;3;113;42;42
Univ.;1044;U. DE VIÑA DEL MAR;2013;3;113;42;42
Univ.;1044;U. DE VIÑA DEL MAR;2012;3;113;42;42
Univ.;1044;U. DE VIÑA DEL MAR;2011;3;113;42;42
Univ.;1044;U. DE VIÑA DEL MAR;2009;7;273;s/i;s/i
Univ.;1044;U. DE VIÑA DEL MAR;2008;8;273;136;136
Univ.;1044;U. DE VIÑA DEL MAR;2007;8;273;136;136
Univ.;1044;U. DE VIÑA DEL MAR;2006;7;273;116;116
Univ.;1044;U. DE VIÑA DEL MAR;2005;6;273;102;102
Univ.;1044;U. DE VIÑA DEL MAR;2024;272;10.764;922;922
Univ.;1044;U. DE VIÑA DEL MAR;2023;272;10.764;1.054;1.054
Univ.;1044;U. DE VIÑA DEL MAR;2022;272;10.671;1.053;1.053
Univ.;1044;U. DE VIÑA DEL MAR;2021;272;10.671;912;912
Univ.;1044;U. DE VIÑA DEL MAR;2020;272;10.671;912;912
Univ.;1044;U. DE VIÑA DEL MAR;2019;217;11.348;899;899
Univ.;1044;U. DE VIÑA DEL MAR;2018;198;11.085;899;899
Univ.;1044;U. DE VIÑA DEL MAR;2017;198;11.085;877;877
Univ.;1044;U. DE VIÑA DEL MAR;2016;212;11.085;877;877
Univ.;1044;U. DE VIÑA DEL MAR;2015;193;11.275;827;827
Univ.;1044;U. DE VIÑA DEL MAR;2014;189;7.338;625;625
Univ.;1044;U. DE VIÑA DEL MAR;2013;138;4.880;522;522
Univ.;1044;U. DE VIÑA DEL MAR;2012;63;2.953;414;414
Univ.;1044;U. DE VIÑA DEL MAR;2011;63;2.919;414;414
Univ.;1044;U. DE VIÑA DEL MAR;2009;101;3.936;s/i;s/i
Univ.;1044;U. DE VIÑA DEL MAR;2008;64;3.988;s/i;s/i
Univ.;1044;U. DE VIÑA DEL MAR;2007;37;3.281;410;410
Univ.;1044;U. DE VIÑA DEL MAR;2006;35;2.881;664;664
Univ.;1044;U. DE VIÑA DEL MAR;2005;33;2.281;634;634
Univ.;1045;U. DEL ALBA;2024;18;868;100;100
Univ.;1045;U. DEL ALBA;2023;18;868;100;100
Univ.;1045;U. DEL ALBA;2022;17;868;100;100
Univ.;1045;U. DEL ALBA;2021;16;531;75;75
Univ.;1045;U. DEL ALBA;2020;16;531;68;68
Univ.;1045;U. DEL ALBA;2019;16;531;56;56
Univ.;1045;U. DEL ALBA;2018;14;509;56;56
Univ.;1045;U. DEL ALBA;2017;43;1.164;62;62
Univ.;1045;U. DEL ALBA;2016;20;1.164;64;64
Univ.;1045;U. DEL ALBA;2015;19;1.006;56;56
Univ.;1045;U. DEL ALBA;2014;14;1.006;66;66
Univ.;1045;U. DEL ALBA;2013;20;726;89;67
Univ.;1045;U. DEL ALBA;2012;18;726;90;65
Univ.;1045;U. DEL ALBA;2010;1;43;38;38
Univ.;1045;U. DEL ALBA;2009;1;43;38;38
Univ.;1045;U. DEL ALBA;2024;17;1.018;120;120
Univ.;1045;U. DEL ALBA;2023;17;1.018;120;120
Univ.;1045;U. DEL ALBA;2022;15;1.018;120;120
Univ.;1045;U. DEL ALBA;2021;15;921;105;105
Univ.;1045;U. DEL ALBA;2020;21;1.137;98;98
Univ.;1045;U. DEL ALBA;2019;21;1.137;115;115
Univ.;1045;U. DEL ALBA;2018;21;1.137;117;117
Univ.;1045;U. DEL ALBA;2017;21;1.137;114;114
Univ.;1045;U. DEL ALBA;2016;17;921;113;113
Univ.;1045;U. DEL ALBA;2015;19;921;119;119
Univ.;1045;U. DEL ALBA;2014;20;921;90;90
Univ.;1045;U. DEL ALBA;2013;20;844;142;128
Univ.;1045;U. DEL ALBA;2012;18;844;127;123
Univ.;1045;U. DEL ALBA;2010;2;158;70;30
Univ.;1045;U. DEL ALBA;2009;2;158;70;30
Univ.;1045;U. DEL ALBA;2018;1;27;10;10
Univ.;1045;U. DEL ALBA;2017;10;307;12;12
Univ.;1045;U. DEL ALBA;2016;10;502;26;26
Univ.;1045;U. DEL ALBA;2015;4;605;27;27
Univ.;1045;U. DEL ALBA;2014;14;605;25;25
Univ.;1045;U. DEL ALBA;2013;15;605;43;42
Univ.;1045;U. DEL ALBA;2012;15;502;57;54
Univ.;1045;U. DEL ALBA;2010;4;145;39;39
Univ.;1045;U. DEL ALBA;2009;4;145;39;39
Univ.;1045;U. DEL ALBA;2024;57;2.575;155;155
Univ.;1045;U. DEL ALBA;2023;57;2.575;150;150
Univ.;1045;U. DEL ALBA;2022;61;2.575;150;150
Univ.;1045;U. DEL ALBA;2021;42;2.023;120;120
Univ.;1045;U. DEL ALBA;2020;42;2.023;110;110
Univ.;1045;U. DEL ALBA;2019;42;2.023;100;100
Univ.;1045;U. DEL ALBA;2018;34;2.175;100;100
Univ.;1045;U. DEL ALBA;2017;34;2.175;100;100
Univ.;1045;U. DEL ALBA;2016;31;2.175;93;93
Univ.;1045;U. DEL ALBA;2015;11;2.175;116;116
Univ.;1045;U. DEL ALBA;2014;36;2.175;113;113
Univ.;1045;U. DEL ALBA;2013;31;2.175;161;143
Univ.;1045;U. DEL ALBA;2012;31;3.418;158;151
Univ.;1045;U. DEL ALBA;2010;10;1.103;182;182
Univ.;1045;U. DEL ALBA;2009;10;1.103;182;182
Univ.;1045;U. DEL ALBA;2008;5;403;41;41
Univ.;1045;U. DEL ALBA;2007;8;707;125;125
Univ.;1045;U. DEL ALBA;2006;11;486;69;69
Univ.;1045;U. DEL ALBA;2005;6;324;69;69
Univ.;1045;U. DEL ALBA;2008;4;213;58;58
Univ.;1045;U. DEL ALBA;2024;27;1.896;130;130
Univ.;1045;U. DEL ALBA;2023;33;1.735;130;130
Univ.;1045;U. DEL ALBA;2022;32;2.423;130;130
Univ.;1045;U. DEL ALBA;2021;32;1.675;125;125
Univ.;1045;U. DEL ALBA;2020;32;2.423;119;119
Univ.;1045;U. DEL ALBA;2019;27;3.017;118;118
Univ.;1045;U. DEL ALBA;2018;28;2.911;118;118
Univ.;1045;U. DEL ALBA;2017;28;2.911;118;118
Univ.;1045;U. DEL ALBA;2016;28;2.911;114;114
Univ.;1045;U. DEL ALBA;2015;22;2.911;149;149
Univ.;1045;U. DEL ALBA;2014;34;2.500;200;200
Univ.;1045;U. DEL ALBA;2013;37;1.446;259;241
Univ.;1045;U. DEL ALBA;2012;32;1.739;396;396
Univ.;1045;U. DEL ALBA;2010;10;913;190;190
Univ.;1045;U. DEL ALBA;2009;10;913;190;190
Univ.;1045;U. DEL ALBA;2008;14;701;154;154
Univ.;1045;U. DEL ALBA;2007;10;547;140;140
Univ.;1045;U. DEL ALBA;2006;3;90;40;26
Univ.;1045;U. DEL ALBA;2005;5;111;40;40
Univ.;1046;U. SANTO TOMÁS;2024;47;2.286;399;399
Univ.;1046;U. SANTO TOMÁS;2023;47;2.373;399;399
Univ.;1046;U. SANTO TOMÁS;2022;47;2.241;399;399
Univ.;1046;U. SANTO TOMÁS;2021;47;2.241;341;341
Univ.;1046;U. SANTO TOMÁS;2020;46;2.022;315;315
Univ.;1046;U. SANTO TOMÁS;2019;38;2.803;s/i;s/i
Univ.;1046;U. SANTO TOMÁS;2018;38;2.803;232;232
Univ.;1046;U. SANTO TOMÁS;2011;19;808;166;166
Univ.;1046;U. SANTO TOMÁS;2010;20;1.367;120;120
Univ.;1046;U. SANTO TOMÁS;2009;19;1.283;120;120
Univ.;1046;U. SANTO TOMÁS;2008;19;1.283;104;104
Univ.;1046;U. SANTO TOMÁS;2007;19;1.283;104;104
Univ.;1046;U. SANTO TOMÁS;2006;14;606;63;63
Univ.;1046;U. SANTO TOMÁS;2005;10;405;50;50
Univ.;1046;U. SANTO TOMÁS;2024;32;1.444;240;240
Univ.;1046;U. SANTO TOMÁS;2023;32;1.465;240;240
Univ.;1046;U. SANTO TOMÁS;2022;32;1.458;240;240
Univ.;1046;U. SANTO TOMÁS;2021;32;1.485;234;234
Univ.;1046;U. SANTO TOMÁS;2020;20;818;234;234
Univ.;1046;U. SANTO TOMÁS;2019;14;694;s/i;s/i
Univ.;1046;U. SANTO TOMÁS;2018;14;694;198;198
Univ.;1046;U. SANTO TOMÁS;2011;16;634;153;153
Univ.;1046;U. SANTO TOMÁS;2010;9;180;30;30
Univ.;1046;U. SANTO TOMÁS;2009;5;180;30;30
Univ.;1046;U. SANTO TOMÁS;2008;5;180;30;30
Univ.;1046;U. SANTO TOMÁS;2007;7;279;31;31
Univ.;1046;U. SANTO TOMÁS;2006;6;250;35;35
Univ.;1046;U. SANTO TOMÁS;2005;6;256;35;35
Univ.;1046;U. SANTO TOMÁS;2024;68;3.276;420;420
Univ.;1046;U. SANTO TOMÁS;2023;64;3.106;420;420
Univ.;1046;U. SANTO TOMÁS;2022;64;3.110;420;420
Univ.;1046;U. SANTO TOMÁS;2021;59;2.989;422;422
Univ.;1046;U. SANTO TOMÁS;2020;60;3.011;409;409
Univ.;1046;U. SANTO TOMÁS;2019;60;3.157;s/i;s/i
Univ.;1046;U. SANTO TOMÁS;2018;60;3.157;382;382
Univ.;1046;U. SANTO TOMÁS;2011;41;1.678;190;190
Univ.;1046;U. SANTO TOMÁS;2010;17;895;70;70
Univ.;1046;U. SANTO TOMÁS;2009;17;895;70;70
Univ.;1046;U. SANTO TOMÁS;2008;17;895;73;73
Univ.;1046;U. SANTO TOMÁS;2007;16;835;66;66
Univ.;1046;U. SANTO TOMÁS;2006;9;430;74;74
Univ.;1046;U. SANTO TOMÁS;2005;8;368;67;67
Univ.;1046;U. SANTO TOMÁS;2022;15;748;147;147
Univ.;1046;U. SANTO TOMÁS;2021;15;717;147;147
Univ.;1046;U. SANTO TOMÁS;2020;23;995;147;147
Univ.;1046;U. SANTO TOMÁS;2019;23;1.006;s/i;s/i
Univ.;1046;U. SANTO TOMÁS;2018;23;1.006;121;121
Univ.;1046;U. SANTO TOMÁS;2011;9;333;30;30
Univ.;1046;U. SANTO TOMÁS;2010;3;118;10;10
Univ.;1046;U. SANTO TOMÁS;2009;3;143;10;10
Univ.;1046;U. SANTO TOMÁS;2008;3;143;12;12
Univ.;1046;U. SANTO TOMÁS;2007;2;116;12;12
Univ.;1046;U. SANTO TOMÁS;2024;49;2.240;390;390
Univ.;1046;U. SANTO TOMÁS;2023;50;2.226;390;390
Univ.;1046;U. SANTO TOMÁS;2022;51;2.270;390;390
Univ.;1046;U. SANTO TOMÁS;2021;52;2.268;374;374
Univ.;1046;U. SANTO TOMÁS;2020;49;2.182;374;374
Univ.;1046;U. SANTO TOMÁS;2019;46;2.130;s/i;s/i
Univ.;1046;U. SANTO TOMÁS;2018;46;2.130;288;288
Univ.;1046;U. SANTO TOMÁS;2011;21;656;81;81
Univ.;1046;U. SANTO TOMÁS;2010;16;692;40;40
Univ.;1046;U. SANTO TOMÁS;2009;14;692;40;40
Univ.;1046;U. SANTO TOMÁS;2008;14;692;40;40
Univ.;1046;U. SANTO TOMÁS;2007;9;514;30;30
Univ.;1046;U. SANTO TOMÁS;2006;9;514;30;30
Univ.;1046;U. SANTO TOMÁS;2005;11;610;22;22
Univ.;1046;U. SANTO TOMÁS;2024;57;2.734;568;568
Univ.;1046;U. SANTO TOMÁS;2023;57;2.711;568;568
Univ.;1046;U. SANTO TOMÁS;2022;55;2.671;568;568
Univ.;1046;U. SANTO TOMÁS;2021;56;2.671;561;561
Univ.;1046;U. SANTO TOMÁS;2020;57;2.835;561;561
Univ.;1046;U. SANTO TOMÁS;2019;56;2.780;s/i;s/i
Univ.;1046;U. SANTO TOMÁS;2018;56;2.780;434;434
Univ.;1046;U. SANTO TOMÁS;2011;22;873;119;119
Univ.;1046;U. SANTO TOMÁS;2010;23;1.005;95;95
Univ.;1046;U. SANTO TOMÁS;2009;23;1.005;95;95
Univ.;1046;U. SANTO TOMÁS;2008;23;1.005;80;80
Univ.;1046;U. SANTO TOMÁS;2007;18;793;78;78
Univ.;1046;U. SANTO TOMÁS;2006;20;712;50;50
Univ.;1046;U. SANTO TOMÁS;2005;7;187;50;50
Univ.;1046;U. SANTO TOMÁS;2024;34;1.612;341;341
Univ.;1046;U. SANTO TOMÁS;2023;32;1.538;341;341
Univ.;1046;U. SANTO TOMÁS;2022;32;1.554;341;341
Univ.;1046;U. SANTO TOMÁS;2021;33;1.500;337;337
Univ.;1046;U. SANTO TOMÁS;2020;32;1.335;311;311
Univ.;1046;U. SANTO TOMÁS;2019;31;1.365;s/i;s/i
Univ.;1046;U. SANTO TOMÁS;2018;32;1.427;259;259
Univ.;1046;U. SANTO TOMÁS;2011;21;647;128;128
Univ.;1046;U. SANTO TOMÁS;2010;8;285;22;22
Univ.;1046;U. SANTO TOMÁS;2009;7;325;22;22
Univ.;1046;U. SANTO TOMÁS;2008;7;325;66;66
Univ.;1046;U. SANTO TOMÁS;2007;8;430;24;24
Univ.;1046;U. SANTO TOMÁS;2006;9;405;27;27
Univ.;1046;U. SANTO TOMÁS;2005;3;98;20;20
Univ.;1046;U. SANTO TOMÁS;2024;38;1.686;253;253
Univ.;1046;U. SANTO TOMÁS;2023;38;1.746;251;251
Univ.;1046;U. SANTO TOMÁS;2022;39;1.775;251;251
Univ.;1046;U. SANTO TOMÁS;2021;38;1.773;259;259
Univ.;1046;U. SANTO TOMÁS;2020;39;1.706;258;258
Univ.;1046;U. SANTO TOMÁS;2019;31;1.849;s/i;s/i
Univ.;1046;U. SANTO TOMÁS;2018;31;1.849;181;181
Univ.;1046;U. SANTO TOMÁS;2011;13;510;109;109
Univ.;1046;U. SANTO TOMÁS;2010;12;597;40;40
Univ.;1046;U. SANTO TOMÁS;2009;11;512;50;50
Univ.;1046;U. SANTO TOMÁS;2008;11;512;58;58
Univ.;1046;U. SANTO TOMÁS;2007;7;339;46;46
Univ.;1046;U. SANTO TOMÁS;2006;10;506;27;27
Univ.;1046;U. SANTO TOMÁS;2005;8;436;20;20
Univ.;1046;U. SANTO TOMÁS;2024;75;3.113;390;390
Univ.;1046;U. SANTO TOMÁS;2023;73;3.052;390;390
Univ.;1046;U. SANTO TOMÁS;2022;70;3.093;390;390
Univ.;1046;U. SANTO TOMÁS;2021;61;2.966;392;392
Univ.;1046;U. SANTO TOMÁS;2020;58;2.490;366;366
Univ.;1046;U. SANTO TOMÁS;2019;48;2.827;s/i;s/i
Univ.;1046;U. SANTO TOMÁS;2018;48;2.827;314;314
Univ.;1046;U. SANTO TOMÁS;2011;7;180;124;124
Univ.;1046;U. SANTO TOMÁS;2010;11;512;74;74
Univ.;1046;U. SANTO TOMÁS;2009;11;410;74;74
Univ.;1046;U. SANTO TOMÁS;2008;11;410;70;70
Univ.;1046;U. SANTO TOMÁS;2007;11;410;74;74
Univ.;1046;U. SANTO TOMÁS;2006;28;995;74;74
Univ.;1046;U. SANTO TOMÁS;2005;9;490;34;34
Univ.;1046;U. SANTO TOMÁS;2024;98;4.671;1.058;1.058
Univ.;1046;U. SANTO TOMÁS;2023;133;6.611;1.143;1.143
Univ.;1046;U. SANTO TOMÁS;2022;132;6.391;1.143;1.143
Univ.;1046;U. SANTO TOMÁS;2021;114;5.881;1.013;1.013
Univ.;1046;U. SANTO TOMÁS;2020;115;5.610;1.013;1.013
Univ.;1046;U. SANTO TOMÁS;2019;86;5.623;s/i;s/i
Univ.;1046;U. SANTO TOMÁS;2018;108;6.597;916;916
Univ.;1046;U. SANTO TOMÁS;2011;98;4.390;1.624;1.624
Univ.;1046;U. SANTO TOMÁS;2010;47;2.813;287;287
Univ.;1046;U. SANTO TOMÁS;2009;45;2.872;287;287
Univ.;1046;U. SANTO TOMÁS;2008;45;2.872;287;287
Univ.;1046;U. SANTO TOMÁS;2007;42;2.741;295;295
Univ.;1046;U. SANTO TOMÁS;2006;37;2.053;303;303
Univ.;1046;U. SANTO TOMÁS;2005;46;2.192;261;261
Univ.;1046;U. SANTO TOMÁS;2024;72;3.179;517;517
Univ.;1046;U. SANTO TOMÁS;2023;69;2.975;517;517
Univ.;1046;U. SANTO TOMÁS;2022;67;2.979;517;517
Univ.;1046;U. SANTO TOMÁS;2021;67;3.024;570;570
Univ.;1046;U. SANTO TOMÁS;2020;66;3.026;570;570
Univ.;1046;U. SANTO TOMÁS;2019;54;3.006;s/i;s/i
Univ.;1046;U. SANTO TOMÁS;2018;53;2.995;510;510
Univ.;1046;U. SANTO TOMÁS;2011;28;1.083;137;137
Univ.;1046;U. SANTO TOMÁS;2010;18;1.021;100;100
Univ.;1046;U. SANTO TOMÁS;2009;18;1.021;100;100
Univ.;1046;U. SANTO TOMÁS;2008;18;1.021;70;70
Univ.;1046;U. SANTO TOMÁS;2007;18;1.021;78;78
Univ.;1046;U. SANTO TOMÁS;2006;18;1.021;78;78
Univ.;1046;U. SANTO TOMÁS;2005;10;620;73;73
Univ.;1046;U. SANTO TOMÁS;2024;80;3.430;534;534
Univ.;1046;U. SANTO TOMÁS;2023;76;3.298;534;534
Univ.;1046;U. SANTO TOMÁS;2022;73;3.154;534;534
Univ.;1046;U. SANTO TOMÁS;2021;66;3.123;447;447
Univ.;1046;U. SANTO TOMÁS;2020;69;3.303;447;447
Univ.;1046;U. SANTO TOMÁS;2019;61;3.044;s/i;s/i
Univ.;1046;U. SANTO TOMÁS;2018;60;3.024;343;343
Univ.;1046;U. SANTO TOMÁS;2011;20;819;207;207
Univ.;1046;U. SANTO TOMÁS;2010;23;1.289;40;40
Univ.;1046;U. SANTO TOMÁS;2009;23;1.289;40;40
Univ.;1046;U. SANTO TOMÁS;2008;23;1.289;68;68
Univ.;1046;U. SANTO TOMÁS;2007;23;1.289;78;78
Univ.;1046;U. SANTO TOMÁS;2006;22;1.153;66;66
Univ.;1046;U. SANTO TOMÁS;2005;8;420;20;20
Univ.;1046;U. SANTO TOMÁS;2024;50;2.163;344;344
Univ.;1046;U. SANTO TOMÁS;2023;48;2.040;344;344
Univ.;1046;U. SANTO TOMÁS;2022;48;2.058;397;397
Univ.;1046;U. SANTO TOMÁS;2021;46;1.920;306;306
Univ.;1046;U. SANTO TOMÁS;2020;42;1.829;306;306
Univ.;1046;U. SANTO TOMÁS;2019;35;1.924;s/i;s/i
Univ.;1046;U. SANTO TOMÁS;2018;35;1.924;279;279
Univ.;1046;U. SANTO TOMÁS;2011;6;290;42;42
Univ.;1046;U. SANTO TOMÁS;2010;12;470;50;50
Univ.;1046;U. SANTO TOMÁS;2009;4;454;40;40
Univ.;1046;U. SANTO TOMÁS;2008;4;454;10;10
Univ.;1046;U. SANTO TOMÁS;2024;77;3.615;535;535
Univ.;1046;U. SANTO TOMÁS;2023;75;3.526;535;535
Univ.;1046;U. SANTO TOMÁS;2022;76;3.502;535;535
Univ.;1046;U. SANTO TOMÁS;2021;75;3.377;526;526
Univ.;1046;U. SANTO TOMÁS;2020;71;3.521;526;526
Univ.;1046;U. SANTO TOMÁS;2019;73;3.915;s/i;s/i
Univ.;1046;U. SANTO TOMÁS;2018;71;3.815;464;464
Univ.;1046;U. SANTO TOMÁS;2011;48;1.721;232;232
Univ.;1046;U. SANTO TOMÁS;2010;20;1.220;120;120
Univ.;1046;U. SANTO TOMÁS;2009;19;1.110;120;120
Univ.;1046;U. SANTO TOMÁS;2008;19;1.110;80;80
Univ.;1046;U. SANTO TOMÁS;2007;11;880;85;85
Univ.;1046;U. SANTO TOMÁS;2006;16;237;67;67
Univ.;1046;U. SANTO TOMÁS;2005;6;360;55;55
Univ.;1047;U. SEK;2024;28;2.459;240;240
Univ.;1047;U. SEK;2023;29;784;240;240
Univ.;1047;U. SEK;2022;37;2.454;376;376
Univ.;1047;U. SEK;2021;37;2.454;376;376
Univ.;1047;U. SEK;2020;37;2.454;376;376
Univ.;1047;U. SEK;2019;37;2.454;376;376
Univ.;1047;U. SEK;2018;37;2.416;376;376
Univ.;1047;U. SEK;2017;36;2.406;287;287
Univ.;1047;U. SEK;2016;32;2.529;287;287
Univ.;1047;U. SEK;2015;31;2.476;246;246
Univ.;1047;U. SEK;2014;38;2.826;463;463
Univ.;1047;U. SEK;2013;40;2.983;474;474
Univ.;1047;U. SEK;2012;24;2.389;393;393
Univ.;1047;U. SEK;2011;22;1.558;216;216
Univ.;1047;U. SEK;2010;22;1.452;210;210
Univ.;1047;U. SEK;2009;17;939;168;159
Univ.;1047;U. SEK;2008;13;488;80;76
Univ.;1047;U. SEK;2007;13;488;86;82
Univ.;1047;U. SEK;2006;13;488;101;97
Univ.;1047;U. SEK;2005;13;488;75;70
Univ.;1048;U. DE ARTES, CIENCIAS Y COMUNICACIÓN UNIACC;2024;59;1.649;831;831
Univ.;1048;U. DE ARTES, CIENCIAS Y COMUNICACIÓN UNIACC;2023;112;4.550;781;781
Univ.;1048;U. DE ARTES, CIENCIAS Y COMUNICACIÓN UNIACC;2022;111;4.477;795;795
Univ.;1048;U. DE ARTES, CIENCIAS Y COMUNICACIÓN UNIACC;2021;111;4.477;783;785
Univ.;1048;U. DE ARTES, CIENCIAS Y COMUNICACIÓN UNIACC;2020;111;4.477;785;851
Univ.;1048;U. DE ARTES, CIENCIAS Y COMUNICACIÓN UNIACC;2019;90;3.584;700;700
Univ.;1048;U. DE ARTES, CIENCIAS Y COMUNICACIÓN UNIACC;2018;90;3.585;701;701
Univ.;1048;U. DE ARTES, CIENCIAS Y COMUNICACIÓN UNIACC;2017;78;3.464;713;713
Univ.;1048;U. DE ARTES, CIENCIAS Y COMUNICACIÓN UNIACC;2016;76;3.297;761;761
Univ.;1048;U. DE ARTES, CIENCIAS Y COMUNICACIÓN UNIACC;2015;75;3.256;647;647
Univ.;1048;U. DE ARTES, CIENCIAS Y COMUNICACIÓN UNIACC;2014;73;3.033;649;649
Univ.;1048;U. DE ARTES, CIENCIAS Y COMUNICACIÓN UNIACC;2013;68;2.901;649;649
Univ.;1048;U. DE ARTES, CIENCIAS Y COMUNICACIÓN UNIACC;2012;118;4.428;766;766
Univ.;1048;U. DE ARTES, CIENCIAS Y COMUNICACIÓN UNIACC;2011;131;4.428;801;801
Univ.;1048;U. DE ARTES, CIENCIAS Y COMUNICACIÓN UNIACC;2010;164;6.319;727;727
Univ.;1048;U. DE ARTES, CIENCIAS Y COMUNICACIÓN UNIACC;2009;164;6.319;727;727
Univ.;1048;U. DE ARTES, CIENCIAS Y COMUNICACIÓN UNIACC;2008;137;5.068;712;712
Univ.;1048;U. DE ARTES, CIENCIAS Y COMUNICACIÓN UNIACC;2007;127;5.392;659;659
Univ.;1048;U. DE ARTES, CIENCIAS Y COMUNICACIÓN UNIACC;2006;110;6.792;636;617
Univ.;1048;U. DE ARTES, CIENCIAS Y COMUNICACIÓN UNIACC;2005;106;5.850;502;466
Univ.;1049;U. CATÓLICA DEL MAULE;2024;26;1.476;174;174
Univ.;1049;U. CATÓLICA DEL MAULE;2023;24;1.459;174;174
Univ.;1049;U. CATÓLICA DEL MAULE;2022;24;1.422;174;174
Univ.;1049;U. CATÓLICA DEL MAULE;2021;24;1.287;172;172
Univ.;1049;U. CATÓLICA DEL MAULE;2020;27;3.147;168;168
Univ.;1049;U. CATÓLICA DEL MAULE;2019;24;1.287;167;167
Univ.;1049;U. CATÓLICA DEL MAULE;2018;21;1.030;167;167
Univ.;1049;U. CATÓLICA DEL MAULE;2017;21;1.030;167;167
Univ.;1049;U. CATÓLICA DEL MAULE;2016;20;1.008;121;121
Univ.;1049;U. CATÓLICA DEL MAULE;2015;19;995;119;119
Univ.;1049;U. CATÓLICA DEL MAULE;2013;9;598;174;174
Univ.;1049;U. CATÓLICA DEL MAULE;2009;9;598;174;174
Univ.;1049;U. CATÓLICA DEL MAULE;2008;9;598;174;174
Univ.;1049;U. CATÓLICA DEL MAULE;2007;8;498;83;83
Univ.;1049;U. CATÓLICA DEL MAULE;2006;8;498;83;83
Univ.;1049;U. CATÓLICA DEL MAULE;2005;6;378;73;63
Univ.;1049;U. CATÓLICA DEL MAULE;2024;162;8.338;592;592
Univ.;1049;U. CATÓLICA DEL MAULE;2023;131;7.947;592;592
Univ.;1049;U. CATÓLICA DEL MAULE;2022;104;6.087;647;647
Univ.;1049;U. CATÓLICA DEL MAULE;2021;95;5.382;606;606
Univ.;1049;U. CATÓLICA DEL MAULE;2020;100;29.808;613;613
Univ.;1049;U. CATÓLICA DEL MAULE;2019;79;4.426;743;743
Univ.;1049;U. CATÓLICA DEL MAULE;2018;91;5.119;569;569
Univ.;1049;U. CATÓLICA DEL MAULE;2017;86;5.010;546;546
Univ.;1049;U. CATÓLICA DEL MAULE;2016;82;4.875;465;465
Univ.;1049;U. CATÓLICA DEL MAULE;2015;83;4.880;412;412
Univ.;1049;U. CATÓLICA DEL MAULE;2013;32;2.980;473;473
Univ.;1049;U. CATÓLICA DEL MAULE;2009;32;2.980;473;473
Univ.;1049;U. CATÓLICA DEL MAULE;2008;32;2.980;473;473
Univ.;1049;U. CATÓLICA DEL MAULE;2007;31;2.860;438;438
Univ.;1049;U. CATÓLICA DEL MAULE;2006;31;2.860;270;270
Univ.;1049;U. CATÓLICA DEL MAULE;2005;31;2.860;240;240
Univ.;1050;U. CATÓLICA DE LA SANTÍSIMA CONCEPCIÓN;2024;8;324;74;74
Univ.;1050;U. CATÓLICA DE LA SANTÍSIMA CONCEPCIÓN;2023;5;266;127;127
Univ.;1050;U. CATÓLICA DE LA SANTÍSIMA CONCEPCIÓN;2022;5;486;109;109
Univ.;1050;U. CATÓLICA DE LA SANTÍSIMA CONCEPCIÓN;2021;5;486;109;109
Univ.;1050;U. CATÓLICA DE LA SANTÍSIMA CONCEPCIÓN;2020;4;486;79;79
Univ.;1050;U. CATÓLICA DE LA SANTÍSIMA CONCEPCIÓN;2019;4;186;39;39
Univ.;1050;U. CATÓLICA DE LA SANTÍSIMA CONCEPCIÓN;2018;4;186;39;39
Univ.;1050;U. CATÓLICA DE LA SANTÍSIMA CONCEPCIÓN;2017;4;186;29;29
Univ.;1050;U. CATÓLICA DE LA SANTÍSIMA CONCEPCIÓN;2016;2;100;29;29
Univ.;1050;U. CATÓLICA DE LA SANTÍSIMA CONCEPCIÓN;2015;2;100;29;29
Univ.;1050;U. CATÓLICA DE LA SANTÍSIMA CONCEPCIÓN;2014;2;100;29;29
Univ.;1050;U. CATÓLICA DE LA SANTÍSIMA CONCEPCIÓN;2013;2;116;28;28
Univ.;1050;U. CATÓLICA DE LA SANTÍSIMA CONCEPCIÓN;2010;1;140;30;30
Univ.;1050;U. CATÓLICA DE LA SANTÍSIMA CONCEPCIÓN;2009;1;140;30;30
Univ.;1050;U. CATÓLICA DE LA SANTÍSIMA CONCEPCIÓN;2008;2;113;30;30
Univ.;1050;U. CATÓLICA DE LA SANTÍSIMA CONCEPCIÓN;2007;1;84;15;10
Univ.;1050;U. CATÓLICA DE LA SANTÍSIMA CONCEPCIÓN;2005;1;84;s/i;s/i
Univ.;1050;U. CATÓLICA DE LA SANTÍSIMA CONCEPCIÓN;2024;12;358;128;128
Univ.;1050;U. CATÓLICA DE LA SANTÍSIMA CONCEPCIÓN;2023;9;292;186;186
Univ.;1050;U. CATÓLICA DE LA SANTÍSIMA CONCEPCIÓN;2022;6;229;151;151
Univ.;1050;U. CATÓLICA DE LA SANTÍSIMA CONCEPCIÓN;2021;6;229;151;151
Univ.;1050;U. CATÓLICA DE LA SANTÍSIMA CONCEPCIÓN;2020;10;334;103;103
Univ.;1050;U. CATÓLICA DE LA SANTÍSIMA CONCEPCIÓN;2019;10;334;55;55
Univ.;1050;U. CATÓLICA DE LA SANTÍSIMA CONCEPCIÓN;2018;10;334;55;55
Univ.;1050;U. CATÓLICA DE LA SANTÍSIMA CONCEPCIÓN;2017;10;334;35;35
Univ.;1050;U. CATÓLICA DE LA SANTÍSIMA CONCEPCIÓN;2016;10;334;35;35
Univ.;1050;U. CATÓLICA DE LA SANTÍSIMA CONCEPCIÓN;2015;5;61;35;35
Univ.;1050;U. CATÓLICA DE LA SANTÍSIMA CONCEPCIÓN;2014;5;61;22;22
Univ.;1050;U. CATÓLICA DE LA SANTÍSIMA CONCEPCIÓN;2013;2;106;35;35
Univ.;1050;U. CATÓLICA DE LA SANTÍSIMA CONCEPCIÓN;2010;1;47;19;19
Univ.;1050;U. CATÓLICA DE LA SANTÍSIMA CONCEPCIÓN;2009;1;47;19;19
Univ.;1050;U. CATÓLICA DE LA SANTÍSIMA CONCEPCIÓN;2008;1;47;20;20
Univ.;1050;U. CATÓLICA DE LA SANTÍSIMA CONCEPCIÓN;2007;1;47;24;31
Univ.;1050;U. CATÓLICA DE LA SANTÍSIMA CONCEPCIÓN;2006;s/i;s/i;20;20
Univ.;1050;U. CATÓLICA DE LA SANTÍSIMA CONCEPCIÓN;2005;1;47;23;23
Univ.;1050;U. CATÓLICA DE LA SANTÍSIMA CONCEPCIÓN;2024;189;10.868;1.280;1.280
Univ.;1050;U. CATÓLICA DE LA SANTÍSIMA CONCEPCIÓN;2023;135;6.520;1.449;1.449
Univ.;1050;U. CATÓLICA DE LA SANTÍSIMA CONCEPCIÓN;2022;120;6.455;1.287;1.287
Univ.;1050;U. CATÓLICA DE LA SANTÍSIMA CONCEPCIÓN;2021;112;6.169;1.287;1.287
Univ.;1050;U. CATÓLICA DE LA SANTÍSIMA CONCEPCIÓN;2020;84;4.343;924;924
Univ.;1050;U. CATÓLICA DE LA SANTÍSIMA CONCEPCIÓN;2019;72;4.037;1.043;1.043
Univ.;1050;U. CATÓLICA DE LA SANTÍSIMA CONCEPCIÓN;2018;70;3.847;1.041;1.041
Univ.;1050;U. CATÓLICA DE LA SANTÍSIMA CONCEPCIÓN;2017;70;3.847;823;823
Univ.;1050;U. CATÓLICA DE LA SANTÍSIMA CONCEPCIÓN;2016;64;3.489;823;823
Univ.;1050;U. CATÓLICA DE LA SANTÍSIMA CONCEPCIÓN;2015;62;3.440;783;783
Univ.;1050;U. CATÓLICA DE LA SANTÍSIMA CONCEPCIÓN;2014;62;3.440;972;972
Univ.;1050;U. CATÓLICA DE LA SANTÍSIMA CONCEPCIÓN;2013;92;4.709;560;560
Univ.;1050;U. CATÓLICA DE LA SANTÍSIMA CONCEPCIÓN;2012;59;s/i;s/i;s/i
Univ.;1050;U. CATÓLICA DE LA SANTÍSIMA CONCEPCIÓN;2010;84;4.487;521;521
Univ.;1050;U. CATÓLICA DE LA SANTÍSIMA CONCEPCIÓN;2009;84;4.487;521;521
Univ.;1050;U. CATÓLICA DE LA SANTÍSIMA CONCEPCIÓN;2008;83;4.452;593;593
Univ.;1050;U. CATÓLICA DE LA SANTÍSIMA CONCEPCIÓN;2007;75;4.265;581;581
Univ.;1050;U. CATÓLICA DE LA SANTÍSIMA CONCEPCIÓN;2006;s/i;s/i;418;418
Univ.;1050;U. CATÓLICA DE LA SANTÍSIMA CONCEPCIÓN;2005;66;4.235;484;476
Univ.;1050;U. CATÓLICA DE LA SANTÍSIMA CONCEPCIÓN;2024;7;339;127;127
Univ.;1050;U. CATÓLICA DE LA SANTÍSIMA CONCEPCIÓN;2023;8;321;124;124
Univ.;1050;U. CATÓLICA DE LA SANTÍSIMA CONCEPCIÓN;2022;6;266;122;122
Univ.;1050;U. CATÓLICA DE LA SANTÍSIMA CONCEPCIÓN;2021;6;266;122;122
Univ.;1050;U. CATÓLICA DE LA SANTÍSIMA CONCEPCIÓN;2020;6;302;87;87
Univ.;1050;U. CATÓLICA DE LA SANTÍSIMA CONCEPCIÓN;2019;6;268;45;45
Univ.;1050;U. CATÓLICA DE LA SANTÍSIMA CONCEPCIÓN;2018;6;268;45;45
Univ.;1050;U. CATÓLICA DE LA SANTÍSIMA CONCEPCIÓN;2017;6;268;34;34
Univ.;1050;U. CATÓLICA DE LA SANTÍSIMA CONCEPCIÓN;2016;6;268;34;34
Univ.;1050;U. CATÓLICA DE LA SANTÍSIMA CONCEPCIÓN;2015;6;70;34;34
Univ.;1050;U. CATÓLICA DE LA SANTÍSIMA CONCEPCIÓN;2014;6;70;28;28
Univ.;1050;U. CATÓLICA DE LA SANTÍSIMA CONCEPCIÓN;2013;1;39;28;28
Univ.;1050;U. CATÓLICA DE LA SANTÍSIMA CONCEPCIÓN;2010;1;40;27;27
Univ.;1050;U. CATÓLICA DE LA SANTÍSIMA CONCEPCIÓN;2009;1;40;27;27
Univ.;1050;U. CATÓLICA DE LA SANTÍSIMA CONCEPCIÓN;2008;1;40;27;27
Univ.;1050;U. CATÓLICA DE LA SANTÍSIMA CONCEPCIÓN;2007;1;40;27;27
Univ.;1050;U. CATÓLICA DE LA SANTÍSIMA CONCEPCIÓN;2006;s/i;s/i;21;21
Univ.;1050;U. CATÓLICA DE LA SANTÍSIMA CONCEPCIÓN;2005;1;26;20;20
Univ.;1050;U. CATÓLICA DE LA SANTÍSIMA CONCEPCIÓN;2024;9;546;116;116
Univ.;1050;U. CATÓLICA DE LA SANTÍSIMA CONCEPCIÓN;2023;7;442;188;188
Univ.;1050;U. CATÓLICA DE LA SANTÍSIMA CONCEPCIÓN;2022;7;445;89;89
Univ.;1050;U. CATÓLICA DE LA SANTÍSIMA CONCEPCIÓN;2021;7;445;89;89
Univ.;1050;U. CATÓLICA DE LA SANTÍSIMA CONCEPCIÓN;2020;14;595;70;70
Univ.;1050;U. CATÓLICA DE LA SANTÍSIMA CONCEPCIÓN;2019;14;595;46;46
Univ.;1050;U. CATÓLICA DE LA SANTÍSIMA CONCEPCIÓN;2018;14;595;46;46
Univ.;1050;U. CATÓLICA DE LA SANTÍSIMA CONCEPCIÓN;2017;14;595;38;38
Univ.;1050;U. CATÓLICA DE LA SANTÍSIMA CONCEPCIÓN;2016;14;595;38;38
Univ.;1050;U. CATÓLICA DE LA SANTÍSIMA CONCEPCIÓN;2015;14;595;37;37
Univ.;1050;U. CATÓLICA DE LA SANTÍSIMA CONCEPCIÓN;2014;5;325;30;30
Univ.;1050;U. CATÓLICA DE LA SANTÍSIMA CONCEPCIÓN;2013;12;685;30;30
Univ.;1050;U. CATÓLICA DE LA SANTÍSIMA CONCEPCIÓN;2010;1;37;24;24
Univ.;1050;U. CATÓLICA DE LA SANTÍSIMA CONCEPCIÓN;2009;1;37;24;24
Univ.;1050;U. CATÓLICA DE LA SANTÍSIMA CONCEPCIÓN;2008;1;37;17;17
Univ.;1050;U. CATÓLICA DE LA SANTÍSIMA CONCEPCIÓN;2007;1;37;17;17
Univ.;1050;U. CATÓLICA DE LA SANTÍSIMA CONCEPCIÓN;2006;s/i;s/i;15;15
Univ.;1050;U. CATÓLICA DE LA SANTÍSIMA CONCEPCIÓN;2005;1;37;31;31
Univ.;1051;U. TECNOLÓGICA DE CHILE INACAP;2007;17;1.221;256;256
Univ.;1051;U. TECNOLÓGICA DE CHILE INACAP;2006;17;1.221;216;216
Univ.;1051;U. TECNOLÓGICA DE CHILE INACAP;2007;16;891;91;91
Univ.;1051;U. TECNOLÓGICA DE CHILE INACAP;2006;16;892;98;98
Univ.;1051;U. TECNOLÓGICA DE CHILE INACAP;2007;28;1.131;91;91
Univ.;1051;U. TECNOLÓGICA DE CHILE INACAP;2006;28;1.131;125;125
Univ.;1051;U. TECNOLÓGICA DE CHILE INACAP;2007;4;160;109;109
Univ.;1051;U. TECNOLÓGICA DE CHILE INACAP;2006;4;160;109;109
Univ.;1051;U. TECNOLÓGICA DE CHILE INACAP;2007;36;2.648;284;284
Univ.;1051;U. TECNOLÓGICA DE CHILE INACAP;2006;36;2.649;283;283
Univ.;1051;U. TECNOLÓGICA DE CHILE INACAP;2007;15;737;126;126
Univ.;1051;U. TECNOLÓGICA DE CHILE INACAP;2006;15;737;133;133
Univ.;1051;U. TECNOLÓGICA DE CHILE INACAP;2007;5;130;67;67
Univ.;1051;U. TECNOLÓGICA DE CHILE INACAP;2006;5;130;77;77
Univ.;1051;U. TECNOLÓGICA DE CHILE INACAP;2007;2;105;49;49
Univ.;1051;U. TECNOLÓGICA DE CHILE INACAP;2006;2;106;29;29
Univ.;1051;U. TECNOLÓGICA DE CHILE INACAP;2007;17;1.035;27;326
Univ.;1051;U. TECNOLÓGICA DE CHILE INACAP;2006;17;1.035;188;188
Univ.;1051;U. TECNOLÓGICA DE CHILE INACAP;2007;23;1.866;156;156
Univ.;1051;U. TECNOLÓGICA DE CHILE INACAP;2006;23;1.866;156;156
Univ.;1051;U. TECNOLÓGICA DE CHILE INACAP;2007;20;784;137;137
Univ.;1051;U. TECNOLÓGICA DE CHILE INACAP;2006;20;784;108;108
Univ.;1051;U. TECNOLÓGICA DE CHILE INACAP;2007;12;784;106;106
Univ.;1051;U. TECNOLÓGICA DE CHILE INACAP;2006;12;785;103;103
Univ.;1051;U. TECNOLÓGICA DE CHILE INACAP;2007;15;726;78;78
Univ.;1051;U. TECNOLÓGICA DE CHILE INACAP;2006;15;727;78;78
Univ.;1051;U. TECNOLÓGICA DE CHILE INACAP;2007;26;1.392;161;161
Univ.;1051;U. TECNOLÓGICA DE CHILE INACAP;2006;26;1.392;168;168
Univ.;1051;U. TECNOLÓGICA DE CHILE INACAP;2007;12;1.246;127;127
Univ.;1051;U. TECNOLÓGICA DE CHILE INACAP;2006;12;1.246;95;95
Univ.;1051;U. TECNOLÓGICA DE CHILE INACAP;2007;31;1.879;273;273
Univ.;1051;U. TECNOLÓGICA DE CHILE INACAP;2006;31;1.879;254;254
Univ.;1051;U. TECNOLÓGICA DE CHILE INACAP;2007;19;949;117;117
Univ.;1051;U. TECNOLÓGICA DE CHILE INACAP;2006;19;950;127;127
Univ.;1051;U. TECNOLÓGICA DE CHILE INACAP;2007;53;3.498;159;159
Univ.;1051;U. TECNOLÓGICA DE CHILE INACAP;2006;53;3.498;249;249
Univ.;1051;U. TECNOLÓGICA DE CHILE INACAP;2007;165;14.584;1.448;1.448
Univ.;1051;U. TECNOLÓGICA DE CHILE INACAP;2006;213;18.056;1.364;1.364
Univ.;1051;U. TECNOLÓGICA DE CHILE INACAP;2005;10;312;120;119
Univ.;1052;U. CATÓLICA DE TEMUCO;2024;190;12.318;1.288;1.288
Univ.;1052;U. CATÓLICA DE TEMUCO;2023;190;12.318;1.017;1.017
Univ.;1052;U. CATÓLICA DE TEMUCO;2022;153;11.190;1.017;1.017
Univ.;1052;U. CATÓLICA DE TEMUCO;2021;169;11.745;1.017;1.017
Univ.;1052;U. CATÓLICA DE TEMUCO;2020;172;11.979;1.022;1.022
Univ.;1052;U. CATÓLICA DE TEMUCO;2019;153;9.778;842;842
Univ.;1052;U. CATÓLICA DE TEMUCO;2018;139;9.340;842;842
Univ.;1052;U. CATÓLICA DE TEMUCO;2017;137;9.394;849;849
Univ.;1052;U. CATÓLICA DE TEMUCO;2016;135;9.135;751;751
Univ.;1052;U. CATÓLICA DE TEMUCO;2015;131;9.007;736;736
Univ.;1052;U. CATÓLICA DE TEMUCO;2014;131;9.007;710;710
Univ.;1052;U. CATÓLICA DE TEMUCO;2013;128;8.662;620;620
Univ.;1052;U. CATÓLICA DE TEMUCO;2012;125;8.373;510;510
Univ.;1052;U. CATÓLICA DE TEMUCO;2011;120;7.955;500;500
Univ.;1052;U. CATÓLICA DE TEMUCO;2010;118;7.815;493;493
Univ.;1052;U. CATÓLICA DE TEMUCO;2009;118;7.815;497;497
Univ.;1052;U. CATÓLICA DE TEMUCO;2008;98;6.135;472;472
Univ.;1052;U. CATÓLICA DE TEMUCO;2007;95;5.852;448;448
Univ.;1052;U. CATÓLICA DE TEMUCO;2006;89;5.715;442;442
Univ.;1052;U. CATÓLICA DE TEMUCO;2005;89;5.632;392;392
Univ.;1053;U. DEL MAR;2012;17;648;184;184
Univ.;1053;U. DEL MAR;2011;23;789;142;142
Univ.;1053;U. DEL MAR;2010;23;789;142;142
Univ.;1053;U. DEL MAR;2009;22;752;180;188
Univ.;1053;U. DEL MAR;2008;18;797;188;180
Univ.;1053;U. DEL MAR;2007;21;766;147;139
Univ.;1053;U. DEL MAR;2006;11;407;100;95
Univ.;1053;U. DEL MAR;2005;9;407;178;178
Univ.;1053;U. DEL MAR;2012;9;356;35;35
Univ.;1053;U. DEL MAR;2010;13;405;42;42
Univ.;1053;U. DEL MAR;2009;13;405;52;52
Univ.;1053;U. DEL MAR;2008;12;401;54;54
Univ.;1053;U. DEL MAR;2007;14;401;44;44
Univ.;1053;U. DEL MAR;2006;7;186;46;46
Univ.;1053;U. DEL MAR;2005;5;166;35;35
Univ.;1053;U. DEL MAR;2012;4;172;22;s/i
Univ.;1053;U. DEL MAR;2010;8;313;30;30
Univ.;1053;U. DEL MAR;2009;7;232;35;35
Univ.;1053;U. DEL MAR;2007;14;460;47;47
Univ.;1053;U. DEL MAR;2006;9;300;44;44
Univ.;1053;U. DEL MAR;2005;7;327;48;48
Univ.;1053;U. DEL MAR;2012;9;426;113;173
Univ.;1053;U. DEL MAR;2011;12;806;114;114
Univ.;1053;U. DEL MAR;2010;8;313;114;114
Univ.;1053;U. DEL MAR;2009;11;495;78;78
Univ.;1053;U. DEL MAR;2008;10;626;105;105
Univ.;1053;U. DEL MAR;2007;10;626;97;97
Univ.;1053;U. DEL MAR;2006;5;128;75;75
Univ.;1053;U. DEL MAR;2005;4;75;53;53
Univ.;1053;U. DEL MAR;2012;8;250;80;80
Univ.;1053;U. DEL MAR;2010;13;1.283;90;90
Univ.;1053;U. DEL MAR;2009;8;636;100;100
Univ.;1053;U. DEL MAR;2008;8;636;100;100
Univ.;1053;U. DEL MAR;2006;12;1.040;51;51
Univ.;1053;U. DEL MAR;2005;5;138;20;20
Univ.;1053;U. DEL MAR;2012;10;1.312;5;5
Univ.;1053;U. DEL MAR;2010;18;2.140;130;130
Univ.;1053;U. DEL MAR;2009;14;2.126;132;132
Univ.;1053;U. DEL MAR;2008;36;2.126;113;113
Univ.;1053;U. DEL MAR;2007;36;2.126;132;132
Univ.;1053;U. DEL MAR;2006;17;609;100;100
Univ.;1053;U. DEL MAR;2005;20;784;96;96
Univ.;1053;U. DEL MAR;2012;14;715;165;165
Univ.;1053;U. DEL MAR;2010;48;3.139;165;165
Univ.;1053;U. DEL MAR;2008;46;3.557;276;276
Univ.;1053;U. DEL MAR;2007;46;3.557;276;276
Univ.;1053;U. DEL MAR;2006;42;3.137;215;215
Univ.;1053;U. DEL MAR;2005;25;831;184;184
Univ.;1053;U. DEL MAR;2012;10;389;73;73
Univ.;1053;U. DEL MAR;2011;13;527;151;151
Univ.;1053;U. DEL MAR;2010;13;527;91;91
Univ.;1053;U. DEL MAR;2009;13;667;210;210
Univ.;1053;U. DEL MAR;2008;13;667;210;210
Univ.;1053;U. DEL MAR;2007;16;582;261;261
Univ.;1053;U. DEL MAR;2006;7;350;56;56
Univ.;1053;U. DEL MAR;2005;5;225;50;50
Univ.;1053;U. DEL MAR;2011;10;620;78;78
Univ.;1053;U. DEL MAR;2010;12;620;68;68
Univ.;1053;U. DEL MAR;2009;6;262;45;45
Univ.;1053;U. DEL MAR;2008;6;240;100;100
Univ.;1053;U. DEL MAR;2007;8;244;86;86
Univ.;1053;U. DEL MAR;2006;6;s/i;51;42
Univ.;1053;U. DEL MAR;2005;6;240;35;35
Univ.;1053;U. DEL MAR;2012;4;319;100;100
Univ.;1053;U. DEL MAR;2009;4;100;99;99
Univ.;1053;U. DEL MAR;2008;4;100;99;99
Univ.;1053;U. DEL MAR;2007;5;357;78;78
Univ.;1053;U. DEL MAR;2006;4;284;105;105
Univ.;1053;U. DEL MAR;2005;2;161;30;30
Univ.;1053;U. DEL MAR;2012;4;255;43;39
Univ.;1053;U. DEL MAR;2010;11;1.349;65;65
Univ.;1053;U. DEL MAR;2009;4;393;70;70
Univ.;1053;U. DEL MAR;2008;4;393;s/i;s/i
Univ.;1053;U. DEL MAR;2006;1;23;34;34
Univ.;1053;U. DEL MAR;2005;1;23;34;34
Univ.;1053;U. DEL MAR;2012;10;496;70;70
Univ.;1053;U. DEL MAR;2010;17;4.599;75;75
Univ.;1053;U. DEL MAR;2009;12;704;72;72
Univ.;1053;U. DEL MAR;2008;4;641;61;61
Univ.;1053;U. DEL MAR;2006;17;1.005;78;78
Univ.;1053;U. DEL MAR;2005;14;161;38;38
Univ.;1053;U. DEL MAR;2012;4;140;55;55
Univ.;1053;U. DEL MAR;2011;4;140;58;58
Univ.;1053;U. DEL MAR;2010;4;140;58;58
Univ.;1053;U. DEL MAR;2009;s/i;150;55;53
Univ.;1053;U. DEL MAR;2008;4;140;58;58
Univ.;1053;U. DEL MAR;2007;3;140;58;58
Univ.;1053;U. DEL MAR;2006;3;150;41;41
Univ.;1053;U. DEL MAR;2005;2;120;45;45
Univ.;1053;U. DEL MAR;2012;41;s/i;349;349
Univ.;1053;U. DEL MAR;2009;29;1.135;467;467
Univ.;1053;U. DEL MAR;2008;29;1.135;467;467
Univ.;1053;U. DEL MAR;2007;48;1.985;706;706
Univ.;1053;U. DEL MAR;2006;44;1.900;908;908
Univ.;1053;U. DEL MAR;2005;44;1.900;811;811
Univ.;1054;U. TECNOLÓGICA METROPOLITANA;2024;164;5.979;4.290;4.290
Univ.;1054;U. TECNOLÓGICA METROPOLITANA;2023;140;6.603;1.865;1.865
Univ.;1054;U. TECNOLÓGICA METROPOLITANA;2022;132;6.406;1.634;1.634
Univ.;1054;U. TECNOLÓGICA METROPOLITANA;2021;139;7.275;1.962;1.962
Univ.;1054;U. TECNOLÓGICA METROPOLITANA;2020;139;7.275;1.771;1.771
Univ.;1054;U. TECNOLÓGICA METROPOLITANA;2019;125;5.344;1.640;1.640
Univ.;1054;U. TECNOLÓGICA METROPOLITANA;2018;118;6.140;1.606;1.606
Univ.;1054;U. TECNOLÓGICA METROPOLITANA;2017;115;5.996;1.463;1.463
Univ.;1054;U. TECNOLÓGICA METROPOLITANA;2010;110;5.424;s/i;s/i
Univ.;1054;U. TECNOLÓGICA METROPOLITANA;2008;93;8.051;s/i;s/i
Univ.;1054;U. TECNOLÓGICA METROPOLITANA;2007;92;7.991;824;824
Univ.;1054;U. TECNOLÓGICA METROPOLITANA;2006;93;8.691;719;590
Univ.;1054;U. TECNOLÓGICA METROPOLITANA;2005;92;8.241;715;581
Univ.;1055;U. DE LOS LAGOS;2024;1;29;s/i;s/i
Univ.;1055;U. DE LOS LAGOS;2023;1;29;10;10
Univ.;1055;U. DE LOS LAGOS;2022;1;29;20;20
Univ.;1055;U. DE LOS LAGOS;2021;1;29;31;31
Univ.;1055;U. DE LOS LAGOS;2020;1;29;31;31
Univ.;1055;U. DE LOS LAGOS;2019;1;29;31;31
Univ.;1055;U. DE LOS LAGOS;2018;s/i;s/i;45;45
Univ.;1055;U. DE LOS LAGOS;2017;2;s/i;40;42
Univ.;1055;U. DE LOS LAGOS;2016;2;s/i;40;46
Univ.;1055;U. DE LOS LAGOS;2014;1;62;21;21
Univ.;1055;U. DE LOS LAGOS;2024;9;549;115;115
Univ.;1055;U. DE LOS LAGOS;2023;9;549;115;115
Univ.;1055;U. DE LOS LAGOS;2022;9;549;90;90
Univ.;1055;U. DE LOS LAGOS;2021;16;749;140;140
Univ.;1055;U. DE LOS LAGOS;2020;9;200;48;48
Univ.;1055;U. DE LOS LAGOS;2019;10;267;48;48
Univ.;1055;U. DE LOS LAGOS;2018;4;128;41;41
Univ.;1055;U. DE LOS LAGOS;2017;4;160;44;44
Univ.;1055;U. DE LOS LAGOS;2016;4;160;48;48
Univ.;1055;U. DE LOS LAGOS;2014;2;42;48;48
Univ.;1055;U. DE LOS LAGOS;2024;64;5.576;669;669
Univ.;1055;U. DE LOS LAGOS;2023;57;5.264;678;678
Univ.;1055;U. DE LOS LAGOS;2022;57;5.264;662;662
Univ.;1055;U. DE LOS LAGOS;2021;62;5.565;649;649
Univ.;1055;U. DE LOS LAGOS;2020;62;5.565;479;479
Univ.;1055;U. DE LOS LAGOS;2019;58;5.349;479;479
Univ.;1055;U. DE LOS LAGOS;2018;58;5.349;442;442
Univ.;1055;U. DE LOS LAGOS;2017;58;5.349;375;375
Univ.;1055;U. DE LOS LAGOS;2016;58;5.349;375;375
Univ.;1055;U. DE LOS LAGOS;2015;58;5.349;s/i;s/i
Univ.;1055;U. DE LOS LAGOS;2014;52;5.119;317;317
Univ.;1055;U. DE LOS LAGOS;2024;56;2.899;203;203
Univ.;1055;U. DE LOS LAGOS;2023;58;2.956;262;262
Univ.;1055;U. DE LOS LAGOS;2022;50;2.486;421;421
Univ.;1055;U. DE LOS LAGOS;2021;47;2.330;421;421
Univ.;1055;U. DE LOS LAGOS;2020;51;2.675;419;419
Univ.;1055;U. DE LOS LAGOS;2019;49;2.485;398;398
Univ.;1055;U. DE LOS LAGOS;2018;41;2.131;329;329
Univ.;1055;U. DE LOS LAGOS;2017;33;1.694;220;220
Univ.;1055;U. DE LOS LAGOS;2016;31;1.216;210;210
Univ.;1055;U. DE LOS LAGOS;2014;42;2.202;248;248
Univ.;1055;U. DE LOS LAGOS;2005;6;240;150;150
Univ.;1055;U. DE LOS LAGOS;2023;2;92;98;98
Univ.;1055;U. DE LOS LAGOS;2022;2;92;98;98
Univ.;1055;U. DE LOS LAGOS;2021;2;92;98;98
Univ.;1055;U. DE LOS LAGOS;2020;2;92;98;98
Univ.;1055;U. DE LOS LAGOS;2019;2;92;98;98
Univ.;1055;U. DE LOS LAGOS;2018;4;278;100;100
Univ.;1055;U. DE LOS LAGOS;2017;4;278;84;84
Univ.;1055;U. DE LOS LAGOS;2014;4;278;84;84
Univ.;1056;U. IBEROAMERICANA DE CIENCIAS Y TECNOLOGÍA;2017;40;1.948;72;72
Univ.;1056;U. IBEROAMERICANA DE CIENCIAS Y TECNOLOGÍA;2016;44;1.775;150;150
Univ.;1056;U. IBEROAMERICANA DE CIENCIAS Y TECNOLOGÍA;2015;45;1.735;150;150
Univ.;1056;U. IBEROAMERICANA DE CIENCIAS Y TECNOLOGÍA;2014;47;2.230;181;181
Univ.;1056;U. IBEROAMERICANA DE CIENCIAS Y TECNOLOGÍA;2013;53;2.185;181;181
Univ.;1056;U. IBEROAMERICANA DE CIENCIAS Y TECNOLOGÍA;2012;49;2.241;172;172
Univ.;1056;U. IBEROAMERICANA DE CIENCIAS Y TECNOLOGÍA;2011;49;2.241;222;222
Univ.;1056;U. IBEROAMERICANA DE CIENCIAS Y TECNOLOGÍA;2010;41;1.937;222;222
Univ.;1056;U. IBEROAMERICANA DE CIENCIAS Y TECNOLOGÍA;2009;37;1.800;106;106
Univ.;1056;U. IBEROAMERICANA DE CIENCIAS Y TECNOLOGÍA;2008;34;1.724;106;106
Univ.;1056;U. IBEROAMERICANA DE CIENCIAS Y TECNOLOGÍA;2007;26;1.439;106;106
Univ.;1056;U. IBEROAMERICANA DE CIENCIAS Y TECNOLOGÍA;2006;33;1.917;125;120
Univ.;1056;U. IBEROAMERICANA DE CIENCIAS Y TECNOLOGÍA;2005;29;1.787;105;105
Univ.;1057;U. ALBERTO HURTADO;2024;80;3.554;851;851
Univ.;1057;U. ALBERTO HURTADO;2023;71;3.453;856;856
Univ.;1057;U. ALBERTO HURTADO;2022;65;3.131;709;709
Univ.;1057;U. ALBERTO HURTADO;2021;64;3.116;713;713
Univ.;1057;U. ALBERTO HURTADO;2020;32;1.310;711;711
Univ.;1057;U. ALBERTO HURTADO;2019;32;1.310;706;706
Univ.;1057;U. ALBERTO HURTADO;2018;26;1.182;697;697
Univ.;1057;U. ALBERTO HURTADO;2017;22;1.096;575;575
Univ.;1057;U. ALBERTO HURTADO;2016;20;875;575;575
Univ.;1057;U. ALBERTO HURTADO;2015;21;933;650;650
Univ.;1057;U. ALBERTO HURTADO;2014;21;933;616;616
Univ.;1057;U. ALBERTO HURTADO;2013;15;766;548;548
Univ.;1057;U. ALBERTO HURTADO;2012;14;766;508;508
Univ.;1057;U. ALBERTO HURTADO;2011;12;760;460;460
Univ.;1057;U. ALBERTO HURTADO;2010;10;680;400;400
Univ.;1057;U. ALBERTO HURTADO;2009;11;1.200;400;400
Univ.;1057;U. ALBERTO HURTADO;2008;29;1.006;334;334
Univ.;1057;U. ALBERTO HURTADO;2007;16;708;246;246
Univ.;1057;U. ALBERTO HURTADO;2006;15;628;186;186
Univ.;1057;U. ALBERTO HURTADO;2005;10;563;124;s/i
Univ.;1058;U. MIGUEL DE CERVANTES;2024;6;197;174;174
Univ.;1058;U. MIGUEL DE CERVANTES;2023;6;197;169;169
Univ.;1058;U. MIGUEL DE CERVANTES;2022;6;197;169;169
Univ.;1058;U. MIGUEL DE CERVANTES;2021;6;197;169;169
Univ.;1058;U. MIGUEL DE CERVANTES;2020;6;197;159;159
Univ.;1058;U. MIGUEL DE CERVANTES;2019;5;192;130;130
Univ.;1058;U. MIGUEL DE CERVANTES;2018;5;192;130;130
Univ.;1058;U. MIGUEL DE CERVANTES;2017;5;192;130;130
Univ.;1058;U. MIGUEL DE CERVANTES;2016;4;166;109;109
Univ.;1058;U. MIGUEL DE CERVANTES;2015;4;172;100;100
Univ.;1058;U. MIGUEL DE CERVANTES;2014;4;172;100;100
Univ.;1058;U. MIGUEL DE CERVANTES;2013;4;174;100;100
Univ.;1058;U. MIGUEL DE CERVANTES;2012;4;174;100;100
Univ.;1058;U. MIGUEL DE CERVANTES;2011;4;123;62;62
Univ.;1058;U. MIGUEL DE CERVANTES;2010;4;123;30;30
Univ.;1058;U. MIGUEL DE CERVANTES;2009;4;123;30;30
Univ.;1058;U. MIGUEL DE CERVANTES;2008;4;98;24;24
Univ.;1058;U. MIGUEL DE CERVANTES;2007;4;98;24;24
Univ.;1058;U. MIGUEL DE CERVANTES;2006;4;98;24;24
Univ.;1058;U. MIGUEL DE CERVANTES;2005;4;98;24;24
Univ.;1059;U. REGIONAL SAN MARCOS;2009;9;561;40;40
Univ.;1059;U. REGIONAL SAN MARCOS;2008;8;506;30;30
Univ.;1059;U. REGIONAL SAN MARCOS;2007;7;686;34;34
Univ.;1059;U. REGIONAL SAN MARCOS;2006;9;566;25;25
Univ.;1059;U. REGIONAL SAN MARCOS;2005;7;460;35;35
Univ.;1060;U. DE RANCAGUA;2007;6;532;90;90
Univ.;1060;U. DE RANCAGUA;2006;6;532;90;90
Univ.;1066;U. CHILENO-BRITÁNICA DE  CULTURA;2017;5;161;125;125
Univ.;1066;U. CHILENO-BRITÁNICA DE  CULTURA;2016;6;189;116;116
Univ.;1066;U. CHILENO-BRITÁNICA DE  CULTURA;2015;6;189;116;116
Univ.;1066;U. CHILENO-BRITÁNICA DE  CULTURA;2014;5;147;85;87
Univ.;1066;U. CHILENO-BRITÁNICA DE  CULTURA;2013;5;147;78;78
Univ.;1066;U. CHILENO-BRITÁNICA DE  CULTURA;2012;5;147;78;78
Univ.;1066;U. CHILENO-BRITÁNICA DE  CULTURA;2011;5;147;79;79
Univ.;1066;U. CHILENO-BRITÁNICA DE  CULTURA;2010;2;59;37;37
Univ.;1066;U. CHILENO-BRITÁNICA DE  CULTURA;2009;2;59;37;37
Univ.;1066;U. CHILENO-BRITÁNICA DE  CULTURA;2008;2;59;37;37
Univ.;1066;U. CHILENO-BRITÁNICA DE  CULTURA;2007;2;40;40;40
Univ.;1066;U. CHILENO-BRITÁNICA DE  CULTURA;2006;2;80;40;40
Univ.;1067;U. LOS LEONES;2024;20;486;124;124
Univ.;1067;U. LOS LEONES;2023;22;651;124;124
Univ.;1067;U. LOS LEONES;2022;22;651;124;124
Univ.;1067;U. LOS LEONES;2021;10;651;169;169
Univ.;1067;U. LOS LEONES;2020;10;651;169;169
Univ.;1067;U. LOS LEONES;2019;6;572;69;69
Univ.;1067;U. LOS LEONES;2018;1;65;40;40
Univ.;1067;U. LOS LEONES;2017;3;135;40;40
Univ.;1067;U. LOS LEONES;2016;15;861;55;55
Univ.;1067;U. LOS LEONES;2015;3;164;167;167
Univ.;1067;U. LOS LEONES;2014;3;125;47;47
Univ.;1067;U. LOS LEONES;2013;5;261.462;134;123
Univ.;1067;U. LOS LEONES;2012;2;129;77;77
Univ.;1067;U. LOS LEONES;2011;1;30;31;31
Univ.;1068;U. LA ARAUCANA;2015;2;120;290;250
Univ.;1068;U. LA ARAUCANA;2014;2;120;250;250
Univ.;1068;U. LA ARAUCANA;2013;2;97;60;60
Univ.;1068;U. LA ARAUCANA;2012;2;97;60;60
Univ.;1069;U. DE AYSEN;2024;9;232;195;195
Univ.;1069;U. DE AYSEN;2023;13;371;161;161
Univ.;1069;U. DE AYSEN;2022;13;371;161;161
Univ.;1069;U. DE AYSEN;2021;12;342;124;124
Univ.;1069;U. DE AYSEN;2020;10;263;72;72
Univ.;1069;U. DE AYSEN;2019;6;304;72;72
Univ.;1069;U. DE AYSEN;2018;4;159;72;72
Univ.;1069;U. DE AYSEN;2017;2;82;48;48
Univ.;1070;U. DE O`HIGGINS;2024;41;2.779;210;210
Univ.;1070;U. DE O`HIGGINS;2023;39;2.450;500;500
Univ.;1070;U. DE O`HIGGINS;2022;31;2.410;868;868
Univ.;1070;U. DE O`HIGGINS;2021;22;1.849;576;576
Univ.;1070;U. DE O`HIGGINS;2020;6;412;305;305
Univ.;1070;U. DE O`HIGGINS;2019;16;912;s/i;s/i
Univ.;1070;U. DE O`HIGGINS;2018;6;320;195;195
Univ.;1070;U. DE O`HIGGINS;2017;2;80;90;90
Univ.;1070;U. DE O`HIGGINS;2024;17;964;108;108
Univ.;1070;U. DE O`HIGGINS;2023;16;887;132;132
Univ.;1070;U. DE O`HIGGINS;2022;15;704;62;62
Univ.;1070;U. DE O`HIGGINS;2021;15;704;60;60
Univ.;1070;U. DE O`HIGGINS;2020;13;800;60;60
Univ.;1070;U. DE O`HIGGINS;2019;15;s/i;s/i;s/i
Univ.;1070;U. DE O`HIGGINS;2018;10;586;94;94
I.P.;2002;I.P. AGRARIO ADOLFO MATTHEI;2024;5;797;115;115
I.P.;2002;I.P. AGRARIO ADOLFO MATTHEI;2023;5;797;96;96
I.P.;2002;I.P. AGRARIO ADOLFO MATTHEI;2022;5;797;96;96
I.P.;2002;I.P. AGRARIO ADOLFO MATTHEI;2021;5;796;86;86
I.P.;2002;I.P. AGRARIO ADOLFO MATTHEI;2020;5;796;86;86
I.P.;2002;I.P. AGRARIO ADOLFO MATTHEI;2019;5;1.064;51;51
I.P.;2002;I.P. AGRARIO ADOLFO MATTHEI;2018;5;797;51;51
I.P.;2002;I.P. AGRARIO ADOLFO MATTHEI;2017;5;797;25;25
I.P.;2002;I.P. AGRARIO ADOLFO MATTHEI;2016;5;797;25;25
I.P.;2002;I.P. AGRARIO ADOLFO MATTHEI;2015;5;797;25;25
I.P.;2002;I.P. AGRARIO ADOLFO MATTHEI;2014;5;1.064;25;25
I.P.;2002;I.P. AGRARIO ADOLFO MATTHEI;2013;5;1.064;25;25
I.P.;2002;I.P. AGRARIO ADOLFO MATTHEI;2012;5;1.064;36;36
I.P.;2002;I.P. AGRARIO ADOLFO MATTHEI;2011;5;1.064;21;21
I.P.;2002;I.P. AGRARIO ADOLFO MATTHEI;2009;7;446;21;21
I.P.;2002;I.P. AGRARIO ADOLFO MATTHEI;2008;7;446;21;21
I.P.;2002;I.P. AGRARIO ADOLFO MATTHEI;2007;5;312;21;21
I.P.;2002;I.P. AGRARIO ADOLFO MATTHEI;2006;5;312;21;21
I.P.;2002;I.P. AGRARIO ADOLFO MATTHEI;2005;5;312;21;21
I.P.;2003;I.P. INACAP;2007;17;1.221;256;256
I.P.;2003;I.P. INACAP;2005;17;1.221;201;201
I.P.;2003;I.P. INACAP;2007;16;891;91;91
I.P.;2003;I.P. INACAP;2006;16;892;98;98
I.P.;2003;I.P. INACAP;2005;16;891;80;80
I.P.;2003;I.P. INACAP;2007;28;1.131;108;108
I.P.;2003;I.P. INACAP;2006;28;1.131;125;125
I.P.;2003;I.P. INACAP;2005;28;1.131;102;102
I.P.;2003;I.P. INACAP;2007;4;160;109;109
I.P.;2003;I.P. INACAP;2006;4;160;109;109
I.P.;2003;I.P. INACAP;2005;4;160;75;75
I.P.;2003;I.P. INACAP;2007;36;2.648;284;284
I.P.;2003;I.P. INACAP;2006;36;2.649;283;283
I.P.;2003;I.P. INACAP;2005;36;2.648;303;303
I.P.;2003;I.P. INACAP;2007;15;737;126;126
I.P.;2003;I.P. INACAP;2006;15;737;133;133
I.P.;2003;I.P. INACAP;2005;15;737;130;130
I.P.;2003;I.P. INACAP;2007;5;130;67;67
I.P.;2003;I.P. INACAP;2006;5;130;77;77
I.P.;2003;I.P. INACAP;2005;2;130;79;79
I.P.;2003;I.P. INACAP;2007;2;105;49;49
I.P.;2003;I.P. INACAP;2006;2;106;29;29
I.P.;2003;I.P. INACAP;2007;17;1.035;326;326
I.P.;2003;I.P. INACAP;2006;17;1.035;188;188
I.P.;2003;I.P. INACAP;2005;17;1.035;144;144
I.P.;2003;I.P. INACAP;2007;23;1.866;156;156
I.P.;2003;I.P. INACAP;2006;23;1.866;168;168
I.P.;2003;I.P. INACAP;2005;23;1.866;152;152
I.P.;2003;I.P. INACAP;2007;3;103;65;65
I.P.;2003;I.P. INACAP;2007;20;784;137;137
I.P.;2003;I.P. INACAP;2006;20;784;108;108
I.P.;2003;I.P. INACAP;2005;20;784;90;90
I.P.;2003;I.P. INACAP;2007;12;784;106;106
I.P.;2003;I.P. INACAP;2006;12;785;103;103
I.P.;2003;I.P. INACAP;2005;12;785;77;77
I.P.;2003;I.P. INACAP;2007;15;726;78;78
I.P.;2003;I.P. INACAP;2006;15;727;78;78
I.P.;2003;I.P. INACAP;2005;15;727;75;75
I.P.;2003;I.P. INACAP;2007;26;1.392;161;161
I.P.;2003;I.P. INACAP;2006;26;1.392;168;168
I.P.;2003;I.P. INACAP;2005;26;1.392;161;161
I.P.;2003;I.P. INACAP;2007;165;14.584;1.448;1.448
I.P.;2003;I.P. INACAP;2006;213;18.056;1.364;1.364
I.P.;2003;I.P. INACAP;2005;166;17.507;1.093;1.093
I.P.;2003;I.P. INACAP;2007;12;1.246;127;127
I.P.;2003;I.P. INACAP;2006;12;1.246;95;95
I.P.;2003;I.P. INACAP;2005;12;1.247;71;71
I.P.;2003;I.P. INACAP;2007;31;1.879;273;273
I.P.;2003;I.P. INACAP;2006;31;1.879;254;254
I.P.;2003;I.P. INACAP;2005;31;1.879;236;236
I.P.;2003;I.P. INACAP;2007;19;950;117;117
I.P.;2003;I.P. INACAP;2006;19;950;127;127
I.P.;2003;I.P. INACAP;2005;19;950;78;78
I.P.;2003;I.P. INACAP;2007;53;3.498;159;159
I.P.;2003;I.P. INACAP;2006;53;3.498;249;249
I.P.;2003;I.P. INACAP;2005;53;3.498;326;326
I.P.;2004;I.P. CS. DE LA COMPUTACIÓN ACUARIO DATA;2011;5;530;25;50
I.P.;2004;I.P. CS. DE LA COMPUTACIÓN ACUARIO DATA;2010;5;530;25;50
I.P.;2004;I.P. CS. DE LA COMPUTACIÓN ACUARIO DATA;2009;3;430;25;100
I.P.;2004;I.P. CS. DE LA COMPUTACIÓN ACUARIO DATA;2007;7;314;100;100
I.P.;2004;I.P. CS. DE LA COMPUTACIÓN ACUARIO DATA;2006;9;314;115;115
I.P.;2004;I.P. CS. DE LA COMPUTACIÓN ACUARIO DATA;2005;9;280;108;108
I.P.;2005;I.P. ESC. DE CONTADORES AUDITORES DE STGO.;2024;3;200;76;76
I.P.;2005;I.P. ESC. DE CONTADORES AUDITORES DE STGO.;2023;3;200;76;76
I.P.;2005;I.P. ESC. DE CONTADORES AUDITORES DE STGO.;2022;3;200;62;62
I.P.;2005;I.P. ESC. DE CONTADORES AUDITORES DE STGO.;2021;3;200;62;62
I.P.;2005;I.P. ESC. DE CONTADORES AUDITORES DE STGO.;2020;3;200;62;62
I.P.;2005;I.P. ESC. DE CONTADORES AUDITORES DE STGO.;2019;3;200;42;42
I.P.;2005;I.P. ESC. DE CONTADORES AUDITORES DE STGO.;2018;3;200;42;42
I.P.;2005;I.P. ESC. DE CONTADORES AUDITORES DE STGO.;2017;3;200;42;42
I.P.;2005;I.P. ESC. DE CONTADORES AUDITORES DE STGO.;2016;3;200;42;52
I.P.;2005;I.P. ESC. DE CONTADORES AUDITORES DE STGO.;2015;3;200;60;87
I.P.;2005;I.P. ESC. DE CONTADORES AUDITORES DE STGO.;2014;3;200;60;87
I.P.;2005;I.P. ESC. DE CONTADORES AUDITORES DE STGO.;2013;4;200;88;88
I.P.;2005;I.P. ESC. DE CONTADORES AUDITORES DE STGO.;2012;4;200;76;76
I.P.;2005;I.P. ESC. DE CONTADORES AUDITORES DE STGO.;2011;4;200;76;76
I.P.;2005;I.P. ESC. DE CONTADORES AUDITORES DE STGO.;2010;4;200;70;70
I.P.;2005;I.P. ESC. DE CONTADORES AUDITORES DE STGO.;2009;4;200;70;70
I.P.;2005;I.P. ESC. DE CONTADORES AUDITORES DE STGO.;2008;4;200;56;56
I.P.;2005;I.P. ESC. DE CONTADORES AUDITORES DE STGO.;2007;4;200;70;70
I.P.;2005;I.P. ESC. DE CONTADORES AUDITORES DE STGO.;2006;4;140;50;50
I.P.;2005;I.P. ESC. DE CONTADORES AUDITORES DE STGO.;2005;3;100;40;40
I.P.;2006;I.P. DE ARTES Y COMUNICACIÓN ARCOS;2005;2;39;12;12
I.P.;2006;I.P. DE ARTES Y COMUNICACIÓN ARCOS;2024;88;3.420;583;583
I.P.;2006;I.P. DE ARTES Y COMUNICACIÓN ARCOS;2023;81;3.594;484;484
I.P.;2006;I.P. DE ARTES Y COMUNICACIÓN ARCOS;2022;95;3.353;449;449
I.P.;2006;I.P. DE ARTES Y COMUNICACIÓN ARCOS;2021;70;3.059;437;437
I.P.;2006;I.P. DE ARTES Y COMUNICACIÓN ARCOS;2020;67;2.437;428;428
I.P.;2006;I.P. DE ARTES Y COMUNICACIÓN ARCOS;2019;63;2.267;363;363
I.P.;2006;I.P. DE ARTES Y COMUNICACIÓN ARCOS;2018;54;1.781;355;355
I.P.;2006;I.P. DE ARTES Y COMUNICACIÓN ARCOS;2017;52;1.698;309;309
I.P.;2006;I.P. DE ARTES Y COMUNICACIÓN ARCOS;2016;56;1.610;302;302
I.P.;2006;I.P. DE ARTES Y COMUNICACIÓN ARCOS;2015;51;1.450;300;300
I.P.;2006;I.P. DE ARTES Y COMUNICACIÓN ARCOS;2014;49;1.338;245;245
I.P.;2006;I.P. DE ARTES Y COMUNICACIÓN ARCOS;2013;35;1.040;230;230
I.P.;2006;I.P. DE ARTES Y COMUNICACIÓN ARCOS;2012;34;980;215;215
I.P.;2006;I.P. DE ARTES Y COMUNICACIÓN ARCOS;2011;34;980;215;215
I.P.;2006;I.P. DE ARTES Y COMUNICACIÓN ARCOS;2010;34;980;200;200
I.P.;2006;I.P. DE ARTES Y COMUNICACIÓN ARCOS;2009;32;900;140;124
I.P.;2006;I.P. DE ARTES Y COMUNICACIÓN ARCOS;2005;20;481;69;64
I.P.;2006;I.P. DE ARTES Y COMUNICACIÓN ARCOS;2024;20;796;198;198
I.P.;2006;I.P. DE ARTES Y COMUNICACIÓN ARCOS;2023;22;887;166;166
I.P.;2006;I.P. DE ARTES Y COMUNICACIÓN ARCOS;2022;19;751;133;133
I.P.;2006;I.P. DE ARTES Y COMUNICACIÓN ARCOS;2021;17;623;133;133
I.P.;2006;I.P. DE ARTES Y COMUNICACIÓN ARCOS;2020;11;461;91;91
I.P.;2006;I.P. DE ARTES Y COMUNICACIÓN ARCOS;2019;11;461;88;88
I.P.;2006;I.P. DE ARTES Y COMUNICACIÓN ARCOS;2018;10;263;86;86
I.P.;2006;I.P. DE ARTES Y COMUNICACIÓN ARCOS;2017;9;243;85;85
I.P.;2006;I.P. DE ARTES Y COMUNICACIÓN ARCOS;2016;9;243;73;73
I.P.;2006;I.P. DE ARTES Y COMUNICACIÓN ARCOS;2015;9;243;70;70
I.P.;2006;I.P. DE ARTES Y COMUNICACIÓN ARCOS;2014;9;243;60;60
I.P.;2006;I.P. DE ARTES Y COMUNICACIÓN ARCOS;2013;7;200;45;45
I.P.;2006;I.P. DE ARTES Y COMUNICACIÓN ARCOS;2012;5;150;36;36
I.P.;2006;I.P. DE ARTES Y COMUNICACIÓN ARCOS;2011;5;150;36;36
I.P.;2006;I.P. DE ARTES Y COMUNICACIÓN ARCOS;2010;5;150;36;36
I.P.;2006;I.P. DE ARTES Y COMUNICACIÓN ARCOS;2009;3;100;20;25
I.P.;2007;I.P. GUILLERMO SUBERCASEAUX;2024;7;266;74;74
I.P.;2007;I.P. GUILLERMO SUBERCASEAUX;2023;7;266;75;75
I.P.;2007;I.P. GUILLERMO SUBERCASEAUX;2022;9;350;144;144
I.P.;2007;I.P. GUILLERMO SUBERCASEAUX;2021;9;350;144;144
I.P.;2007;I.P. GUILLERMO SUBERCASEAUX;2020;5;229;87;87
I.P.;2007;I.P. GUILLERMO SUBERCASEAUX;2019;3;183;105;105
I.P.;2007;I.P. GUILLERMO SUBERCASEAUX;2018;3;200;105;105
I.P.;2007;I.P. GUILLERMO SUBERCASEAUX;2017;3;200;88;88
I.P.;2007;I.P. GUILLERMO SUBERCASEAUX;2016;3;200;81;81
I.P.;2007;I.P. GUILLERMO SUBERCASEAUX;2015;3;199;80;80
I.P.;2007;I.P. GUILLERMO SUBERCASEAUX;2014;2;109;58;58
I.P.;2007;I.P. GUILLERMO SUBERCASEAUX;2013;2;105;58;60
I.P.;2007;I.P. GUILLERMO SUBERCASEAUX;2012;2;105;58;60
I.P.;2007;I.P. GUILLERMO SUBERCASEAUX;2011;2;105;58;60
I.P.;2007;I.P. GUILLERMO SUBERCASEAUX;2010;2;105;58;58
I.P.;2007;I.P. GUILLERMO SUBERCASEAUX;2009;2;105;66;66
I.P.;2007;I.P. GUILLERMO SUBERCASEAUX;2008;2;105;63;65
I.P.;2007;I.P. GUILLERMO SUBERCASEAUX;2007;1;35;25;25
I.P.;2007;I.P. GUILLERMO SUBERCASEAUX;2006;1;35;25;25
I.P.;2007;I.P. GUILLERMO SUBERCASEAUX;2005;1;35;21;21
I.P.;2007;I.P. GUILLERMO SUBERCASEAUX;2024;7;266;128;128
I.P.;2007;I.P. GUILLERMO SUBERCASEAUX;2023;7;266;126;126
I.P.;2007;I.P. GUILLERMO SUBERCASEAUX;2022;8;314;245;245
I.P.;2007;I.P. GUILLERMO SUBERCASEAUX;2021;8;314;245;245
I.P.;2007;I.P. GUILLERMO SUBERCASEAUX;2020;5;204;113;113
I.P.;2007;I.P. GUILLERMO SUBERCASEAUX;2019;1;173;115;115
I.P.;2007;I.P. GUILLERMO SUBERCASEAUX;2018;3;93;115;115
I.P.;2007;I.P. GUILLERMO SUBERCASEAUX;2017;4;160;84;84
I.P.;2007;I.P. GUILLERMO SUBERCASEAUX;2016;3;155;74;74
I.P.;2007;I.P. GUILLERMO SUBERCASEAUX;2015;3;150;65;65
I.P.;2007;I.P. GUILLERMO SUBERCASEAUX;2014;2;83;56;56
I.P.;2007;I.P. GUILLERMO SUBERCASEAUX;2013;2;83;64;64
I.P.;2007;I.P. GUILLERMO SUBERCASEAUX;2012;2;83;64;64
I.P.;2007;I.P. GUILLERMO SUBERCASEAUX;2011;2;83;64;64
I.P.;2007;I.P. GUILLERMO SUBERCASEAUX;2010;2;83;64;64
I.P.;2007;I.P. GUILLERMO SUBERCASEAUX;2009;2;83;64;64
I.P.;2007;I.P. GUILLERMO SUBERCASEAUX;2008;2;83;64;64
I.P.;2007;I.P. GUILLERMO SUBERCASEAUX;2007;1;31;22;22
I.P.;2007;I.P. GUILLERMO SUBERCASEAUX;2006;1;31;22;22
I.P.;2007;I.P. GUILLERMO SUBERCASEAUX;2005;1;31;23;21
I.P.;2007;I.P. GUILLERMO SUBERCASEAUX;2024;21;1.169;398;398
I.P.;2007;I.P. GUILLERMO SUBERCASEAUX;2023;21;1.169;398;398
I.P.;2007;I.P. GUILLERMO SUBERCASEAUX;2022;21;1.169;693;693
I.P.;2007;I.P. GUILLERMO SUBERCASEAUX;2021;21;1.169;693;693
I.P.;2007;I.P. GUILLERMO SUBERCASEAUX;2020;17;999;553;553
I.P.;2007;I.P. GUILLERMO SUBERCASEAUX;2019;12;1.025;530;530
I.P.;2007;I.P. GUILLERMO SUBERCASEAUX;2018;14;827;520;520
I.P.;2007;I.P. GUILLERMO SUBERCASEAUX;2017;12;827;553;553
I.P.;2007;I.P. GUILLERMO SUBERCASEAUX;2016;12;827;448;448
I.P.;2007;I.P. GUILLERMO SUBERCASEAUX;2015;11;858;392;392
I.P.;2007;I.P. GUILLERMO SUBERCASEAUX;2014;10;600;376;376
I.P.;2007;I.P. GUILLERMO SUBERCASEAUX;2013;10;107;412;412
I.P.;2007;I.P. GUILLERMO SUBERCASEAUX;2012;10;107;412;412
I.P.;2007;I.P. GUILLERMO SUBERCASEAUX;2011;10;107;412;412
I.P.;2007;I.P. GUILLERMO SUBERCASEAUX;2010;8;55;340;340
I.P.;2007;I.P. GUILLERMO SUBERCASEAUX;2009;8;55;340;340
I.P.;2007;I.P. GUILLERMO SUBERCASEAUX;2008;7;64;311;311
I.P.;2007;I.P. GUILLERMO SUBERCASEAUX;2007;6;380;241;241
I.P.;2007;I.P. GUILLERMO SUBERCASEAUX;2006;4;250;170;170
I.P.;2007;I.P. GUILLERMO SUBERCASEAUX;2005;4;250;170;170
I.P.;2007;I.P. GUILLERMO SUBERCASEAUX;2024;7;257;98;98
I.P.;2007;I.P. GUILLERMO SUBERCASEAUX;2023;9;329;149;149
I.P.;2007;I.P. GUILLERMO SUBERCASEAUX;2022;9;329;188;188
I.P.;2007;I.P. GUILLERMO SUBERCASEAUX;2021;9;329;188;188
I.P.;2007;I.P. GUILLERMO SUBERCASEAUX;2020;6;264;126;126
I.P.;2007;I.P. GUILLERMO SUBERCASEAUX;2019;4;160;123;123
I.P.;2007;I.P. GUILLERMO SUBERCASEAUX;2018;4;265;99;99
I.P.;2007;I.P. GUILLERMO SUBERCASEAUX;2017;4;265;109;109
I.P.;2007;I.P. GUILLERMO SUBERCASEAUX;2016;4;265;95;95
I.P.;2007;I.P. GUILLERMO SUBERCASEAUX;2015;4;170;61;61
I.P.;2007;I.P. GUILLERMO SUBERCASEAUX;2014;2;63;51;51
I.P.;2007;I.P. GUILLERMO SUBERCASEAUX;2013;2;63;46;46
I.P.;2007;I.P. GUILLERMO SUBERCASEAUX;2012;2;63;46;46
I.P.;2007;I.P. GUILLERMO SUBERCASEAUX;2011;2;63;46;46
I.P.;2007;I.P. GUILLERMO SUBERCASEAUX;2010;2;63;46;46
I.P.;2007;I.P. GUILLERMO SUBERCASEAUX;2009;2;63;46;46
I.P.;2007;I.P. GUILLERMO SUBERCASEAUX;2008;1;38;28;28
I.P.;2007;I.P. GUILLERMO SUBERCASEAUX;2007;1;36;32;32
I.P.;2007;I.P. GUILLERMO SUBERCASEAUX;2006;1;36;32;32
I.P.;2007;I.P. GUILLERMO SUBERCASEAUX;2005;1;36;32;32
I.P.;2007;I.P. GUILLERMO SUBERCASEAUX;2024;4;144;88;88
I.P.;2007;I.P. GUILLERMO SUBERCASEAUX;2023;6;220;95;95
I.P.;2007;I.P. GUILLERMO SUBERCASEAUX;2022;6;220;120;120
I.P.;2007;I.P. GUILLERMO SUBERCASEAUX;2021;6;220;120;120
I.P.;2007;I.P. GUILLERMO SUBERCASEAUX;2020;4;148;68;68
I.P.;2007;I.P. GUILLERMO SUBERCASEAUX;2019;2;62;56;56
I.P.;2007;I.P. GUILLERMO SUBERCASEAUX;2018;2;75;56;56
I.P.;2007;I.P. GUILLERMO SUBERCASEAUX;2017;2;75;64;64
I.P.;2007;I.P. GUILLERMO SUBERCASEAUX;2016;2;234;54;54
I.P.;2007;I.P. GUILLERMO SUBERCASEAUX;2015;2;140;50;50
I.P.;2007;I.P. GUILLERMO SUBERCASEAUX;2014;1;39;28;28
I.P.;2007;I.P. GUILLERMO SUBERCASEAUX;2013;1;40;28;28
I.P.;2007;I.P. GUILLERMO SUBERCASEAUX;2012;1;40;28;28
I.P.;2007;I.P. GUILLERMO SUBERCASEAUX;2011;1;40;28;28
I.P.;2007;I.P. GUILLERMO SUBERCASEAUX;2010;1;40;28;28
I.P.;2007;I.P. GUILLERMO SUBERCASEAUX;2009;1;40;28;28
I.P.;2007;I.P. GUILLERMO SUBERCASEAUX;2008;1;40;28;28
I.P.;2007;I.P. GUILLERMO SUBERCASEAUX;2007;1;25;19;19
I.P.;2007;I.P. GUILLERMO SUBERCASEAUX;2005;1;25;17;17
I.P.;2008;I.P. LIBERTADOR DE LOS ANDES;2024;1;45;21;21
I.P.;2008;I.P. LIBERTADOR DE LOS ANDES;2023;1;45;21;21
I.P.;2008;I.P. LIBERTADOR DE LOS ANDES;2022;1;45;21;21
I.P.;2008;I.P. LIBERTADOR DE LOS ANDES;2021;1;45;21;21
I.P.;2008;I.P. LIBERTADOR DE LOS ANDES;2020;1;45;21;21
I.P.;2008;I.P. LIBERTADOR DE LOS ANDES;2019;1;45;21;21
I.P.;2008;I.P. LIBERTADOR DE LOS ANDES;2018;1;45;21;21
I.P.;2008;I.P. LIBERTADOR DE LOS ANDES;2017;1;45;21;21
I.P.;2008;I.P. LIBERTADOR DE LOS ANDES;2016;1;45;21;21
I.P.;2008;I.P. LIBERTADOR DE LOS ANDES;2015;1;45;21;21
I.P.;2008;I.P. LIBERTADOR DE LOS ANDES;2014;1;100;17;17
I.P.;2008;I.P. LIBERTADOR DE LOS ANDES;2013;1;100;17;17
I.P.;2008;I.P. LIBERTADOR DE LOS ANDES;2009;2;40;20;20
I.P.;2008;I.P. LIBERTADOR DE LOS ANDES;2007;2;40;16;16
I.P.;2008;I.P. LIBERTADOR DE LOS ANDES;2006;2;100;16;16
I.P.;2008;I.P. LIBERTADOR DE LOS ANDES;2005;2;100;11;11
I.P.;2008;I.P. LIBERTADOR DE LOS ANDES;2007;1;35;13;13
I.P.;2008;I.P. LIBERTADOR DE LOS ANDES;2006;1;35;13;13
I.P.;2008;I.P. LIBERTADOR DE LOS ANDES;2005;1;35;13;13
I.P.;2009;I.P. CAMPVS;2006;23;1.807;192;192
I.P.;2009;I.P. CAMPVS;2005;14;953;30;20
I.P.;2009;I.P. CAMPVS;2006;168;21.796;1.711;1.711
I.P.;2009;I.P. CAMPVS;2005;104;6.814;512;512
I.P.;2009;I.P. CAMPVS;2006;20;1.303;138;138
I.P.;2010;I.P. CHILENO BRITÁNICO;2024;5;161;81;81
I.P.;2010;I.P. CHILENO BRITÁNICO;2023;4;145;73;73
I.P.;2010;I.P. CHILENO BRITÁNICO;2022;4;145;73;73
I.P.;2010;I.P. CHILENO BRITÁNICO;2021;3;117;54;54
I.P.;2010;I.P. CHILENO BRITÁNICO;2020;3;117;54;54
I.P.;2010;I.P. CHILENO BRITÁNICO;2019;1;49;22;22
I.P.;2010;I.P. CHILENO BRITÁNICO;2018;1;49;22;22
I.P.;2010;I.P. CHILENO BRITÁNICO;2017;1;49;22;22
I.P.;2010;I.P. CHILENO BRITÁNICO;2016;1;49;22;22
I.P.;2010;I.P. CHILENO BRITÁNICO;2015;1;49;22;22
I.P.;2010;I.P. CHILENO BRITÁNICO;2014;1;49;22;22
I.P.;2010;I.P. CHILENO BRITÁNICO;2013;1;49;22;22
I.P.;2010;I.P. CHILENO BRITÁNICO;2005;1;74;16;16
I.P.;2011;I.P. PROVIDENCIA;2020;s/i;s/i;80;80
I.P.;2011;I.P. PROVIDENCIA;2019;2;32;80;80
I.P.;2011;I.P. PROVIDENCIA;2018;2;32;80;80
I.P.;2011;I.P. PROVIDENCIA;2016;5;162;s/i;s/i
I.P.;2011;I.P. PROVIDENCIA;2015;9;337;208;208
I.P.;2011;I.P. PROVIDENCIA;2014;14;613;343;343
I.P.;2011;I.P. PROVIDENCIA;2013;14;613;343;343
I.P.;2011;I.P. PROVIDENCIA;2012;8;340;100;100
I.P.;2011;I.P. PROVIDENCIA;2011;8;340;100;100
I.P.;2011;I.P. PROVIDENCIA;2010;7;311;95;95
I.P.;2011;I.P. PROVIDENCIA;2009;7;311;102;102
I.P.;2011;I.P. PROVIDENCIA;2008;4;183;99;99
I.P.;2011;I.P. PROVIDENCIA;2007;3;122;47;47
I.P.;2011;I.P. PROVIDENCIA;2006;5;105;42;42
I.P.;2011;I.P. PROVIDENCIA;2005;1;62;37;37
I.P.;2011;I.P. PROVIDENCIA;2019;3;90;46;46
I.P.;2011;I.P. PROVIDENCIA;2018;3;90;46;46
I.P.;2011;I.P. PROVIDENCIA;2016;3;105;72;72
I.P.;2011;I.P. PROVIDENCIA;2015;1;35;49;49
I.P.;2011;I.P. PROVIDENCIA;2014;5;223;173;173
I.P.;2011;I.P. PROVIDENCIA;2013;5;223;173;173
I.P.;2011;I.P. PROVIDENCIA;2012;1;37;40;40
I.P.;2011;I.P. PROVIDENCIA;2011;1;18;6;6
I.P.;2011;I.P. PROVIDENCIA;2016;16;617;125;125
I.P.;2011;I.P. PROVIDENCIA;2015;23;1.175;420;420
I.P.;2011;I.P. PROVIDENCIA;2014;23;1.175;460;460
I.P.;2011;I.P. PROVIDENCIA;2013;23;1.175;460;460
I.P.;2011;I.P. PROVIDENCIA;2012;15;802;141;141
I.P.;2011;I.P. PROVIDENCIA;2011;15;802;171;171
I.P.;2011;I.P. PROVIDENCIA;2010;14;734;171;171
I.P.;2011;I.P. PROVIDENCIA;2009;14;692;192;192
I.P.;2011;I.P. PROVIDENCIA;2008;12;676;185;185
I.P.;2011;I.P. PROVIDENCIA;2007;7;195;146;146
I.P.;2011;I.P. PROVIDENCIA;2006;11;269;127;127
I.P.;2011;I.P. PROVIDENCIA;2005;4;248;87;87
I.P.;2011;I.P. PROVIDENCIA;2024;s/i;s/i;s/i;163
I.P.;2011;I.P. PROVIDENCIA;2023;s/i;s/i;s/i;196
I.P.;2011;I.P. PROVIDENCIA;2021;14;700;160;160
I.P.;2011;I.P. PROVIDENCIA;2020;14;700;160;160
I.P.;2011;I.P. PROVIDENCIA;2019;14;700;378;378
I.P.;2011;I.P. PROVIDENCIA;2018;14;700;378;378
I.P.;2011;I.P. PROVIDENCIA;2019;2;60;44;44
I.P.;2011;I.P. PROVIDENCIA;2018;2;60;44;44
I.P.;2011;I.P. PROVIDENCIA;2015;s/i;s/i;179;179
I.P.;2011;I.P. PROVIDENCIA;2014;5;161;179;179
I.P.;2011;I.P. PROVIDENCIA;2013;5;161;179;179
I.P.;2011;I.P. PROVIDENCIA;2012;1;10;7;7
I.P.;2011;I.P. PROVIDENCIA;2011;1;10;7;7
I.P.;2011;I.P. PROVIDENCIA;2019;4;142;40;40
I.P.;2011;I.P. PROVIDENCIA;2018;4;142;40;40
I.P.;2011;I.P. PROVIDENCIA;2016;2;126;13;13
I.P.;2011;I.P. PROVIDENCIA;2015;4;173;136;136
I.P.;2011;I.P. PROVIDENCIA;2014;3;151;125;125
I.P.;2011;I.P. PROVIDENCIA;2013;3;151;125;125
I.P.;2011;I.P. PROVIDENCIA;2012;5;73;33;33
I.P.;2011;I.P. PROVIDENCIA;2011;1;73;33;33
I.P.;2012;I.P. DUOC UC;2024;8;433;246;246
I.P.;2012;I.P. DUOC UC;2023;8;433;208;208
I.P.;2012;I.P. DUOC UC;2022;8;433;209;209
I.P.;2012;I.P. DUOC UC;2021;8;440;204;204
I.P.;2012;I.P. DUOC UC;2020;7;370;177;177
I.P.;2012;I.P. DUOC UC;2019;7;331;136;136
I.P.;2012;I.P. DUOC UC;2016;8;410;s/i;s/i
I.P.;2012;I.P. DUOC UC;2024;13;669;416;416
I.P.;2012;I.P. DUOC UC;2024;82;4.154;1.754;1.754
I.P.;2012;I.P. DUOC UC;2023;82;4.154;1.484;1.484
I.P.;2012;I.P. DUOC UC;2022;82;4.154;1.433;1.433
I.P.;2012;I.P. DUOC UC;2021;82;4.154;1.353;1.353
I.P.;2012;I.P. DUOC UC;2020;61;3.315;1.023;1.023
I.P.;2012;I.P. DUOC UC;2019;60;3.230;842;842
I.P.;2012;I.P. DUOC UC;2016;60;3.342;567;567
I.P.;2012;I.P. DUOC UC;2007;46;1.814;330;234
I.P.;2012;I.P. DUOC UC;2006;58;1.854;326;195
I.P.;2012;I.P. DUOC UC;2005;13;512;315;101
I.P.;2012;I.P. DUOC UC;2024;622;39.124;17.317;17.317
I.P.;2012;I.P. DUOC UC;2023;614;38.649;15.581;15.581
I.P.;2012;I.P. DUOC UC;2022;614;38.649;14.824;14.824
I.P.;2012;I.P. DUOC UC;2021;607;38.384;14.603;14.603
I.P.;2012;I.P. DUOC UC;2020;627;38.087;10.039;10.039
I.P.;2012;I.P. DUOC UC;2019;645;39.733;8.823;8.823
I.P.;2012;I.P. DUOC UC;2016;552;39.349;6.788;6.714
I.P.;2012;I.P. DUOC UC;2007;189;9.820;2.471;1.976
I.P.;2012;I.P. DUOC UC;2006;167;8.440;1.750;1.050
I.P.;2012;I.P. DUOC UC;2005;142;7.737;1.338;599
I.P.;2012;I.P. DUOC UC;2024;34;2.832;670;670
I.P.;2012;I.P. DUOC UC;2023;32;2.706;607;607
I.P.;2012;I.P. DUOC UC;2022;32;2.706;453;453
I.P.;2012;I.P. DUOC UC;2021;31;2.706;145;145
I.P.;2012;I.P. DUOC UC;2020;21;1.445;133;133
I.P.;2012;I.P. DUOC UC;2024;70;4.416;1.298;1.298
I.P.;2012;I.P. DUOC UC;2023;68;4.115;1.384;1.384
I.P.;2012;I.P. DUOC UC;2022;68;4.115;1.672;1.672
I.P.;2012;I.P. DUOC UC;2021;68;4.115;1.649;1.649
I.P.;2012;I.P. DUOC UC;2020;69;4.089;684;684
I.P.;2012;I.P. DUOC UC;2019;69;4.089;684;684
I.P.;2012;I.P. DUOC UC;2016;80;8.882;405;385
I.P.;2012;I.P. DUOC UC;2007;25;1.746;403;380
I.P.;2012;I.P. DUOC UC;2006;25;1.746;339;203
I.P.;2012;I.P. DUOC UC;2005;25;1.746;335;129
I.P.;2012;I.P. DUOC UC;2024;8;539;141;141
I.P.;2012;I.P. DUOC UC;2023;7;491;135;135
I.P.;2012;I.P. DUOC UC;2022;7;491;117;117
I.P.;2012;I.P. DUOC UC;2021;7;491;45;45
I.P.;2012;I.P. DUOC UC;2020;7;536;54;54
I.P.;2012;I.P. DUOC UC;2024;57;4.210;1.510;1.510
I.P.;2012;I.P. DUOC UC;2023;57;4.210;1.610;1.610
I.P.;2012;I.P. DUOC UC;2022;57;4.210;1.307;1.307
I.P.;2012;I.P. DUOC UC;2021;57;4.210;1.227;1.227
I.P.;2012;I.P. DUOC UC;2020;56;3.959;958;958
I.P.;2012;I.P. DUOC UC;2019;56;3.959;878;878
I.P.;2012;I.P. DUOC UC;2016;60;3.985;848;836
I.P.;2012;I.P. DUOC UC;2007;41;2.238;303;175
I.P.;2012;I.P. DUOC UC;2006;34;1.719;284;168
I.P.;2012;I.P. DUOC UC;2005;34;1.719;248;81
I.P.;2013;I.P. IPEGE;2024;6;183;15;15
I.P.;2013;I.P. IPEGE;2023;6;183;21;21
I.P.;2013;I.P. IPEGE;2022;6;183;47;47
I.P.;2013;I.P. IPEGE;2021;6;183;47;47
I.P.;2013;I.P. IPEGE;2020;5;157;31;31
I.P.;2013;I.P. IPEGE;2019;2;61;35;35
I.P.;2013;I.P. IPEGE;2018;2;61;35;35
I.P.;2013;I.P. IPEGE;2017;2;49;35;35
I.P.;2013;I.P. IPEGE;2016;2;49;35;35
I.P.;2013;I.P. IPEGE;2015;2;81;31;31
I.P.;2013;I.P. IPEGE;2014;2;81;31;31
I.P.;2013;I.P. IPEGE;2013;2;50;37;37
I.P.;2013;I.P. IPEGE;2012;2;50;36;36
I.P.;2013;I.P. IPEGE;2024;8;214;42;42
I.P.;2013;I.P. IPEGE;2023;8;268;40;40
I.P.;2013;I.P. IPEGE;2022;8;268;45;45
I.P.;2013;I.P. IPEGE;2021;8;268;45;45
I.P.;2013;I.P. IPEGE;2020;9;214;29;29
I.P.;2013;I.P. IPEGE;2019;6;256;35;35
I.P.;2013;I.P. IPEGE;2018;5;228;35;35
I.P.;2013;I.P. IPEGE;2017;5;228;35;35
I.P.;2013;I.P. IPEGE;2016;5;228;35;35
I.P.;2013;I.P. IPEGE;2015;4;429;27;27
I.P.;2013;I.P. IPEGE;2014;3;303;26;26
I.P.;2013;I.P. IPEGE;2013;5;284;32;32
I.P.;2013;I.P. IPEGE;2012;3;118;23;23
I.P.;2013;I.P. IPEGE;2024;s/i;s/i;46;46
I.P.;2013;I.P. IPEGE;2023;3;272;46;46
I.P.;2013;I.P. IPEGE;2022;3;272;20;20
I.P.;2013;I.P. IPEGE;2021;3;272;20;20
I.P.;2013;I.P. IPEGE;2020;s/i;s/i;20;20
I.P.;2013;I.P. IPEGE;2024;8;2.200;52;52
I.P.;2013;I.P. IPEGE;2023;6;2.068;92;62
I.P.;2013;I.P. IPEGE;2022;8;1.828;86;86
I.P.;2013;I.P. IPEGE;2021;8;1.828;86;86
I.P.;2013;I.P. IPEGE;2020;6;1.448;70;70
I.P.;2013;I.P. IPEGE;2019;6;1.448;63;63
I.P.;2013;I.P. IPEGE;2018;7;1.510;52;52
I.P.;2013;I.P. IPEGE;2017;7;1.510;52;52
I.P.;2013;I.P. IPEGE;2016;7;1.510;70;70
I.P.;2013;I.P. IPEGE;2014;6;678;73;73
I.P.;2013;I.P. IPEGE;2013;6;538;7;7
I.P.;2013;I.P. IPEGE;2024;5;158;37;37
I.P.;2013;I.P. IPEGE;2023;5;158;37;37
I.P.;2013;I.P. IPEGE;2022;10;464;72;72
I.P.;2013;I.P. IPEGE;2021;10;464;72;72
I.P.;2013;I.P. IPEGE;2020;10;464;56;56
I.P.;2013;I.P. IPEGE;2019;10;471;63;63
I.P.;2013;I.P. IPEGE;2018;8;407;63;63
I.P.;2013;I.P. IPEGE;2017;9;342;63;63
I.P.;2013;I.P. IPEGE;2016;10;375;66;66
I.P.;2013;I.P. IPEGE;2015;9;761;94;94
I.P.;2013;I.P. IPEGE;2014;9;761;108;108
I.P.;2013;I.P. IPEGE;2013;9;761;92;92
I.P.;2013;I.P. IPEGE;2012;9;407;92;92
I.P.;2013;I.P. IPEGE;2024;5;212;61;61
I.P.;2013;I.P. IPEGE;2023;5;212;61;61
I.P.;2013;I.P. IPEGE;2022;5;212;61;61
I.P.;2013;I.P. IPEGE;2021;8;348;61;61
I.P.;2013;I.P. IPEGE;2020;9;333;45;45
I.P.;2013;I.P. IPEGE;2019;8;284;34;34
I.P.;2013;I.P. IPEGE;2018;7;233;34;34
I.P.;2013;I.P. IPEGE;2017;7;233;34;34
I.P.;2013;I.P. IPEGE;2016;6;175;34;34
I.P.;2013;I.P. IPEGE;2015;4;129;30;30
I.P.;2013;I.P. IPEGE;2014;14;573;40;40
I.P.;2013;I.P. IPEGE;2013;14;573;40;40
I.P.;2013;I.P. IPEGE;2012;2;64;25;25
I.P.;2013;I.P. IPEGE;2007;13;253;110;110
I.P.;2013;I.P. IPEGE;2006;19;536;83;82
I.P.;2013;I.P. IPEGE;2005;19;536;109;108
I.P.;2013;I.P. IPEGE;2024;4;121;37;33
I.P.;2013;I.P. IPEGE;2023;10;365;46;46
I.P.;2013;I.P. IPEGE;2022;10;365;46;46
I.P.;2013;I.P. IPEGE;2021;8;300;46;46
I.P.;2013;I.P. IPEGE;2020;7;210;30;30
I.P.;2013;I.P. IPEGE;2019;3;175;15;15
I.P.;2013;I.P. IPEGE;2018;3;175;20;20
I.P.;2014;I.P. ESCUELA MODERNA DE MÚSICA;2024;5;135;35;35
I.P.;2014;I.P. ESCUELA MODERNA DE MÚSICA;2023;5;135;30;30
I.P.;2014;I.P. ESCUELA MODERNA DE MÚSICA;2022;5;135;28;28
I.P.;2014;I.P. ESCUELA MODERNA DE MÚSICA;2021;5;135;28;28
I.P.;2014;I.P. ESCUELA MODERNA DE MÚSICA;2020;3;70;18;8
I.P.;2014;I.P. ESCUELA MODERNA DE MÚSICA;2019;3;s/i;9;9
I.P.;2014;I.P. ESCUELA MODERNA DE MÚSICA;2016;2;131;14;14
I.P.;2014;I.P. ESCUELA MODERNA DE MÚSICA;2015;2;131;8;8
I.P.;2014;I.P. ESCUELA MODERNA DE MÚSICA;2014;2;220;19;19
I.P.;2014;I.P. ESCUELA MODERNA DE MÚSICA;2013;2;220;19;19
I.P.;2014;I.P. ESCUELA MODERNA DE MÚSICA;2012;2;220;19;19
I.P.;2014;I.P. ESCUELA MODERNA DE MÚSICA;2011;1;80;8;8
I.P.;2014;I.P. ESCUELA MODERNA DE MÚSICA;2008;1;80;6;6
I.P.;2014;I.P. ESCUELA MODERNA DE MÚSICA;2007;1;8;2;2
I.P.;2014;I.P. ESCUELA MODERNA DE MÚSICA;2006;1;80;2;2
I.P.;2014;I.P. ESCUELA MODERNA DE MÚSICA;2024;9;297;90;90
I.P.;2014;I.P. ESCUELA MODERNA DE MÚSICA;2023;8;265;73;73
I.P.;2014;I.P. ESCUELA MODERNA DE MÚSICA;2022;9;265;71;71
I.P.;2014;I.P. ESCUELA MODERNA DE MÚSICA;2021;8;265;65;65
I.P.;2014;I.P. ESCUELA MODERNA DE MÚSICA;2020;8;244;63;63
I.P.;2014;I.P. ESCUELA MODERNA DE MÚSICA;2019;8;s/i;63;63
I.P.;2014;I.P. ESCUELA MODERNA DE MÚSICA;2016;10;518;50;50
I.P.;2014;I.P. ESCUELA MODERNA DE MÚSICA;2015;10;518;45;45
I.P.;2014;I.P. ESCUELA MODERNA DE MÚSICA;2014;11;1.400;35;35
I.P.;2014;I.P. ESCUELA MODERNA DE MÚSICA;2013;11;1.400;35;35
I.P.;2014;I.P. ESCUELA MODERNA DE MÚSICA;2012;11;1.400;35;35
I.P.;2014;I.P. ESCUELA MODERNA DE MÚSICA;2011;7;4.240;14;14
I.P.;2014;I.P. ESCUELA MODERNA DE MÚSICA;2010;7;4.240;14;14
I.P.;2014;I.P. ESCUELA MODERNA DE MÚSICA;2009;7;4.240;14;14
I.P.;2014;I.P. ESCUELA MODERNA DE MÚSICA;2008;7;4.240;14;14
I.P.;2014;I.P. ESCUELA MODERNA DE MÚSICA;2007;7;4.240;14;14
I.P.;2014;I.P. ESCUELA MODERNA DE MÚSICA;2006;7;4.240;14;14
I.P.;2014;I.P. ESCUELA MODERNA DE MÚSICA;2005;7;4.240;10;10
I.P.;2015;I.P. IACC;2010;145;6.319;766;766
I.P.;2015;I.P. IACC;2009;164;6.319;727;727
I.P.;2015;I.P. IACC;2008;137;5.068;712;712
I.P.;2015;I.P. IACC;2007;127;5.392;659;659
I.P.;2015;I.P. IACC;2006;110;6.792;636;617
I.P.;2015;I.P. IACC;2005;106;5.850;502;466
I.P.;2016;I.P. SANTO TOMÁS;2024;47;2.286;399;399
I.P.;2016;I.P. SANTO TOMÁS;2023;47;2.373;399;399
I.P.;2016;I.P. SANTO TOMÁS;2022;47;2.241;399;399
I.P.;2016;I.P. SANTO TOMÁS;2021;47;2.241;341;341
I.P.;2016;I.P. SANTO TOMÁS;2020;46;2.046;315;315
I.P.;2016;I.P. SANTO TOMÁS;2019;31;1.881;s/i;s/i
I.P.;2016;I.P. SANTO TOMÁS;2018;31;1.881;232;232
I.P.;2016;I.P. SANTO TOMÁS;2011;3;136;38;38
I.P.;2016;I.P. SANTO TOMÁS;2010;9;444;120;120
I.P.;2016;I.P. SANTO TOMÁS;2009;5;199;120;120
I.P.;2016;I.P. SANTO TOMÁS;2008;5;199;80;80
I.P.;2016;I.P. SANTO TOMÁS;2007;5;199;84;84
I.P.;2016;I.P. SANTO TOMÁS;2006;11;452;15;15
I.P.;2016;I.P. SANTO TOMÁS;2005;2;84;11;11
I.P.;2016;I.P. SANTO TOMÁS;2024;23;1.198;240;240
I.P.;2016;I.P. SANTO TOMÁS;2023;23;1.219;240;240
I.P.;2016;I.P. SANTO TOMÁS;2022;23;1.212;240;240
I.P.;2016;I.P. SANTO TOMÁS;2021;23;1.229;234;234
I.P.;2016;I.P. SANTO TOMÁS;2020;21;1.083;234;234
I.P.;2016;I.P. SANTO TOMÁS;2019;29;1.289;s/i;s/i
I.P.;2016;I.P. SANTO TOMÁS;2018;29;1.289;198;198
I.P.;2016;I.P. SANTO TOMÁS;2011;3;136;85;85
I.P.;2016;I.P. SANTO TOMÁS;2010;1;100;30;30
I.P.;2016;I.P. SANTO TOMÁS;2009;5;99;30;30
I.P.;2016;I.P. SANTO TOMÁS;2008;5;99;20;20
I.P.;2016;I.P. SANTO TOMÁS;2007;5;99;22;22
I.P.;2016;I.P. SANTO TOMÁS;2006;4;131;6;6
I.P.;2016;I.P. SANTO TOMÁS;2005;2;48;6;6
I.P.;2016;I.P. SANTO TOMÁS;2024;21;933;223;223
I.P.;2016;I.P. SANTO TOMÁS;2023;21;933;223;223
I.P.;2016;I.P. SANTO TOMÁS;2022;21;933;251;251
I.P.;2016;I.P. SANTO TOMÁS;2021;20;892;241;241
I.P.;2016;I.P. SANTO TOMÁS;2020;20;898;241;241
I.P.;2016;I.P. SANTO TOMÁS;2019;19;874;s/i;s/i
I.P.;2016;I.P. SANTO TOMÁS;2018;19;874;149;149
I.P.;2016;I.P. SANTO TOMÁS;2011;5;194;150;150
I.P.;2016;I.P. SANTO TOMÁS;2010;4;128;17;17
I.P.;2016;I.P. SANTO TOMÁS;2009;5;172;17;17
I.P.;2016;I.P. SANTO TOMÁS;2008;5;172;10;10
I.P.;2016;I.P. SANTO TOMÁS;2007;4;135;30;30
I.P.;2016;I.P. SANTO TOMÁS;2006;5;203;10;10
I.P.;2016;I.P. SANTO TOMÁS;2005;6;247;5;5
I.P.;2016;I.P. SANTO TOMÁS;2024;57;2.817;420;420
I.P.;2016;I.P. SANTO TOMÁS;2023;53;2.745;420;420
I.P.;2016;I.P. SANTO TOMÁS;2022;53;2.754;420;420
I.P.;2016;I.P. SANTO TOMÁS;2021;53;2.747;422;422
I.P.;2016;I.P. SANTO TOMÁS;2020;54;2.723;409;409
I.P.;2016;I.P. SANTO TOMÁS;2019;53;2.862;s/i;s/i
I.P.;2016;I.P. SANTO TOMÁS;2018;53;2.862;382;382
I.P.;2016;I.P. SANTO TOMÁS;2011;12;488;124;124
I.P.;2016;I.P. SANTO TOMÁS;2010;8;366;50;50
I.P.;2016;I.P. SANTO TOMÁS;2009;8;415;50;50
I.P.;2016;I.P. SANTO TOMÁS;2008;8;415;40;40
I.P.;2016;I.P. SANTO TOMÁS;2007;10;439;30;30
I.P.;2016;I.P. SANTO TOMÁS;2006;14;477;21;21
I.P.;2016;I.P. SANTO TOMÁS;2005;12;260;48;48
I.P.;2016;I.P. SANTO TOMÁS;2024;13;703;147;147
I.P.;2016;I.P. SANTO TOMÁS;2023;15;745;147;147
I.P.;2016;I.P. SANTO TOMÁS;2022;15;748;147;147
I.P.;2016;I.P. SANTO TOMÁS;2021;15;717;147;147
I.P.;2016;I.P. SANTO TOMÁS;2020;16;852;147;147
I.P.;2016;I.P. SANTO TOMÁS;2019;23;1.006;s/i;s/i
I.P.;2016;I.P. SANTO TOMÁS;2018;23;1.006;121;121
I.P.;2016;I.P. SANTO TOMÁS;2011;5;196;98;98
I.P.;2016;I.P. SANTO TOMÁS;2010;5;146;36;36
I.P.;2016;I.P. SANTO TOMÁS;2009;5;146;36;36
I.P.;2016;I.P. SANTO TOMÁS;2008;5;146;30;30
I.P.;2016;I.P. SANTO TOMÁS;2007;2;57;16;16
I.P.;2016;I.P. SANTO TOMÁS;2024;18;735;180;180
I.P.;2016;I.P. SANTO TOMÁS;2023;16;710;180;180
I.P.;2016;I.P. SANTO TOMÁS;2022;16;710;180;180
I.P.;2016;I.P. SANTO TOMÁS;2021;16;710;174;174
I.P.;2016;I.P. SANTO TOMÁS;2020;17;763;174;174
I.P.;2016;I.P. SANTO TOMÁS;2019;16;769;s/i;s/i
I.P.;2016;I.P. SANTO TOMÁS;2018;16;769;137;137
I.P.;2016;I.P. SANTO TOMÁS;2011;1;40;91;91
I.P.;2016;I.P. SANTO TOMÁS;2010;3;78;28;28
I.P.;2016;I.P. SANTO TOMÁS;2009;3;78;28;28
I.P.;2016;I.P. SANTO TOMÁS;2008;3;78;10;10
I.P.;2016;I.P. SANTO TOMÁS;2007;3;78;18;18
I.P.;2016;I.P. SANTO TOMÁS;2006;5;167;9;9
I.P.;2016;I.P. SANTO TOMÁS;2005;2;55;9;9
I.P.;2016;I.P. SANTO TOMÁS;2024;45;1.988;390;390
I.P.;2016;I.P. SANTO TOMÁS;2023;46;1.975;390;390
I.P.;2016;I.P. SANTO TOMÁS;2022;48;2.073;390;390
I.P.;2016;I.P. SANTO TOMÁS;2021;47;2.021;374;374
I.P.;2016;I.P. SANTO TOMÁS;2020;44;1.940;374;374
I.P.;2016;I.P. SANTO TOMÁS;2019;40;1.883;s/i;s/i
I.P.;2016;I.P. SANTO TOMÁS;2018;40;1.883;288;288
I.P.;2016;I.P. SANTO TOMÁS;2011;5;154;87;87
I.P.;2016;I.P. SANTO TOMÁS;2010;4;149;30;30
I.P.;2016;I.P. SANTO TOMÁS;2009;3;157;30;30
I.P.;2016;I.P. SANTO TOMÁS;2008;3;157;30;30
I.P.;2016;I.P. SANTO TOMÁS;2007;2;105;13;13
I.P.;2016;I.P. SANTO TOMÁS;2006;6;324;16;16
I.P.;2016;I.P. SANTO TOMÁS;2005;2;105;13;13
I.P.;2016;I.P. SANTO TOMÁS;2024;56;2.665;568;568
I.P.;2016;I.P. SANTO TOMÁS;2023;56;2.642;568;568
I.P.;2016;I.P. SANTO TOMÁS;2022;54;2.602;568;568
I.P.;2016;I.P. SANTO TOMÁS;2021;55;2.602;561;561
I.P.;2016;I.P. SANTO TOMÁS;2020;55;2.726;561;561
I.P.;2016;I.P. SANTO TOMÁS;2019;56;2.780;s/i;s/i
I.P.;2016;I.P. SANTO TOMÁS;2018;56;2.780;434;434
I.P.;2016;I.P. SANTO TOMÁS;2011;15;605;129;129
I.P.;2016;I.P. SANTO TOMÁS;2010;8;331;86;86
I.P.;2016;I.P. SANTO TOMÁS;2009;6;243;86;86
I.P.;2016;I.P. SANTO TOMÁS;2008;6;243;70;70
I.P.;2016;I.P. SANTO TOMÁS;2007;6;242;70;70
I.P.;2016;I.P. SANTO TOMÁS;2006;15;551;55;55
I.P.;2016;I.P. SANTO TOMÁS;2005;9;417;55;55
I.P.;2016;I.P. SANTO TOMÁS;2024;33;1.519;341;341
I.P.;2016;I.P. SANTO TOMÁS;2023;33;1.495;341;341
I.P.;2016;I.P. SANTO TOMÁS;2022;33;1.510;341;341
I.P.;2016;I.P. SANTO TOMÁS;2021;33;1.439;337;337
I.P.;2016;I.P. SANTO TOMÁS;2020;30;1.380;311;311
I.P.;2016;I.P. SANTO TOMÁS;2019;33;1.410;s/i;s/i
I.P.;2016;I.P. SANTO TOMÁS;2018;33;1.411;259;259
I.P.;2016;I.P. SANTO TOMÁS;2011;6;172;76;76
I.P.;2016;I.P. SANTO TOMÁS;2010;4;133;36;36
I.P.;2016;I.P. SANTO TOMÁS;2009;2;80;36;36
I.P.;2016;I.P. SANTO TOMÁS;2008;2;80;36;36
I.P.;2016;I.P. SANTO TOMÁS;2007;7;410;20;20
I.P.;2016;I.P. SANTO TOMÁS;2006;8;335;20;20
I.P.;2016;I.P. SANTO TOMÁS;2005;5;168;25;25
I.P.;2016;I.P. SANTO TOMÁS;2024;32;1.250;253;253
I.P.;2016;I.P. SANTO TOMÁS;2023;31;1.232;251;251
I.P.;2016;I.P. SANTO TOMÁS;2022;39;1.775;251;251
I.P.;2016;I.P. SANTO TOMÁS;2021;32;1.217;259;259
I.P.;2016;I.P. SANTO TOMÁS;2020;34;1.308;258;258
I.P.;2016;I.P. SANTO TOMÁS;2019;25;1.381;s/i;s/i
I.P.;2016;I.P. SANTO TOMÁS;2018;25;1.381;181;181
I.P.;2016;I.P. SANTO TOMÁS;2011;4;169;65;65
I.P.;2016;I.P. SANTO TOMÁS;2010;6;368;39;39
I.P.;2016;I.P. SANTO TOMÁS;2009;6;368;40;40
I.P.;2016;I.P. SANTO TOMÁS;2008;6;368;20;20
I.P.;2016;I.P. SANTO TOMÁS;2007;7;318;43;43
I.P.;2016;I.P. SANTO TOMÁS;2006;8;408;25;25
I.P.;2016;I.P. SANTO TOMÁS;2005;2;66;18;18
I.P.;2016;I.P. SANTO TOMÁS;2024;13;627;179;179
I.P.;2016;I.P. SANTO TOMÁS;2023;13;638;179;179
I.P.;2016;I.P. SANTO TOMÁS;2022;13;639;241;241
I.P.;2016;I.P. SANTO TOMÁS;2021;13;649;175;175
I.P.;2016;I.P. SANTO TOMÁS;2020;12;606;175;175
I.P.;2016;I.P. SANTO TOMÁS;2019;14;700;s/i;s/i
I.P.;2016;I.P. SANTO TOMÁS;2018;14;700;149;149
I.P.;2016;I.P. SANTO TOMÁS;2011;s/i;s/i;58;58
I.P.;2016;I.P. SANTO TOMÁS;2010;2;76;23;23
I.P.;2016;I.P. SANTO TOMÁS;2009;2;66;23;23
I.P.;2016;I.P. SANTO TOMÁS;2008;2;76;20;20
I.P.;2016;I.P. SANTO TOMÁS;2007;2;66;20;20
I.P.;2016;I.P. SANTO TOMÁS;2006;2;73;30;30
I.P.;2016;I.P. SANTO TOMÁS;2005;3;150;22;22
I.P.;2016;I.P. SANTO TOMÁS;2024;61;2.815;390;390
I.P.;2016;I.P. SANTO TOMÁS;2023;60;2.772;390;390
I.P.;2016;I.P. SANTO TOMÁS;2022;60;2.816;390;390
I.P.;2016;I.P. SANTO TOMÁS;2021;52;2.744;392;392
I.P.;2016;I.P. SANTO TOMÁS;2020;49;2.318;366;366
I.P.;2016;I.P. SANTO TOMÁS;2019;42;2.684;s/i;s/i
I.P.;2016;I.P. SANTO TOMÁS;2018;42;2.684;314;314
I.P.;2016;I.P. SANTO TOMÁS;2011;3;66;93;93
I.P.;2016;I.P. SANTO TOMÁS;2010;7;303;54;54
I.P.;2016;I.P. SANTO TOMÁS;2009;4;210;54;54
I.P.;2016;I.P. SANTO TOMÁS;2008;4;210;52;52
I.P.;2016;I.P. SANTO TOMÁS;2007;4;155;39;39
I.P.;2016;I.P. SANTO TOMÁS;2006;23;755;39;39
I.P.;2016;I.P. SANTO TOMÁS;2005;6;313;47;47
I.P.;2016;I.P. SANTO TOMÁS;2024;2;112;155;155
I.P.;2016;I.P. SANTO TOMÁS;2023;2;112;102;102
I.P.;2016;I.P. SANTO TOMÁS;2022;9;295;102;102
I.P.;2016;I.P. SANTO TOMÁS;2021;2;112;84;84
I.P.;2016;I.P. SANTO TOMÁS;2020;2;112;84;84
I.P.;2016;I.P. SANTO TOMÁS;2019;2;112;s/i;s/i
I.P.;2016;I.P. SANTO TOMÁS;2018;2;112;74;74
I.P.;2016;I.P. SANTO TOMÁS;2011;1;37;40;40
I.P.;2016;I.P. SANTO TOMÁS;2010;1;34;23;23
I.P.;2016;I.P. SANTO TOMÁS;2009;2;108;23;23
I.P.;2016;I.P. SANTO TOMÁS;2008;2;108;6;6
I.P.;2016;I.P. SANTO TOMÁS;2007;1;21;6;6
I.P.;2016;I.P. SANTO TOMÁS;2006;3;125;18;18
I.P.;2016;I.P. SANTO TOMÁS;2005;4;86;13;13
I.P.;2016;I.P. SANTO TOMÁS;2024;26;1.180;257;257
I.P.;2016;I.P. SANTO TOMÁS;2023;25;1.177;257;257
I.P.;2016;I.P. SANTO TOMÁS;2022;24;1.135;255;255
I.P.;2016;I.P. SANTO TOMÁS;2021;26;1.126;222;222
I.P.;2016;I.P. SANTO TOMÁS;2020;20;943;222;222
I.P.;2016;I.P. SANTO TOMÁS;2019;20;983;s/i;s/i
I.P.;2016;I.P. SANTO TOMÁS;2018;20;983;195;195
I.P.;2016;I.P. SANTO TOMÁS;2011;8;371;29;29
I.P.;2016;I.P. SANTO TOMÁS;2010;6;126;34;34
I.P.;2016;I.P. SANTO TOMÁS;2009;5;96;34;34
I.P.;2016;I.P. SANTO TOMÁS;2008;5;96;20;20
I.P.;2016;I.P. SANTO TOMÁS;2007;3;96;4;4
I.P.;2016;I.P. SANTO TOMÁS;2006;2;67;20;20
I.P.;2016;I.P. SANTO TOMÁS;2005;3;96;4;4
I.P.;2016;I.P. SANTO TOMÁS;2024;11;414;25;25
I.P.;2016;I.P. SANTO TOMÁS;2023;11;409;25;25
I.P.;2016;I.P. SANTO TOMÁS;2022;11;409;25;25
I.P.;2016;I.P. SANTO TOMÁS;2021;11;409;2;2
I.P.;2016;I.P. SANTO TOMÁS;2020;9;414;2;2
I.P.;2016;I.P. SANTO TOMÁS;2019;9;414;2;2
I.P.;2016;I.P. SANTO TOMÁS;2018;9;414;2;2
I.P.;2016;I.P. SANTO TOMÁS;2024;77;4.303;1.456;1.456
I.P.;2016;I.P. SANTO TOMÁS;2023;110;6.222;1.456;1.456
I.P.;2016;I.P. SANTO TOMÁS;2022;109;5.820;1.456;1.456
I.P.;2016;I.P. SANTO TOMÁS;2021;104;5.681;1.358;1.358
I.P.;2016;I.P. SANTO TOMÁS;2020;60;3.817;1.358;1.358
I.P.;2016;I.P. SANTO TOMÁS;2019;70;4.083;s/i;s/i
I.P.;2016;I.P. SANTO TOMÁS;2018;70;4.083;860;860
I.P.;2016;I.P. SANTO TOMÁS;2011;20;898;703;703
I.P.;2016;I.P. SANTO TOMÁS;2010;25;1.141;235;235
I.P.;2016;I.P. SANTO TOMÁS;2009;25;1.141;235;235
I.P.;2016;I.P. SANTO TOMÁS;2008;25;1.141;270;270
I.P.;2016;I.P. SANTO TOMÁS;2007;25;471;112;112
I.P.;2016;I.P. SANTO TOMÁS;2006;23;932;120;120
I.P.;2016;I.P. SANTO TOMÁS;2005;7;276;105;105
I.P.;2016;I.P. SANTO TOMÁS;2024;65;3.015;517;517
I.P.;2016;I.P. SANTO TOMÁS;2023;62;2.955;517;517
I.P.;2016;I.P. SANTO TOMÁS;2022;61;3.018;517;517
I.P.;2016;I.P. SANTO TOMÁS;2021;64;3.044;570;570
I.P.;2016;I.P. SANTO TOMÁS;2020;61;2.918;570;570
I.P.;2016;I.P. SANTO TOMÁS;2019;50;2.967;s/i;s/i
I.P.;2016;I.P. SANTO TOMÁS;2018;50;2.967;510;510
I.P.;2016;I.P. SANTO TOMÁS;2011;7;290;72;72
I.P.;2016;I.P. SANTO TOMÁS;2010;11;515;58;58
I.P.;2016;I.P. SANTO TOMÁS;2009;11;515;58;58
I.P.;2016;I.P. SANTO TOMÁS;2008;11;515;40;40
I.P.;2016;I.P. SANTO TOMÁS;2007;10;503;42;42
I.P.;2016;I.P. SANTO TOMÁS;2006;15;701;45;45
I.P.;2016;I.P. SANTO TOMÁS;2005;10;503;42;42
I.P.;2016;I.P. SANTO TOMÁS;2024;74;3.122;534;534
I.P.;2016;I.P. SANTO TOMÁS;2023;70;2.990;534;534
I.P.;2016;I.P. SANTO TOMÁS;2022;67;2.846;534;534
I.P.;2016;I.P. SANTO TOMÁS;2021;59;2.825;447;447
I.P.;2016;I.P. SANTO TOMÁS;2020;64;3.000;447;447
I.P.;2016;I.P. SANTO TOMÁS;2019;56;2.789;s/i;s/i
I.P.;2016;I.P. SANTO TOMÁS;2018;56;2.789;343;343
I.P.;2016;I.P. SANTO TOMÁS;2011;7;303;97;97
I.P.;2016;I.P. SANTO TOMÁS;2010;14;622;38;38
I.P.;2016;I.P. SANTO TOMÁS;2009;13;547;38;38
I.P.;2016;I.P. SANTO TOMÁS;2008;13;547;60;60
I.P.;2016;I.P. SANTO TOMÁS;2007;10;437;68;68
I.P.;2016;I.P. SANTO TOMÁS;2006;9;402;28;28
I.P.;2016;I.P. SANTO TOMÁS;2005;9;378;22;22
I.P.;2016;I.P. SANTO TOMÁS;2024;45;2.048;344;344
I.P.;2016;I.P. SANTO TOMÁS;2023;44;1.925;344;344
I.P.;2016;I.P. SANTO TOMÁS;2022;48;2.058;397;397
I.P.;2016;I.P. SANTO TOMÁS;2021;41;1.804;306;306
I.P.;2016;I.P. SANTO TOMÁS;2020;42;1.829;306;306
I.P.;2016;I.P. SANTO TOMÁS;2019;35;1.924;s/i;s/i
I.P.;2016;I.P. SANTO TOMÁS;2018;35;1.924;279;279
I.P.;2016;I.P. SANTO TOMÁS;2011;4;198;70;70
I.P.;2016;I.P. SANTO TOMÁS;2010;5;173;40;40
I.P.;2016;I.P. SANTO TOMÁS;2009;5;271;39;39
I.P.;2016;I.P. SANTO TOMÁS;2008;5;271;10;10
I.P.;2016;I.P. SANTO TOMÁS;2007;5;260;26;26
I.P.;2016;I.P. SANTO TOMÁS;2006;5;180;36;36
I.P.;2016;I.P. SANTO TOMÁS;2005;4;110;35;35
I.P.;2016;I.P. SANTO TOMÁS;2024;63;2.763;535;535
I.P.;2016;I.P. SANTO TOMÁS;2023;60;2.703;535;535
I.P.;2016;I.P. SANTO TOMÁS;2022;60;2.634;535;535
I.P.;2016;I.P. SANTO TOMÁS;2021;59;2.620;526;526
I.P.;2016;I.P. SANTO TOMÁS;2020;57;2.698;526;526
I.P.;2016;I.P. SANTO TOMÁS;2019;57;2.926;s/i;s/i
I.P.;2016;I.P. SANTO TOMÁS;2018;57;2.926;464;464
I.P.;2016;I.P. SANTO TOMÁS;2011;11;385;59;59
I.P.;2016;I.P. SANTO TOMÁS;2010;16;1.148;100;100
I.P.;2016;I.P. SANTO TOMÁS;2009;13;1.000;100;100
I.P.;2016;I.P. SANTO TOMÁS;2008;13;1.000;120;120
I.P.;2016;I.P. SANTO TOMÁS;2007;10;800;80;80
I.P.;2016;I.P. SANTO TOMÁS;2006;20;547;47;47
I.P.;2016;I.P. SANTO TOMÁS;2005;11;471;40;40
I.P.;2017;I.P. ALEMÁN WILHELM VON HUMBOLDT;2017;2;60;9;9
I.P.;2017;I.P. ALEMÁN WILHELM VON HUMBOLDT;2016;1;40;8;8
I.P.;2017;I.P. ALEMÁN WILHELM VON HUMBOLDT;2015;1;40;8;8
I.P.;2017;I.P. ALEMÁN WILHELM VON HUMBOLDT;2014;1;40;8;8
I.P.;2017;I.P. ALEMÁN WILHELM VON HUMBOLDT;2013;1;40;8;8
I.P.;2017;I.P. ALEMÁN WILHELM VON HUMBOLDT;2012;1;40;15;15
I.P.;2017;I.P. ALEMÁN WILHELM VON HUMBOLDT;2011;1;40;15;15
I.P.;2017;I.P. ALEMÁN WILHELM VON HUMBOLDT;2010;1;40;15;15
I.P.;2017;I.P. ALEMÁN WILHELM VON HUMBOLDT;2009;1;40;15;15
I.P.;2017;I.P. ALEMÁN WILHELM VON HUMBOLDT;2008;1;40;10;10
I.P.;2017;I.P. ALEMÁN WILHELM VON HUMBOLDT;2007;1;40;10;10
I.P.;2017;I.P. ALEMÁN WILHELM VON HUMBOLDT;2006;1;40;12;10
I.P.;2017;I.P. ALEMÁN WILHELM VON HUMBOLDT;2005;1;40;16;12
I.P.;2018;I.P. DIEGO PORTALES;2024;4;123;32;32
I.P.;2018;I.P. DIEGO PORTALES;2023;4;157;32;32
I.P.;2018;I.P. DIEGO PORTALES;2022;2;61;32;32
I.P.;2018;I.P. DIEGO PORTALES;2021;2;s/i;32;32
I.P.;2018;I.P. DIEGO PORTALES;2020;2;30;32;32
I.P.;2018;I.P. DIEGO PORTALES;2019;2;30;32;32
I.P.;2018;I.P. DIEGO PORTALES;2018;5;260;45;45
I.P.;2018;I.P. DIEGO PORTALES;2017;6;265;47;47
I.P.;2018;I.P. DIEGO PORTALES;2016;6;265;47;47
I.P.;2018;I.P. DIEGO PORTALES;2015;6;265;47;47
I.P.;2018;I.P. DIEGO PORTALES;2014;3;170;60;60
I.P.;2018;I.P. DIEGO PORTALES;2013;3;170;60;60
I.P.;2018;I.P. DIEGO PORTALES;2009;3;168;41;41
I.P.;2018;I.P. DIEGO PORTALES;2008;3;168;41;41
I.P.;2018;I.P. DIEGO PORTALES;2007;3;168;41;41
I.P.;2018;I.P. DIEGO PORTALES;2006;3;168;38;38
I.P.;2018;I.P. DIEGO PORTALES;2005;3;168;50;50
I.P.;2018;I.P. DIEGO PORTALES;2024;10;466;41;41
I.P.;2018;I.P. DIEGO PORTALES;2023;10;466;41;41
I.P.;2018;I.P. DIEGO PORTALES;2022;10;466;51;51
I.P.;2018;I.P. DIEGO PORTALES;2021;10;466;51;51
I.P.;2018;I.P. DIEGO PORTALES;2020;12;671;51;51
I.P.;2018;I.P. DIEGO PORTALES;2019;12;671;51;51
I.P.;2018;I.P. DIEGO PORTALES;2018;10;466;51;51
I.P.;2018;I.P. DIEGO PORTALES;2017;10;466;51;51
I.P.;2018;I.P. DIEGO PORTALES;2016;10;466;51;51
I.P.;2018;I.P. DIEGO PORTALES;2015;10;466;51;51
I.P.;2018;I.P. DIEGO PORTALES;2014;9;530;60;60
I.P.;2018;I.P. DIEGO PORTALES;2013;9;530;60;60
I.P.;2018;I.P. DIEGO PORTALES;2010;9;500;105;105
I.P.;2018;I.P. DIEGO PORTALES;2009;9;500;105;105
I.P.;2018;I.P. DIEGO PORTALES;2008;13;718;105;105
I.P.;2018;I.P. DIEGO PORTALES;2007;13;718;105;105
I.P.;2018;I.P. DIEGO PORTALES;2006;12;703;105;105
I.P.;2018;I.P. DIEGO PORTALES;2005;12;703;126;126
I.P.;2018;I.P. DIEGO PORTALES;2024;10;401;41;41
I.P.;2018;I.P. DIEGO PORTALES;2023;6;283;41;41
I.P.;2018;I.P. DIEGO PORTALES;2022;7;761;59;59
I.P.;2018;I.P. DIEGO PORTALES;2021;7;761;59;59
I.P.;2018;I.P. DIEGO PORTALES;2020;18;681;74;74
I.P.;2018;I.P. DIEGO PORTALES;2019;18;681;74;74
I.P.;2018;I.P. DIEGO PORTALES;2018;13;660;60;60
I.P.;2018;I.P. DIEGO PORTALES;2017;13;660;46;46
I.P.;2018;I.P. DIEGO PORTALES;2016;13;660;46;46
I.P.;2018;I.P. DIEGO PORTALES;2015;15;660;63;63
I.P.;2018;I.P. DIEGO PORTALES;2014;15;702;107;107
I.P.;2018;I.P. DIEGO PORTALES;2013;15;702;107;107
I.P.;2018;I.P. DIEGO PORTALES;2009;7;379;115;115
I.P.;2018;I.P. DIEGO PORTALES;2008;7;379;115;115
I.P.;2018;I.P. DIEGO PORTALES;2007;7;379;115;115
I.P.;2018;I.P. DIEGO PORTALES;2006;5;259;115;115
I.P.;2018;I.P. DIEGO PORTALES;2005;5;259;118;118
I.P.;2018;I.P. DIEGO PORTALES;2024;6;143;35;35
I.P.;2018;I.P. DIEGO PORTALES;2023;5;128;35;35
I.P.;2018;I.P. DIEGO PORTALES;2022;5;147;35;35
I.P.;2018;I.P. DIEGO PORTALES;2021;5;147;35;35
I.P.;2018;I.P. DIEGO PORTALES;2020;5;147;35;35
I.P.;2018;I.P. DIEGO PORTALES;2019;5;147;35;35
I.P.;2018;I.P. DIEGO PORTALES;2018;5;147;35;35
I.P.;2018;I.P. DIEGO PORTALES;2017;5;147;37;37
I.P.;2018;I.P. DIEGO PORTALES;2016;5;147;27;27
I.P.;2018;I.P. DIEGO PORTALES;2015;4;127;27;27
I.P.;2018;I.P. DIEGO PORTALES;2014;6;157;33;33
I.P.;2018;I.P. DIEGO PORTALES;2013;6;157;33;33
I.P.;2018;I.P. DIEGO PORTALES;2010;2;134;50;50
I.P.;2018;I.P. DIEGO PORTALES;2009;2;134;50;50
I.P.;2018;I.P. DIEGO PORTALES;2008;2;134;50;50
I.P.;2018;I.P. DIEGO PORTALES;2007;2;134;50;50
I.P.;2018;I.P. DIEGO PORTALES;2006;2;134;50;50
I.P.;2018;I.P. DIEGO PORTALES;2005;2;134;49;49
I.P.;2019;I.P. DEL VALLE CENTRAL;2020;2;50;16;16
I.P.;2019;I.P. DEL VALLE CENTRAL;2019;2;50;16;16
I.P.;2019;I.P. DEL VALLE CENTRAL;2018;2;50;16;16
I.P.;2019;I.P. DEL VALLE CENTRAL;2012;1;25;15;15
I.P.;2019;I.P. DEL VALLE CENTRAL;2011;2;25;25;25
I.P.;2019;I.P. DEL VALLE CENTRAL;2010;3;120;14;14
I.P.;2019;I.P. DEL VALLE CENTRAL;2009;3;120;14;14
I.P.;2019;I.P. DEL VALLE CENTRAL;2008;3;110;20;20
I.P.;2019;I.P. DEL VALLE CENTRAL;2007;3;120;20;20
I.P.;2019;I.P. DEL VALLE CENTRAL;2006;2;120;20;20
I.P.;2019;I.P. DEL VALLE CENTRAL;2005;2;70;20;10
I.P.;2019;I.P. DEL VALLE CENTRAL;2022;2;28;13;13
I.P.;2019;I.P. DEL VALLE CENTRAL;2021;2;28;13;13
I.P.;2019;I.P. DEL VALLE CENTRAL;2020;2;28;13;13
I.P.;2019;I.P. DEL VALLE CENTRAL;2019;2;28;13;13
I.P.;2019;I.P. DEL VALLE CENTRAL;2018;2;28;13;13
I.P.;2019;I.P. DEL VALLE CENTRAL;2017;5;180;13;13
I.P.;2019;I.P. DEL VALLE CENTRAL;2016;5;180;13;13
I.P.;2019;I.P. DEL VALLE CENTRAL;2015;7;202;26;23
I.P.;2019;I.P. DEL VALLE CENTRAL;2014;3;72;40;40
I.P.;2019;I.P. DEL VALLE CENTRAL;2013;3;72;40;40
I.P.;2019;I.P. DEL VALLE CENTRAL;2012;3;72;40;40
I.P.;2019;I.P. DEL VALLE CENTRAL;2011;3;72;40;40
I.P.;2019;I.P. DEL VALLE CENTRAL;2010;2;52;28;28
I.P.;2019;I.P. DEL VALLE CENTRAL;2009;2;34;26;26
I.P.;2019;I.P. DEL VALLE CENTRAL;2008;3;44;24;32
I.P.;2019;I.P. DEL VALLE CENTRAL;2024;4;128;25;25
I.P.;2019;I.P. DEL VALLE CENTRAL;2023;4;207;50;50
I.P.;2019;I.P. DEL VALLE CENTRAL;2022;5;217;35;35
I.P.;2019;I.P. DEL VALLE CENTRAL;2021;5;217;35;35
I.P.;2019;I.P. DEL VALLE CENTRAL;2020;5;217;35;35
I.P.;2019;I.P. DEL VALLE CENTRAL;2019;5;217;35;35
I.P.;2019;I.P. DEL VALLE CENTRAL;2018;5;217;35;35
I.P.;2019;I.P. DEL VALLE CENTRAL;2017;5;216;30;30
I.P.;2019;I.P. DEL VALLE CENTRAL;2016;5;216;30;30
I.P.;2019;I.P. DEL VALLE CENTRAL;2015;5;216;35;35
I.P.;2019;I.P. DEL VALLE CENTRAL;2014;7;395;43;43
I.P.;2019;I.P. DEL VALLE CENTRAL;2013;7;395;43;43
I.P.;2019;I.P. DEL VALLE CENTRAL;2012;6;250;46;46
I.P.;2019;I.P. DEL VALLE CENTRAL;2011;4;165;35;35
I.P.;2019;I.P. DEL VALLE CENTRAL;2010;4;165;34;34
I.P.;2019;I.P. DEL VALLE CENTRAL;2009;4;165;34;34
I.P.;2019;I.P. DEL VALLE CENTRAL;2008;5;212;42;42
I.P.;2019;I.P. DEL VALLE CENTRAL;2007;4;222;36;36
I.P.;2019;I.P. DEL VALLE CENTRAL;2006;4;172;36;36
I.P.;2019;I.P. DEL VALLE CENTRAL;2005;4;168;20;20
I.P.;2019;I.P. DEL VALLE CENTRAL;2024;2;92;45;45
I.P.;2019;I.P. DEL VALLE CENTRAL;2023;2;92;45;45
I.P.;2019;I.P. DEL VALLE CENTRAL;2022;2;93;45;45
I.P.;2019;I.P. DEL VALLE CENTRAL;2021;2;93;45;45
I.P.;2019;I.P. DEL VALLE CENTRAL;2020;2;93;45;45
I.P.;2019;I.P. DEL VALLE CENTRAL;2019;2;93;45;45
I.P.;2019;I.P. DEL VALLE CENTRAL;2018;3;80;45;45
I.P.;2019;I.P. DEL VALLE CENTRAL;2017;2;80;36;36
I.P.;2019;I.P. DEL VALLE CENTRAL;2016;8;277;36;36
I.P.;2019;I.P. DEL VALLE CENTRAL;2015;8;277;101;101
I.P.;2019;I.P. DEL VALLE CENTRAL;2014;8;263;101;101
I.P.;2019;I.P. DEL VALLE CENTRAL;2013;8;263;101;101
I.P.;2019;I.P. DEL VALLE CENTRAL;2012;5;130;51;51
I.P.;2019;I.P. DEL VALLE CENTRAL;2011;5;130;50;50
I.P.;2019;I.P. DEL VALLE CENTRAL;2010;6;161;50;50
I.P.;2019;I.P. DEL VALLE CENTRAL;2009;6;161;44;44
I.P.;2019;I.P. DEL VALLE CENTRAL;2008;9;488;46;46
I.P.;2019;I.P. DEL VALLE CENTRAL;2007;9;488;46;46
I.P.;2019;I.P. DEL VALLE CENTRAL;2006;7;488;30;30
I.P.;2019;I.P. DEL VALLE CENTRAL;2005;7;436;30;30
I.P.;2019;I.P. DEL VALLE CENTRAL;2022;2;82;28;28
I.P.;2019;I.P. DEL VALLE CENTRAL;2021;2;82;28;28
I.P.;2019;I.P. DEL VALLE CENTRAL;2020;2;82;28;28
I.P.;2019;I.P. DEL VALLE CENTRAL;2019;2;82;28;28
I.P.;2019;I.P. DEL VALLE CENTRAL;2018;2;92;28;28
I.P.;2019;I.P. DEL VALLE CENTRAL;2017;2;85;28;28
I.P.;2019;I.P. DEL VALLE CENTRAL;2016;2;90;28;28
I.P.;2019;I.P. DEL VALLE CENTRAL;2015;2;90;30;30
I.P.;2019;I.P. DEL VALLE CENTRAL;2014;3;102;35;35
I.P.;2019;I.P. DEL VALLE CENTRAL;2013;3;96;20;20
I.P.;2019;I.P. DEL VALLE CENTRAL;2012;3;91;19;19
I.P.;2019;I.P. DEL VALLE CENTRAL;2011;7;288;31;31
I.P.;2019;I.P. DEL VALLE CENTRAL;2010;2;60;20;20
I.P.;2019;I.P. DEL VALLE CENTRAL;2009;2;60;20;20
I.P.;2019;I.P. DEL VALLE CENTRAL;2008;2;60;20;20
I.P.;2019;I.P. DEL VALLE CENTRAL;2007;2;63;19;19
I.P.;2019;I.P. DEL VALLE CENTRAL;2006;2;48;15;15
I.P.;2019;I.P. DEL VALLE CENTRAL;2005;2;48;15;15
I.P.;2019;I.P. DEL VALLE CENTRAL;2022;1;20;14;14
I.P.;2019;I.P. DEL VALLE CENTRAL;2021;1;20;14;14
I.P.;2019;I.P. DEL VALLE CENTRAL;2020;1;20;14;14
I.P.;2019;I.P. DEL VALLE CENTRAL;2019;1;20;14;14
I.P.;2019;I.P. DEL VALLE CENTRAL;2018;1;s/i;16;16
I.P.;2019;I.P. DEL VALLE CENTRAL;2017;1;25;15;15
I.P.;2019;I.P. DEL VALLE CENTRAL;2016;2;50;17;15
I.P.;2019;I.P. DEL VALLE CENTRAL;2015;11;214;10;9
I.P.;2019;I.P. DEL VALLE CENTRAL;2014;5;60;20;20
I.P.;2019;I.P. DEL VALLE CENTRAL;2013;3;60;20;20
I.P.;2019;I.P. DEL VALLE CENTRAL;2012;3;49;18;18
I.P.;2019;I.P. DEL VALLE CENTRAL;2011;3;49;18;18
I.P.;2019;I.P. DEL VALLE CENTRAL;2010;2;38;17;17
I.P.;2019;I.P. DEL VALLE CENTRAL;2009;2;39;12;15
I.P.;2019;I.P. DEL VALLE CENTRAL;2008;2;70;8;8
I.P.;2019;I.P. DEL VALLE CENTRAL;2007;3;96;16;16
I.P.;2019;I.P. DEL VALLE CENTRAL;2006;2;70;12;12
I.P.;2019;I.P. DEL VALLE CENTRAL;2005;2;70;8;8
I.P.;2019;I.P. DEL VALLE CENTRAL;2024;9;514;30;30
I.P.;2019;I.P. DEL VALLE CENTRAL;2023;9;514;30;30
I.P.;2019;I.P. DEL VALLE CENTRAL;2022;7;365;40;40
I.P.;2019;I.P. DEL VALLE CENTRAL;2021;7;365;40;40
I.P.;2019;I.P. DEL VALLE CENTRAL;2020;7;365;40;40
I.P.;2019;I.P. DEL VALLE CENTRAL;2019;7;365;40;s/i
I.P.;2019;I.P. DEL VALLE CENTRAL;2018;3;109;21;21
I.P.;2019;I.P. DEL VALLE CENTRAL;2017;2;107;40;40
I.P.;2019;I.P. DEL VALLE CENTRAL;2016;4;176;28;28
I.P.;2019;I.P. DEL VALLE CENTRAL;2015;4;176;20;20
I.P.;2019;I.P. DEL VALLE CENTRAL;2014;5;239;45;45
I.P.;2019;I.P. DEL VALLE CENTRAL;2013;5;239;45;45
I.P.;2019;I.P. DEL VALLE CENTRAL;2012;3;121;39;39
I.P.;2019;I.P. DEL VALLE CENTRAL;2011;4;121;30;30
I.P.;2019;I.P. DEL VALLE CENTRAL;2010;4;121;30;30
I.P.;2019;I.P. DEL VALLE CENTRAL;2009;4;121;32;32
I.P.;2019;I.P. DEL VALLE CENTRAL;2008;6;132;46;46
I.P.;2019;I.P. DEL VALLE CENTRAL;2007;6;132;44;44
I.P.;2019;I.P. DEL VALLE CENTRAL;2006;4;157;33;33
I.P.;2019;I.P. DEL VALLE CENTRAL;2005;3;132;33;33
I.P.;2019;I.P. DEL VALLE CENTRAL;2022;5;196;56;56
I.P.;2019;I.P. DEL VALLE CENTRAL;2021;5;160;56;56
I.P.;2019;I.P. DEL VALLE CENTRAL;2020;5;195;56;56
I.P.;2019;I.P. DEL VALLE CENTRAL;2019;5;160;56;56
I.P.;2019;I.P. DEL VALLE CENTRAL;2018;2;113;40;40
I.P.;2019;I.P. DEL VALLE CENTRAL;2017;2;113;40;40
I.P.;2019;I.P. DEL VALLE CENTRAL;2016;5;173;48;48
I.P.;2019;I.P. DEL VALLE CENTRAL;2015;10;299;45;45
I.P.;2019;I.P. DEL VALLE CENTRAL;2014;5;224;50;50
I.P.;2019;I.P. DEL VALLE CENTRAL;2013;5;224;50;50
I.P.;2019;I.P. DEL VALLE CENTRAL;2012;5;146;26;26
I.P.;2019;I.P. DEL VALLE CENTRAL;2011;4;118;22;22
I.P.;2019;I.P. DEL VALLE CENTRAL;2010;3;120;20;28
I.P.;2019;I.P. DEL VALLE CENTRAL;2009;3;152;20;28
I.P.;2019;I.P. DEL VALLE CENTRAL;2008;3;156;30;30
I.P.;2019;I.P. DEL VALLE CENTRAL;2007;4;94;25;25
I.P.;2019;I.P. DEL VALLE CENTRAL;2006;1;18;15;15
I.P.;2019;I.P. DEL VALLE CENTRAL;2005;2;58;11;11
I.P.;2019;I.P. DEL VALLE CENTRAL;2022;4;221;35;35
I.P.;2019;I.P. DEL VALLE CENTRAL;2021;5;221;35;35
I.P.;2019;I.P. DEL VALLE CENTRAL;2020;5;221;35;35
I.P.;2019;I.P. DEL VALLE CENTRAL;2019;5;169;40;40
I.P.;2019;I.P. DEL VALLE CENTRAL;2018;3;144;24;24
I.P.;2019;I.P. DEL VALLE CENTRAL;2017;3;119;22;22
I.P.;2019;I.P. DEL VALLE CENTRAL;2016;5;169;50;40
I.P.;2019;I.P. DEL VALLE CENTRAL;2015;5;169;50;40
I.P.;2019;I.P. DEL VALLE CENTRAL;2014;6;220;51;51
I.P.;2019;I.P. DEL VALLE CENTRAL;2013;5;200;51;51
I.P.;2019;I.P. DEL VALLE CENTRAL;2012;7;180;44;44
I.P.;2019;I.P. DEL VALLE CENTRAL;2011;7;180;44;44
I.P.;2019;I.P. DEL VALLE CENTRAL;2010;7;180;34;34
I.P.;2019;I.P. DEL VALLE CENTRAL;2009;7;180;34;34
I.P.;2019;I.P. DEL VALLE CENTRAL;2008;5;176;35;35
I.P.;2019;I.P. DEL VALLE CENTRAL;2007;4;176;35;35
I.P.;2019;I.P. DEL VALLE CENTRAL;2006;3;123;25;25
I.P.;2019;I.P. DEL VALLE CENTRAL;2005;3;88;28;28
I.P.;2019;I.P. DEL VALLE CENTRAL;2022;2;s/i;s/i;s/i
I.P.;2019;I.P. DEL VALLE CENTRAL;2021;2;61;41;41
I.P.;2019;I.P. DEL VALLE CENTRAL;2020;2;61;41;41
I.P.;2019;I.P. DEL VALLE CENTRAL;2019;2;106;41;41
I.P.;2019;I.P. DEL VALLE CENTRAL;2018;5;187;49;49
I.P.;2019;I.P. DEL VALLE CENTRAL;2017;7;274;49;49
I.P.;2019;I.P. DEL VALLE CENTRAL;2016;7;274;54;54
I.P.;2019;I.P. DEL VALLE CENTRAL;2015;7;274;56;56
I.P.;2019;I.P. DEL VALLE CENTRAL;2014;8;197;54;54
I.P.;2019;I.P. DEL VALLE CENTRAL;2013;7;177;55;55
I.P.;2019;I.P. DEL VALLE CENTRAL;2012;6;140;34;34
I.P.;2019;I.P. DEL VALLE CENTRAL;2011;6;167;34;34
I.P.;2019;I.P. DEL VALLE CENTRAL;2010;4;77;20;20
I.P.;2019;I.P. DEL VALLE CENTRAL;2009;4;85;13;13
I.P.;2019;I.P. DEL VALLE CENTRAL;2008;4;150;20;20
I.P.;2019;I.P. DEL VALLE CENTRAL;2007;4;150;20;20
I.P.;2019;I.P. DEL VALLE CENTRAL;2022;2;20;5;5
I.P.;2019;I.P. DEL VALLE CENTRAL;2021;2;20;5;5
I.P.;2019;I.P. DEL VALLE CENTRAL;2020;2;20;5;5
I.P.;2019;I.P. DEL VALLE CENTRAL;2019;2;32;12;12
I.P.;2019;I.P. DEL VALLE CENTRAL;2018;2;20;5;5
I.P.;2019;I.P. DEL VALLE CENTRAL;2017;1;s/i;15;15
I.P.;2019;I.P. DEL VALLE CENTRAL;2016;6;407;45;45
I.P.;2019;I.P. DEL VALLE CENTRAL;2015;6;407;45;45
I.P.;2019;I.P. DEL VALLE CENTRAL;2014;11;420;65;65
I.P.;2019;I.P. DEL VALLE CENTRAL;2013;8;420;65;65
I.P.;2019;I.P. DEL VALLE CENTRAL;2012;9;280;59;59
I.P.;2019;I.P. DEL VALLE CENTRAL;2011;7;386;58;58
I.P.;2019;I.P. DEL VALLE CENTRAL;2010;6;160;62;62
I.P.;2019;I.P. DEL VALLE CENTRAL;2009;11;382;125;111
I.P.;2019;I.P. DEL VALLE CENTRAL;2008;17;629;138;138
I.P.;2019;I.P. DEL VALLE CENTRAL;2007;17;793;113;113
I.P.;2019;I.P. DEL VALLE CENTRAL;2006;13;453;113;113
I.P.;2019;I.P. DEL VALLE CENTRAL;2005;13;654;119;106
I.P.;2019;I.P. DEL VALLE CENTRAL;2022;2;25;5;5
I.P.;2019;I.P. DEL VALLE CENTRAL;2021;2;25;5;5
I.P.;2019;I.P. DEL VALLE CENTRAL;2020;2;25;5;5
I.P.;2019;I.P. DEL VALLE CENTRAL;2019;2;25;11;11
I.P.;2019;I.P. DEL VALLE CENTRAL;2018;2;25;5;5
I.P.;2019;I.P. DEL VALLE CENTRAL;2017;1;29;15;15
I.P.;2019;I.P. DEL VALLE CENTRAL;2016;4;321;40;40
I.P.;2019;I.P. DEL VALLE CENTRAL;2015;4;321;46;46
I.P.;2019;I.P. DEL VALLE CENTRAL;2014;2;130;34;34
I.P.;2019;I.P. DEL VALLE CENTRAL;2013;2;130;34;34
I.P.;2019;I.P. DEL VALLE CENTRAL;2012;2;130;27;27
I.P.;2019;I.P. DEL VALLE CENTRAL;2011;2;130;24;24
I.P.;2019;I.P. DEL VALLE CENTRAL;2010;3;180;30;30
I.P.;2019;I.P. DEL VALLE CENTRAL;2009;2;130;30;30
I.P.;2019;I.P. DEL VALLE CENTRAL;2008;6;1.266;20;20
I.P.;2019;I.P. DEL VALLE CENTRAL;2007;6;1.266;25;25
I.P.;2019;I.P. DEL VALLE CENTRAL;2006;4;86;25;25
I.P.;2019;I.P. DEL VALLE CENTRAL;2005;4;86;25;25
I.P.;2020;I.P. VIRGINIO GÓMEZ;2024;168;1.403;167;167
I.P.;2020;I.P. VIRGINIO GÓMEZ;2023;37;1.297;167;167
I.P.;2020;I.P. VIRGINIO GÓMEZ;2022;37;1.297;167;167
I.P.;2020;I.P. VIRGINIO GÓMEZ;2021;34;1.217;167;167
I.P.;2020;I.P. VIRGINIO GÓMEZ;2020;34;1.113;167;167
I.P.;2020;I.P. VIRGINIO GÓMEZ;2019;34;1.113;143;143
I.P.;2020;I.P. VIRGINIO GÓMEZ;2018;34;1.113;143;143
I.P.;2020;I.P. VIRGINIO GÓMEZ;2017;33;947;147;147
I.P.;2020;I.P. VIRGINIO GÓMEZ;2016;31;747;135;135
I.P.;2020;I.P. VIRGINIO GÓMEZ;2015;31;747;135;135
I.P.;2020;I.P. VIRGINIO GÓMEZ;2014;11;257;145;145
I.P.;2020;I.P. VIRGINIO GÓMEZ;2013;11;257;145;145
I.P.;2020;I.P. VIRGINIO GÓMEZ;2012;11;257;145;145
I.P.;2020;I.P. VIRGINIO GÓMEZ;2011;5;197;120;120
I.P.;2020;I.P. VIRGINIO GÓMEZ;2010;5;197;120;120
I.P.;2020;I.P. VIRGINIO GÓMEZ;2009;5;197;110;110
I.P.;2020;I.P. VIRGINIO GÓMEZ;2008;5;197;110;110
I.P.;2020;I.P. VIRGINIO GÓMEZ;2007;4;247;98;98
I.P.;2020;I.P. VIRGINIO GÓMEZ;2006;4;247;70;70
I.P.;2020;I.P. VIRGINIO GÓMEZ;2005;5;247;79;79
I.P.;2020;I.P. VIRGINIO GÓMEZ;2024;292;3.053;462;462
I.P.;2020;I.P. VIRGINIO GÓMEZ;2023;132;3.519;462;462
I.P.;2020;I.P. VIRGINIO GÓMEZ;2022;132;3.519;462;462
I.P.;2020;I.P. VIRGINIO GÓMEZ;2021;127;3.151;462;462
I.P.;2020;I.P. VIRGINIO GÓMEZ;2020;127;3.458;462;462
I.P.;2020;I.P. VIRGINIO GÓMEZ;2019;78;3.144;416;416
I.P.;2020;I.P. VIRGINIO GÓMEZ;2018;122;3.144;416;416
I.P.;2020;I.P. VIRGINIO GÓMEZ;2017;119;2.902;476;476
I.P.;2020;I.P. VIRGINIO GÓMEZ;2016;117;2.842;453;453
I.P.;2020;I.P. VIRGINIO GÓMEZ;2015;115;2.842;453;453
I.P.;2020;I.P. VIRGINIO GÓMEZ;2014;43;1.698;444;444
I.P.;2020;I.P. VIRGINIO GÓMEZ;2013;41;1.328;444;444
I.P.;2020;I.P. VIRGINIO GÓMEZ;2012;33;1.069;434;434
I.P.;2020;I.P. VIRGINIO GÓMEZ;2011;15;952;388;388
I.P.;2020;I.P. VIRGINIO GÓMEZ;2010;14;905;358;358
I.P.;2020;I.P. VIRGINIO GÓMEZ;2009;8;350;237;207
I.P.;2020;I.P. VIRGINIO GÓMEZ;2008;8;350;226;196
I.P.;2020;I.P. VIRGINIO GÓMEZ;2007;9;751;139;139
I.P.;2020;I.P. VIRGINIO GÓMEZ;2006;9;751;119;119
I.P.;2020;I.P. VIRGINIO GÓMEZ;2005;9;751;119;119
I.P.;2020;I.P. VIRGINIO GÓMEZ;2024;151;1.104;181;181
I.P.;2020;I.P. VIRGINIO GÓMEZ;2023;58;1.138;181;181
I.P.;2020;I.P. VIRGINIO GÓMEZ;2022;58;1.138;187;187
I.P.;2020;I.P. VIRGINIO GÓMEZ;2021;54;924;162;162
I.P.;2020;I.P. VIRGINIO GÓMEZ;2020;54;1.018;181;181
I.P.;2020;I.P. VIRGINIO GÓMEZ;2019;54;885;212;212
I.P.;2020;I.P. VIRGINIO GÓMEZ;2018;54;885;212;212
I.P.;2020;I.P. VIRGINIO GÓMEZ;2017;54;860;197;197
I.P.;2020;I.P. VIRGINIO GÓMEZ;2016;54;860;187;187
I.P.;2020;I.P. VIRGINIO GÓMEZ;2015;53;860;187;187
I.P.;2020;I.P. VIRGINIO GÓMEZ;2014;18;400;216;216
I.P.;2020;I.P. VIRGINIO GÓMEZ;2013;18;400;216;216
I.P.;2020;I.P. VIRGINIO GÓMEZ;2012;15;333;216;216
I.P.;2020;I.P. VIRGINIO GÓMEZ;2011;6;293;191;153
I.P.;2020;I.P. VIRGINIO GÓMEZ;2010;6;293;163;133
I.P.;2020;I.P. VIRGINIO GÓMEZ;2009;6;293;163;133
I.P.;2020;I.P. VIRGINIO GÓMEZ;2008;5;213;105;70
I.P.;2020;I.P. VIRGINIO GÓMEZ;2007;4;213;60;60
I.P.;2020;I.P. VIRGINIO GÓMEZ;2006;4;195;60;60
I.P.;2020;I.P. VIRGINIO GÓMEZ;2005;6;275;78;78
I.P.;2021;I.P. LA ARAUCANA;2018;7;254;141;141
I.P.;2021;I.P. LA ARAUCANA;2017;7;254;141;141
I.P.;2021;I.P. LA ARAUCANA;2016;9;281;115;115
I.P.;2021;I.P. LA ARAUCANA;2015;9;308;133;133
I.P.;2021;I.P. LA ARAUCANA;2014;7;242;112;112
I.P.;2021;I.P. LA ARAUCANA;2013;6;213;109;109
I.P.;2021;I.P. LA ARAUCANA;2012;5;177;109;109
I.P.;2021;I.P. LA ARAUCANA;2011;5;176;54;54
I.P.;2021;I.P. LA ARAUCANA;2010;2;35;56;56
I.P.;2021;I.P. LA ARAUCANA;2009;3;60;55;55
I.P.;2021;I.P. LA ARAUCANA;2008;3;80;43;43
I.P.;2021;I.P. LA ARAUCANA;2007;1;60;30;30
I.P.;2021;I.P. LA ARAUCANA;2006;2;120;60;60
I.P.;2021;I.P. LA ARAUCANA;2005;2;120;45;45
I.P.;2021;I.P. LA ARAUCANA;2018;5;161;98;98
I.P.;2021;I.P. LA ARAUCANA;2017;5;161;98;98
I.P.;2021;I.P. LA ARAUCANA;2016;5;111;102;102
I.P.;2021;I.P. LA ARAUCANA;2015;5;155;104;104
I.P.;2021;I.P. LA ARAUCANA;2014;4;111;104;104
I.P.;2021;I.P. LA ARAUCANA;2013;4;111;104;104
I.P.;2021;I.P. LA ARAUCANA;2012;4;111;104;104
I.P.;2021;I.P. LA ARAUCANA;2011;4;111;88;88
I.P.;2021;I.P. LA ARAUCANA;2010;5;215;74;74
I.P.;2021;I.P. LA ARAUCANA;2009;4;97;76;76
I.P.;2021;I.P. LA ARAUCANA;2008;4;111;64;64
I.P.;2021;I.P. LA ARAUCANA;2007;4;111;64;64
I.P.;2021;I.P. LA ARAUCANA;2006;3;75;60;60
I.P.;2021;I.P. LA ARAUCANA;2005;3;75;75;75
I.P.;2021;I.P. LA ARAUCANA;2018;2;61;33;33
I.P.;2021;I.P. LA ARAUCANA;2017;2;61;33;33
I.P.;2021;I.P. LA ARAUCANA;2016;2;45;54;24
I.P.;2021;I.P. LA ARAUCANA;2015;1;33;20;20
I.P.;2021;I.P. LA ARAUCANA;2014;2;75;36;36
I.P.;2021;I.P. LA ARAUCANA;2013;2;75;40;40
I.P.;2021;I.P. LA ARAUCANA;2012;2;50;43;43
I.P.;2021;I.P. LA ARAUCANA;2011;2;50;38;38
I.P.;2021;I.P. LA ARAUCANA;2010;1;26;20;20
I.P.;2021;I.P. LA ARAUCANA;2009;1;16;20;20
I.P.;2021;I.P. LA ARAUCANA;2018;4;170;112;112
I.P.;2021;I.P. LA ARAUCANA;2017;4;170;112;112
I.P.;2021;I.P. LA ARAUCANA;2016;2;84;90;90
I.P.;2021;I.P. LA ARAUCANA;2015;3;90;113;113
I.P.;2021;I.P. LA ARAUCANA;2014;2;39;72;72
I.P.;2021;I.P. LA ARAUCANA;2013;2;41;70;70
I.P.;2021;I.P. LA ARAUCANA;2012;2;41;70;70
I.P.;2021;I.P. LA ARAUCANA;2011;1;41;39;39
I.P.;2021;I.P. LA ARAUCANA;2018;7;246;117;117
I.P.;2021;I.P. LA ARAUCANA;2017;7;246;117;117
I.P.;2021;I.P. LA ARAUCANA;2016;9;350;265;123
I.P.;2021;I.P. LA ARAUCANA;2015;9;350;115;115
I.P.;2021;I.P. LA ARAUCANA;2014;10;487;153;153
I.P.;2021;I.P. LA ARAUCANA;2013;10;487;153;153
I.P.;2021;I.P. LA ARAUCANA;2012;7;266;123;123
I.P.;2021;I.P. LA ARAUCANA;2011;7;266;98;98
I.P.;2021;I.P. LA ARAUCANA;2010;4;149;98;98
I.P.;2021;I.P. LA ARAUCANA;2009;3;170;68;68
I.P.;2021;I.P. LA ARAUCANA;2008;2;80;60;60
I.P.;2021;I.P. LA ARAUCANA;2007;2;1;45;30
I.P.;2021;I.P. LA ARAUCANA;2018;12;320;98;98
I.P.;2021;I.P. LA ARAUCANA;2017;12;320;98;98
I.P.;2021;I.P. LA ARAUCANA;2016;10;305;220;220
I.P.;2021;I.P. LA ARAUCANA;2015;9;223;102;102
I.P.;2021;I.P. LA ARAUCANA;2014;8;505;137;137
I.P.;2021;I.P. LA ARAUCANA;2013;12;588;179;179
I.P.;2021;I.P. LA ARAUCANA;2012;10;378;190;190
I.P.;2021;I.P. LA ARAUCANA;2011;8;204;119;119
I.P.;2021;I.P. LA ARAUCANA;2010;5;430;71;71
I.P.;2021;I.P. LA ARAUCANA;2009;5;430;71;71
I.P.;2021;I.P. LA ARAUCANA;2008;6;240;92;84
I.P.;2021;I.P. LA ARAUCANA;2007;3;200;42;42
I.P.;2021;I.P. LA ARAUCANA;2006;4;200;60;60
I.P.;2021;I.P. LA ARAUCANA;2005;6;200;80;80
I.P.;2021;I.P. LA ARAUCANA;2018;4;132;103;103
I.P.;2021;I.P. LA ARAUCANA;2017;4;132;103;103
I.P.;2021;I.P. LA ARAUCANA;2016;4;131;123;123
I.P.;2021;I.P. LA ARAUCANA;2015;4;131;105;105
I.P.;2021;I.P. LA ARAUCANA;2014;5;159;125;125
I.P.;2021;I.P. LA ARAUCANA;2013;4;66;112;112
I.P.;2021;I.P. LA ARAUCANA;2012;3;130;78;78
I.P.;2021;I.P. LA ARAUCANA;2011;2;42;55;55
I.P.;2021;I.P. LA ARAUCANA;2010;2;63;50;20
I.P.;2021;I.P. LA ARAUCANA;2011;13;544;72;72
I.P.;2021;I.P. LA ARAUCANA;2018;27;1.099;685;685
I.P.;2021;I.P. LA ARAUCANA;2017;31;1.302;729;729
I.P.;2021;I.P. LA ARAUCANA;2016;36;1.104;952;952
I.P.;2021;I.P. LA ARAUCANA;2015;31;1.170;752;752
I.P.;2021;I.P. LA ARAUCANA;2014;25;869;494;494
I.P.;2021;I.P. LA ARAUCANA;2013;19;1.153;497;497
I.P.;2021;I.P. LA ARAUCANA;2012;18;1.153;451;451
I.P.;2021;I.P. LA ARAUCANA;2011;9;340;266;266
I.P.;2021;I.P. LA ARAUCANA;2010;9;337;265;265
I.P.;2021;I.P. LA ARAUCANA;2009;10;302;265;265
I.P.;2021;I.P. LA ARAUCANA;2008;11;462;262;262
I.P.;2021;I.P. LA ARAUCANA;2007;19;308;191;191
I.P.;2021;I.P. LA ARAUCANA;2006;6;271;219;206
I.P.;2021;I.P. LA ARAUCANA;2005;9;271;208;185
I.P.;2021;I.P. LA ARAUCANA;2018;4;210;84;84
I.P.;2021;I.P. LA ARAUCANA;2017;4;210;84;84
I.P.;2021;I.P. LA ARAUCANA;2016;4;252;135;135
I.P.;2021;I.P. LA ARAUCANA;2015;5;524;175;175
I.P.;2021;I.P. LA ARAUCANA;2014;5;274;175;175
I.P.;2021;I.P. LA ARAUCANA;2013;5;274;175;175
I.P.;2021;I.P. LA ARAUCANA;2012;5;274;175;175
I.P.;2021;I.P. LA ARAUCANA;2011;3;185;115;115
I.P.;2021;I.P. LA ARAUCANA;2010;3;185;115;115
I.P.;2021;I.P. LA ARAUCANA;2009;3;185;15;105
I.P.;2021;I.P. LA ARAUCANA;2008;2;108;69;69
I.P.;2021;I.P. LA ARAUCANA;2018;3;98;56;56
I.P.;2021;I.P. LA ARAUCANA;2017;3;98;56;56
I.P.;2021;I.P. LA ARAUCANA;2016;3;98;63;63
I.P.;2021;I.P. LA ARAUCANA;2015;3;98;56;56
I.P.;2021;I.P. LA ARAUCANA;2014;3;158;60;59
I.P.;2022;I.P. DE CIENCIAS Y ARTES INCA-CEA;2015;8;590;69;69
I.P.;2022;I.P. DE CIENCIAS Y ARTES INCA-CEA;2014;8;590;69;69
I.P.;2022;I.P. DE CIENCIAS Y ARTES INCA-CEA;2012;8;590;69;69
I.P.;2022;I.P. DE CIENCIAS Y ARTES INCA-CEA;2011;8;590;69;69
I.P.;2022;I.P. DE CIENCIAS Y ARTES INCA-CEA;2010;7;536;66;66
I.P.;2022;I.P. DE CIENCIAS Y ARTES INCA-CEA;2008;7;536;66;66
I.P.;2022;I.P. DE CIENCIAS Y ARTES INCA-CEA;2007;7;536;66;66
I.P.;2022;I.P. DE CIENCIAS Y ARTES INCA-CEA;2006;7;536;66;66
I.P.;2022;I.P. DE CIENCIAS Y ARTES INCA-CEA;2005;7;536;66;66
I.P.;2022;I.P. DE CIENCIAS Y ARTES INCA-CEA;2011;4;188;10;10
I.P.;2023;I.P. CENAFOM;2007;1;42;7;7
I.P.;2023;I.P. CENAFOM;2006;2;65;15;15
I.P.;2023;I.P. CENAFOM;2005;2;65;15;15
I.P.;2023;I.P. CENAFOM;2006;1;18;11;11
I.P.;2023;I.P. CENAFOM;2005;1;18;11;11
I.P.;2024;I.P. CIISA;2024;11;370;242;253
I.P.;2024;I.P. CIISA;2023;12;370;264;264
I.P.;2024;I.P. CIISA;2022;12;370;262;262
I.P.;2024;I.P. CIISA;2021;18;605;343;343
I.P.;2024;I.P. CIISA;2020;18;605;400;400
I.P.;2024;I.P. CIISA;2019;18;591;410;410
I.P.;2024;I.P. CIISA;2018;18;596;423;423
I.P.;2024;I.P. CIISA;2017;21;630;484;484
I.P.;2024;I.P. CIISA;2016;21;630;421;421
I.P.;2024;I.P. CIISA;2015;21;630;421;421
I.P.;2024;I.P. CIISA;2014;20;577;467;467
I.P.;2024;I.P. CIISA;2013;18;519;329;329
I.P.;2024;I.P. CIISA;2012;10;332;257;257
I.P.;2024;I.P. CIISA;2011;10;332;81;81
I.P.;2024;I.P. CIISA;2010;10;332;168;168
I.P.;2024;I.P. CIISA;2009;10;332;166;166
I.P.;2024;I.P. CIISA;2008;9;310;138;138
I.P.;2024;I.P. CIISA;2007;8;282;125;125
I.P.;2024;I.P. CIISA;2006;9;311;131;131
I.P.;2024;I.P. CIISA;2005;8;282;134;134
I.P.;2025;I.P. ENAC;2016;9;500;115;115
I.P.;2025;I.P. ENAC;2015;9;500;115;115
I.P.;2025;I.P. ENAC;2014;9;500;115;115
I.P.;2025;I.P. ENAC;2013;9;500;115;115
I.P.;2025;I.P. ENAC;2012;9;500;115;115
I.P.;2025;I.P. ENAC;2011;9;500;115;115
I.P.;2025;I.P. ENAC;2010;9;500;115;115
I.P.;2025;I.P. ENAC;2009;9;440;115;112
I.P.;2025;I.P. ENAC;2008;13;635;126;126
I.P.;2025;I.P. ENAC;2007;18;906;100;100
I.P.;2025;I.P. ENAC;2006;18;906;79;79
I.P.;2025;I.P. ENAC;2005;5;396;95;95
I.P.;2026;I.P. HOGAR CATEQUÍSTICO;2015;2;41;14;14
I.P.;2026;I.P. HOGAR CATEQUÍSTICO;2014;2;41;14;14
I.P.;2026;I.P. HOGAR CATEQUÍSTICO;2013;2;41;14;14
I.P.;2026;I.P. HOGAR CATEQUÍSTICO;2012;2;41;14;14
I.P.;2026;I.P. HOGAR CATEQUÍSTICO;2011;2;41;14;14
I.P.;2026;I.P. HOGAR CATEQUÍSTICO;2010;2;41;14;14
I.P.;2026;I.P. HOGAR CATEQUÍSTICO;2009;2;41;14;14
I.P.;2026;I.P. HOGAR CATEQUÍSTICO;2008;2;41;14;14
I.P.;2026;I.P. HOGAR CATEQUÍSTICO;2007;2;41;13;13
I.P.;2026;I.P. HOGAR CATEQUÍSTICO;2006;1;32;14;14
I.P.;2026;I.P. HOGAR CATEQUÍSTICO;2005;1;32;10;10
I.P.;2027;I.P. LOS LEONES;2024;59;2.627;900;781
I.P.;2027;I.P. LOS LEONES;2023;59;2.627;900;781
I.P.;2027;I.P. LOS LEONES;2022;68;3.255;1.001;1.001
I.P.;2027;I.P. LOS LEONES;2021;53;3.535;1.001;1.001
I.P.;2027;I.P. LOS LEONES;2020;62;3.059;1.000;1.000
I.P.;2027;I.P. LOS LEONES;2019;62;3.521;1.000;1.000
I.P.;2027;I.P. LOS LEONES;2018;58;3.297;907;907
I.P.;2027;I.P. LOS LEONES;2017;60;2.945;910;910
I.P.;2027;I.P. LOS LEONES;2016;62;3.272;829;829
I.P.;2027;I.P. LOS LEONES;2015;46;2.556;819;819
I.P.;2027;I.P. LOS LEONES;2014;26;1.320;480;480
I.P.;2027;I.P. LOS LEONES;2013;22;1.320;367;367
I.P.;2027;I.P. LOS LEONES;2012;16;1.450;406;406
I.P.;2027;I.P. LOS LEONES;2011;23;1.395;346;346
I.P.;2027;I.P. LOS LEONES;2010;30;1.243;290;290
I.P.;2027;I.P. LOS LEONES;2009;24;960;296;296
I.P.;2027;I.P. LOS LEONES;2008;30;1.940;330;330
I.P.;2027;I.P. LOS LEONES;2007;29;1.875;320;346
I.P.;2027;I.P. LOS LEONES;2006;27;1.725;165;165
I.P.;2027;I.P. LOS LEONES;2005;10;512;160;160
I.P.;2027;I.P. LOS LEONES;2019;4;216;93;93
I.P.;2027;I.P. LOS LEONES;2018;4;216;93;93
I.P.;2027;I.P. LOS LEONES;2017;3;134;71;71
I.P.;2027;I.P. LOS LEONES;2016;3;134;71;71
I.P.;2027;I.P. LOS LEONES;2015;3;129;80;80
I.P.;2027;I.P. LOS LEONES;2014;3;75;65;65
I.P.;2027;I.P. LOS LEONES;2013;2;67;46;44
I.P.;2028;I.P. DE LOS LAGOS;2015;2;72;39;39
I.P.;2028;I.P. DE LOS LAGOS;2014;2;72;39;39
I.P.;2028;I.P. DE LOS LAGOS;2013;2;72;39;39
I.P.;2028;I.P. DE LOS LAGOS;2012;2;72;39;39
I.P.;2028;I.P. DE LOS LAGOS;2011;2;72;23;23
I.P.;2028;I.P. DE LOS LAGOS;2010;2;72;23;23
I.P.;2028;I.P. DE LOS LAGOS;2009;2;72;23;23
I.P.;2028;I.P. DE LOS LAGOS;2015;1;46;13;13
I.P.;2028;I.P. DE LOS LAGOS;2014;1;46;13;13
I.P.;2028;I.P. DE LOS LAGOS;2013;1;46;13;13
I.P.;2028;I.P. DE LOS LAGOS;2012;1;46;13;13
I.P.;2028;I.P. DE LOS LAGOS;2011;1;46;12;12
I.P.;2028;I.P. DE LOS LAGOS;2010;1;46;12;12
I.P.;2028;I.P. DE LOS LAGOS;2009;1;46;9;9
I.P.;2028;I.P. DE LOS LAGOS;2015;2;62;33;33
I.P.;2028;I.P. DE LOS LAGOS;2014;2;62;33;33
I.P.;2028;I.P. DE LOS LAGOS;2013;2;62;33;33
I.P.;2028;I.P. DE LOS LAGOS;2012;2;62;33;33
I.P.;2028;I.P. DE LOS LAGOS;2011;2;62;12;12
I.P.;2028;I.P. DE LOS LAGOS;2010;2;62;12;12
I.P.;2028;I.P. DE LOS LAGOS;2009;2;62;12;12
I.P.;2028;I.P. DE LOS LAGOS;2022;1;50;32;32
I.P.;2028;I.P. DE LOS LAGOS;2021;1;50;32;32
I.P.;2028;I.P. DE LOS LAGOS;2020;1;50;32;32
I.P.;2028;I.P. DE LOS LAGOS;2019;1;50;32;32
I.P.;2028;I.P. DE LOS LAGOS;2018;1;50;32;32
I.P.;2028;I.P. DE LOS LAGOS;2017;1;50;32;32
I.P.;2028;I.P. DE LOS LAGOS;2016;1;50;66;66
I.P.;2028;I.P. DE LOS LAGOS;2015;1;50;66;66
I.P.;2028;I.P. DE LOS LAGOS;2014;1;50;46;46
I.P.;2028;I.P. DE LOS LAGOS;2013;1;50;46;46
I.P.;2028;I.P. DE LOS LAGOS;2012;1;50;46;46
I.P.;2028;I.P. DE LOS LAGOS;2011;1;50;22;22
I.P.;2028;I.P. DE LOS LAGOS;2010;2;80;22;22
I.P.;2028;I.P. DE LOS LAGOS;2009;2;80;22;22
I.P.;2028;I.P. DE LOS LAGOS;2022;2;50;25;25
I.P.;2028;I.P. DE LOS LAGOS;2021;2;50;25;25
I.P.;2028;I.P. DE LOS LAGOS;2020;2;50;25;25
I.P.;2028;I.P. DE LOS LAGOS;2019;1;31;40;40
I.P.;2028;I.P. DE LOS LAGOS;2018;1;31;40;40
I.P.;2028;I.P. DE LOS LAGOS;2017;1;31;39;39
I.P.;2028;I.P. DE LOS LAGOS;2016;1;34;42;42
I.P.;2028;I.P. DE LOS LAGOS;2015;1;34;42;42
I.P.;2028;I.P. DE LOS LAGOS;2014;1;34;22;22
I.P.;2028;I.P. DE LOS LAGOS;2013;1;34;22;22
I.P.;2028;I.P. DE LOS LAGOS;2012;1;34;22;22
I.P.;2028;I.P. DE LOS LAGOS;2011;1;34;22;22
I.P.;2028;I.P. DE LOS LAGOS;2010;1;34;22;22
I.P.;2028;I.P. DE LOS LAGOS;2009;1;34;22;22
I.P.;2028;I.P. DE LOS LAGOS;2022;2;80;32;32
I.P.;2028;I.P. DE LOS LAGOS;2021;2;80;32;32
I.P.;2028;I.P. DE LOS LAGOS;2020;2;80;32;32
I.P.;2028;I.P. DE LOS LAGOS;2019;2;40;44;44
I.P.;2028;I.P. DE LOS LAGOS;2018;2;40;44;44
I.P.;2028;I.P. DE LOS LAGOS;2017;2;40;36;36
I.P.;2028;I.P. DE LOS LAGOS;2016;3;98;71;71
I.P.;2028;I.P. DE LOS LAGOS;2015;3;98;71;71
I.P.;2028;I.P. DE LOS LAGOS;2014;3;98;46;46
I.P.;2028;I.P. DE LOS LAGOS;2013;3;98;46;46
I.P.;2028;I.P. DE LOS LAGOS;2012;3;98;46;46
I.P.;2028;I.P. DE LOS LAGOS;2011;2;75;35;35
I.P.;2028;I.P. DE LOS LAGOS;2010;2;75;35;35
I.P.;2028;I.P. DE LOS LAGOS;2009;1;23;35;35
I.P.;2028;I.P. DE LOS LAGOS;2022;2;120;63;63
I.P.;2028;I.P. DE LOS LAGOS;2021;2;120;63;63
I.P.;2028;I.P. DE LOS LAGOS;2020;2;120;63;63
I.P.;2028;I.P. DE LOS LAGOS;2019;2;120;63;63
I.P.;2028;I.P. DE LOS LAGOS;2018;3;120;63;63
I.P.;2028;I.P. DE LOS LAGOS;2017;3;120;63;63
I.P.;2028;I.P. DE LOS LAGOS;2016;3;120;98;98
I.P.;2028;I.P. DE LOS LAGOS;2015;3;120;98;98
I.P.;2028;I.P. DE LOS LAGOS;2014;3;120;68;68
I.P.;2028;I.P. DE LOS LAGOS;2013;3;120;68;68
I.P.;2028;I.P. DE LOS LAGOS;2012;3;120;68;68
I.P.;2028;I.P. DE LOS LAGOS;2011;3;120;54;54
I.P.;2028;I.P. DE LOS LAGOS;2010;2;80;49;49
I.P.;2028;I.P. DE LOS LAGOS;2009;1;40;49;49
I.P.;2028;I.P. DE LOS LAGOS;2022;2;60;59;59
I.P.;2028;I.P. DE LOS LAGOS;2021;2;60;59;59
I.P.;2028;I.P. DE LOS LAGOS;2020;2;60;59;59
I.P.;2028;I.P. DE LOS LAGOS;2019;2;60;59;59
I.P.;2028;I.P. DE LOS LAGOS;2018;2;60;59;59
I.P.;2028;I.P. DE LOS LAGOS;2017;2;60;59;59
I.P.;2028;I.P. DE LOS LAGOS;2016;2;60;30;30
I.P.;2028;I.P. DE LOS LAGOS;2015;2;60;30;30
I.P.;2028;I.P. DE LOS LAGOS;2014;2;60;30;30
I.P.;2028;I.P. DE LOS LAGOS;2013;2;60;30;30
I.P.;2028;I.P. DE LOS LAGOS;2012;2;60;30;30
I.P.;2028;I.P. DE LOS LAGOS;2011;2;50;20;20
I.P.;2028;I.P. DE LOS LAGOS;2010;2;50;20;20
I.P.;2028;I.P. DE LOS LAGOS;2009;2;50;20;20
I.P.;2028;I.P. DE LOS LAGOS;2022;2;96;56;56
I.P.;2028;I.P. DE LOS LAGOS;2021;2;96;56;56
I.P.;2028;I.P. DE LOS LAGOS;2020;2;96;56;56
I.P.;2028;I.P. DE LOS LAGOS;2019;2;96;56;56
I.P.;2028;I.P. DE LOS LAGOS;2018;2;96;56;56
I.P.;2028;I.P. DE LOS LAGOS;2017;2;96;56;56
I.P.;2028;I.P. DE LOS LAGOS;2016;2;118;74;74
I.P.;2028;I.P. DE LOS LAGOS;2015;2;96;74;74
I.P.;2028;I.P. DE LOS LAGOS;2014;2;96;54;54
I.P.;2028;I.P. DE LOS LAGOS;2013;2;96;54;54
I.P.;2028;I.P. DE LOS LAGOS;2012;2;96;54;54
I.P.;2028;I.P. DE LOS LAGOS;2011;2;96;54;54
I.P.;2028;I.P. DE LOS LAGOS;2010;2;96;54;54
I.P.;2028;I.P. DE LOS LAGOS;2009;2;96;54;54
I.P.;2028;I.P. DE LOS LAGOS;2015;1;25;16;16
I.P.;2028;I.P. DE LOS LAGOS;2014;1;25;16;16
I.P.;2028;I.P. DE LOS LAGOS;2013;1;25;16;16
I.P.;2028;I.P. DE LOS LAGOS;2012;1;25;16;16
I.P.;2028;I.P. DE LOS LAGOS;2011;1;25;11;11
I.P.;2028;I.P. DE LOS LAGOS;2010;1;25;5;5
I.P.;2028;I.P. DE LOS LAGOS;2009;1;25;5;5
I.P.;2028;I.P. DE LOS LAGOS;2022;5;184;112;112
I.P.;2028;I.P. DE LOS LAGOS;2021;5;184;112;112
I.P.;2028;I.P. DE LOS LAGOS;2020;5;184;112;112
I.P.;2028;I.P. DE LOS LAGOS;2019;5;184;112;112
I.P.;2028;I.P. DE LOS LAGOS;2018;5;184;112;112
I.P.;2028;I.P. DE LOS LAGOS;2017;2;102;112;112
I.P.;2028;I.P. DE LOS LAGOS;2016;4;184;165;165
I.P.;2028;I.P. DE LOS LAGOS;2015;4;184;165;165
I.P.;2028;I.P. DE LOS LAGOS;2014;4;184;135;135
I.P.;2028;I.P. DE LOS LAGOS;2013;4;184;135;135
I.P.;2028;I.P. DE LOS LAGOS;2012;4;184;135;135
I.P.;2028;I.P. DE LOS LAGOS;2011;2;92;106;106
I.P.;2028;I.P. DE LOS LAGOS;2010;2;92;56;56
I.P.;2028;I.P. DE LOS LAGOS;2009;2;92;56;56
I.P.;2028;I.P. DE LOS LAGOS;2022;3;108;75;75
I.P.;2028;I.P. DE LOS LAGOS;2021;3;108;75;75
I.P.;2028;I.P. DE LOS LAGOS;2020;3;108;75;75
I.P.;2028;I.P. DE LOS LAGOS;2019;7;800;73;73
I.P.;2028;I.P. DE LOS LAGOS;2018;7;800;73;73
I.P.;2028;I.P. DE LOS LAGOS;2017;6;790;73;73
I.P.;2028;I.P. DE LOS LAGOS;2016;4;163;121;121
I.P.;2028;I.P. DE LOS LAGOS;2015;4;163;121;121
I.P.;2028;I.P. DE LOS LAGOS;2014;4;163;91;91
I.P.;2028;I.P. DE LOS LAGOS;2013;4;163;91;91
I.P.;2028;I.P. DE LOS LAGOS;2012;4;163;91;91
I.P.;2028;I.P. DE LOS LAGOS;2011;4;163;67;67
I.P.;2028;I.P. DE LOS LAGOS;2010;4;163;67;67
I.P.;2028;I.P. DE LOS LAGOS;2009;3;111;67;67
I.P.;2028;I.P. DE LOS LAGOS;2022;1;47;37;37
I.P.;2028;I.P. DE LOS LAGOS;2021;1;47;37;37
I.P.;2028;I.P. DE LOS LAGOS;2020;1;47;37;37
I.P.;2028;I.P. DE LOS LAGOS;2019;1;47;37;37
I.P.;2028;I.P. DE LOS LAGOS;2018;1;47;37;37
I.P.;2028;I.P. DE LOS LAGOS;2017;1;47;37;37
I.P.;2028;I.P. DE LOS LAGOS;2016;1;47;45;45
I.P.;2028;I.P. DE LOS LAGOS;2015;1;47;45;45
I.P.;2028;I.P. DE LOS LAGOS;2014;1;47;25;25
I.P.;2028;I.P. DE LOS LAGOS;2013;1;47;25;25
I.P.;2028;I.P. DE LOS LAGOS;2012;1;47;25;25
I.P.;2028;I.P. DE LOS LAGOS;2011;1;47;25;25
I.P.;2028;I.P. DE LOS LAGOS;2010;1;47;25;25
I.P.;2028;I.P. DE LOS LAGOS;2009;1;47;25;25
I.P.;2028;I.P. DE LOS LAGOS;2008;1;47;25;25
I.P.;2028;I.P. DE LOS LAGOS;2017;1;105;8;8
I.P.;2028;I.P. DE LOS LAGOS;2016;3;156;40;40
I.P.;2028;I.P. DE LOS LAGOS;2015;3;156;40;40
I.P.;2028;I.P. DE LOS LAGOS;2014;3;156;40;40
I.P.;2028;I.P. DE LOS LAGOS;2013;3;156;40;40
I.P.;2028;I.P. DE LOS LAGOS;2012;3;156;40;40
I.P.;2028;I.P. DE LOS LAGOS;2011;3;156;25;25
I.P.;2028;I.P. DE LOS LAGOS;2010;3;156;25;25
I.P.;2028;I.P. DE LOS LAGOS;2009;3;156;25;25
I.P.;2029;I.P. AIEP;2024;38;1.649;328;328
I.P.;2029;I.P. AIEP;2023;38;1.649;328;328
I.P.;2029;I.P. AIEP;2022;38;1.649;328;328
I.P.;2029;I.P. AIEP;2021;38;1.649;543;543
I.P.;2029;I.P. AIEP;2020;38;1.649;88;88
I.P.;2029;I.P. AIEP;2019;23;1.026;268;268
I.P.;2029;I.P. AIEP;2012;16;675;179;585
I.P.;2029;I.P. AIEP;2008;11;413;96;96
I.P.;2029;I.P. AIEP;2006;9;203;52;40
I.P.;2029;I.P. AIEP;2005;8;242;64;60
I.P.;2029;I.P. AIEP;2012;31;2.312;845;1.386
I.P.;2029;I.P. AIEP;2024;8;377;137;137
I.P.;2029;I.P. AIEP;2023;8;377;137;137
I.P.;2029;I.P. AIEP;2022;8;377;137;137
I.P.;2029;I.P. AIEP;2021;8;377;136;136
I.P.;2029;I.P. AIEP;2020;8;377;119;119
I.P.;2029;I.P. AIEP;2019;8;415;81;81
I.P.;2029;I.P. AIEP;2012;7;325;96;239
I.P.;2029;I.P. AIEP;2008;2;86;30;30
I.P.;2029;I.P. AIEP;2006;2;107;23;23
I.P.;2029;I.P. AIEP;2005;2;109;33;33
I.P.;2029;I.P. AIEP;2024;5;187;89;89
I.P.;2029;I.P. AIEP;2023;5;187;89;89
I.P.;2029;I.P. AIEP;2022;5;187;89;89
I.P.;2029;I.P. AIEP;2021;5;187;94;94
I.P.;2029;I.P. AIEP;2020;5;187;81;81
I.P.;2029;I.P. AIEP;2019;s/i;s/i;32;32
I.P.;2029;I.P. AIEP;2024;43;2.403;362;362
I.P.;2029;I.P. AIEP;2023;43;2.403;362;362
I.P.;2029;I.P. AIEP;2022;43;2.403;362;362
I.P.;2029;I.P. AIEP;2021;43;2.403;393;393
I.P.;2029;I.P. AIEP;2020;45;2.403;447;447
I.P.;2029;I.P. AIEP;2019;35;1.955;363;363
I.P.;2029;I.P. AIEP;2012;23;1.077;302;847
I.P.;2029;I.P. AIEP;2008;14;712;127;127
I.P.;2029;I.P. AIEP;2006;3;256;55;55
I.P.;2029;I.P. AIEP;2005;4;150;50;50
I.P.;2029;I.P. AIEP;2024;16;1.173;259;259
I.P.;2029;I.P. AIEP;2023;16;1.173;259;259
I.P.;2029;I.P. AIEP;2022;16;1.173;259;259
I.P.;2029;I.P. AIEP;2021;14;975;238;238
I.P.;2029;I.P. AIEP;2020;14;975;256;256
I.P.;2029;I.P. AIEP;2019;14;836;232;232
I.P.;2029;I.P. AIEP;2012;9;471;190;448
I.P.;2029;I.P. AIEP;2008;8;306;78;78
I.P.;2029;I.P. AIEP;2006;7;182;76;76
I.P.;2029;I.P. AIEP;2005;7;182;76;76
I.P.;2029;I.P. AIEP;2024;25;1.538;312;312
I.P.;2029;I.P. AIEP;2023;25;1.538;312;312
I.P.;2029;I.P. AIEP;2022;25;1.538;312;312
I.P.;2029;I.P. AIEP;2021;23;1.470;356;356
I.P.;2029;I.P. AIEP;2020;23;1.470;340;340
I.P.;2029;I.P. AIEP;2019;21;1.335;262;262
I.P.;2029;I.P. AIEP;2012;12;796;139;543
I.P.;2029;I.P. AIEP;2024;12;820;212;212
I.P.;2029;I.P. AIEP;2023;12;820;212;212
I.P.;2029;I.P. AIEP;2022;12;820;212;212
I.P.;2029;I.P. AIEP;2021;14;861;229;229
I.P.;2029;I.P. AIEP;2020;14;861;118;118
I.P.;2029;I.P. AIEP;2019;9;633;182;182
I.P.;2029;I.P. AIEP;2012;3;179;93;198
I.P.;2029;I.P. AIEP;2024;14;818;196;196
I.P.;2029;I.P. AIEP;2023;14;818;196;196
I.P.;2029;I.P. AIEP;2022;14;818;196;196
I.P.;2029;I.P. AIEP;2021;14;818;324;324
I.P.;2029;I.P. AIEP;2020;14;818;239;239
I.P.;2029;I.P. AIEP;2019;12;735;184;184
I.P.;2029;I.P. AIEP;2012;54;2.453;325;1.386
I.P.;2029;I.P. AIEP;2008;55;2.397;733;733
I.P.;2029;I.P. AIEP;2006;8;1.836;318;318
I.P.;2029;I.P. AIEP;2024;21;1.218;337;337
I.P.;2029;I.P. AIEP;2023;21;1.218;337;337
I.P.;2029;I.P. AIEP;2022;21;1.218;337;337
I.P.;2029;I.P. AIEP;2021;21;1.218;313;313
I.P.;2029;I.P. AIEP;2020;21;1.218;243;243
I.P.;2029;I.P. AIEP;2019;10;597;337;337
I.P.;2029;I.P. AIEP;2012;10;442;120;485
I.P.;2029;I.P. AIEP;2008;4;207;65;65
I.P.;2029;I.P. AIEP;2006;4;s/i;56;35
I.P.;2029;I.P. AIEP;2005;4;s/i;52;52
I.P.;2029;I.P. AIEP;2024;42;2.407;477;477
I.P.;2029;I.P. AIEP;2023;42;2.407;477;477
I.P.;2029;I.P. AIEP;2022;42;2.407;477;477
I.P.;2029;I.P. AIEP;2021;41;2.355;377;377
I.P.;2029;I.P. AIEP;2020;42;2.355;375;375
I.P.;2029;I.P. AIEP;2019;36;2.204;496;496
I.P.;2029;I.P. AIEP;2012;8;785;173;1.326
I.P.;2029;I.P. AIEP;2008;21;953;304;304
I.P.;2029;I.P. AIEP;2006;15;695;235;235
I.P.;2029;I.P. AIEP;2005;15;695;235;140
I.P.;2029;I.P. AIEP;2024;6;334;130;130
I.P.;2029;I.P. AIEP;2023;6;334;130;130
I.P.;2029;I.P. AIEP;2022;6;334;130;130
I.P.;2029;I.P. AIEP;2021;6;334;117;117
I.P.;2029;I.P. AIEP;2020;6;334;147;147
I.P.;2029;I.P. AIEP;2019;5;244;107;107
I.P.;2029;I.P. AIEP;2024;12;820;212;212
I.P.;2029;I.P. AIEP;2023;12;820;212;212
I.P.;2029;I.P. AIEP;2022;12;820;212;212
I.P.;2029;I.P. AIEP;2021;11;761;250;250
I.P.;2029;I.P. AIEP;2020;11;761;207;207
I.P.;2029;I.P. AIEP;2019;10;620;142;142
I.P.;2029;I.P. AIEP;2012;6;400;174;264
I.P.;2029;I.P. AIEP;2024;10;572;221;221
I.P.;2029;I.P. AIEP;2023;10;572;221;221
I.P.;2029;I.P. AIEP;2022;10;572;221;221
I.P.;2029;I.P. AIEP;2021;10;572;297;297
I.P.;2029;I.P. AIEP;2020;10;572;242;242
I.P.;2029;I.P. AIEP;2019;9;521;186;186
I.P.;2029;I.P. AIEP;2012;8;468;158;527
I.P.;2029;I.P. AIEP;2008;6;242;81;81
I.P.;2029;I.P. AIEP;2006;5;180;60;60
I.P.;2029;I.P. AIEP;2005;4;160;60;60
I.P.;2029;I.P. AIEP;2012;8;785;104;205
I.P.;2029;I.P. AIEP;2024;242;12.865;2.736;2.736
I.P.;2029;I.P. AIEP;2023;242;12.865;2.736;2.736
I.P.;2029;I.P. AIEP;2022;242;12.865;2.736;2.736
I.P.;2029;I.P. AIEP;2021;240;12.707;2.989;2.989
I.P.;2029;I.P. AIEP;2020;242;12.865;2.322;2.322
I.P.;2029;I.P. AIEP;2019;190;11.780;2.919;2.919
I.P.;2029;I.P. AIEP;2024;11;671;170;170
I.P.;2029;I.P. AIEP;2023;11;671;170;170
I.P.;2029;I.P. AIEP;2022;11;671;170;170
I.P.;2029;I.P. AIEP;2021;11;671;233;233
I.P.;2029;I.P. AIEP;2020;11;671;194;194
I.P.;2029;I.P. AIEP;2019;7;490;157;157
I.P.;2029;I.P. AIEP;2012;3;211;72;107
I.P.;2029;I.P. AIEP;2024;16;1.032;251;251
I.P.;2029;I.P. AIEP;2023;16;1.032;251;251
I.P.;2029;I.P. AIEP;2022;16;1.032;251;251
I.P.;2029;I.P. AIEP;2021;15;987;221;221
I.P.;2029;I.P. AIEP;2020;15;987;208;208
I.P.;2029;I.P. AIEP;2019;12;811;192;192
I.P.;2029;I.P. AIEP;2012;6;409;122;335
I.P.;2029;I.P. AIEP;2024;14;818;196;196
I.P.;2029;I.P. AIEP;2023;14;818;196;196
I.P.;2029;I.P. AIEP;2022;14;818;196;196
I.P.;2029;I.P. AIEP;2021;11;676;208;208
I.P.;2029;I.P. AIEP;2020;11;676;264;264
I.P.;2029;I.P. AIEP;2019;9;595;198;198
I.P.;2029;I.P. AIEP;2023;23;1.153;258;258
I.P.;2029;I.P. AIEP;2022;23;1.153;258;258
I.P.;2029;I.P. AIEP;2021;23;1.153;216;216
I.P.;2029;I.P. AIEP;2020;23;1.153;459;459
I.P.;2029;I.P. AIEP;2019;23;1.362;345;345
I.P.;2029;I.P. AIEP;2012;24;1.289;296;890
I.P.;2029;I.P. AIEP;2008;11;394;108;108
I.P.;2029;I.P. AIEP;2006;8;176;55;55
I.P.;2029;I.P. AIEP;2005;7;176;45;45
I.P.;2030;I.P. EATRI;2024;3;90;56;56
I.P.;2030;I.P. EATRI;2023;3;90;56;56
I.P.;2030;I.P. EATRI;2022;4;90;56;54
I.P.;2030;I.P. EATRI;2021;4;108;56;47
I.P.;2030;I.P. EATRI;2020;4;108;78;54
I.P.;2030;I.P. EATRI;2019;4;108;64;39
I.P.;2030;I.P. EATRI;2018;4;108;64;39
I.P.;2030;I.P. EATRI;2017;4;108;75;35
I.P.;2030;I.P. EATRI;2016;4;108;75;35
I.P.;2030;I.P. EATRI;2015;4;108;75;35
I.P.;2030;I.P. EATRI;2014;5;180;71;45
I.P.;2030;I.P. EATRI;2013;5;180;71;45
I.P.;2030;I.P. EATRI;2012;5;162;57;35
I.P.;2030;I.P. EATRI;2011;5;158;51;35
I.P.;2030;I.P. EATRI;2010;5;158;50;38
I.P.;2030;I.P. EATRI;2009;4;126;39;23
I.P.;2030;I.P. EATRI;2008;4;106;39;23
I.P.;2030;I.P. EATRI;2007;4;106;30;14
I.P.;2030;I.P. EATRI;2006;4;89;22;12
I.P.;2030;I.P. EATRI;2005;4;89;22;12
I.P.;2031;I.P. CARLOS CASANUEVA;2019;12;610;90;90
I.P.;2031;I.P. CARLOS CASANUEVA;2018;12;610;120;120
I.P.;2031;I.P. CARLOS CASANUEVA;2017;12;610;150;150
I.P.;2031;I.P. CARLOS CASANUEVA;2016;12;610;89;89
I.P.;2031;I.P. CARLOS CASANUEVA;2015;12;610;89;89
I.P.;2031;I.P. CARLOS CASANUEVA;2014;7;580;66;66
I.P.;2031;I.P. CARLOS CASANUEVA;2013;8;580;50;50
I.P.;2031;I.P. CARLOS CASANUEVA;2012;8;s/i;50;50
I.P.;2031;I.P. CARLOS CASANUEVA;2011;4;s/i;30;30
I.P.;2031;I.P. CARLOS CASANUEVA;2010;1;s/i;30;30
I.P.;2031;I.P. CARLOS CASANUEVA;2006;1;23;10;10
I.P.;2031;I.P. CARLOS CASANUEVA;2005;1;23;20;20
I.P.;2033;I.P. INSTITUTO NACIONAL DEL FÚTBOL;2024;5;12.636;35;36
I.P.;2033;I.P. INSTITUTO NACIONAL DEL FÚTBOL;2023;5;12.636;35;36
I.P.;2033;I.P. INSTITUTO NACIONAL DEL FÚTBOL;2022;5;12.636;35;36
I.P.;2033;I.P. INSTITUTO NACIONAL DEL FÚTBOL;2021;5;12.636;35;36
I.P.;2033;I.P. INSTITUTO NACIONAL DEL FÚTBOL;2020;3;101;35;36
I.P.;2033;I.P. INSTITUTO NACIONAL DEL FÚTBOL;2019;3;101;35;36
I.P.;2033;I.P. INSTITUTO NACIONAL DEL FÚTBOL;2018;3;101;35;36
I.P.;2033;I.P. INSTITUTO NACIONAL DEL FÚTBOL;2017;3;101;35;36
I.P.;2033;I.P. INSTITUTO NACIONAL DEL FÚTBOL;2016;2;97;28;28
I.P.;2033;I.P. INSTITUTO NACIONAL DEL FÚTBOL;2015;2;97;24;25
I.P.;2033;I.P. INSTITUTO NACIONAL DEL FÚTBOL;2014;2;97;24;25
I.P.;2033;I.P. INSTITUTO NACIONAL DEL FÚTBOL;2013;2;97;24;25
I.P.;2033;I.P. INSTITUTO NACIONAL DEL FÚTBOL;2012;1;60;24;24
I.P.;2033;I.P. INSTITUTO NACIONAL DEL FÚTBOL;2011;1;60;24;24
I.P.;2033;I.P. INSTITUTO NACIONAL DEL FÚTBOL;2010;1;60;24;24
I.P.;2033;I.P. INSTITUTO NACIONAL DEL FÚTBOL;2009;1;60;24;24
I.P.;2033;I.P. INSTITUTO NACIONAL DEL FÚTBOL;2008;1;60;24;24
I.P.;2033;I.P. INSTITUTO NACIONAL DEL FÚTBOL;2007;1;60;24;14
I.P.;2033;I.P. INSTITUTO NACIONAL DEL FÚTBOL;2006;1;60;24;14
I.P.;2033;I.P. INSTITUTO NACIONAL DEL FÚTBOL;2005;1;60;24;14
I.P.;2034;I.P. ESUCOMEX;2022;31;1.399;517;517
I.P.;2034;I.P. ESUCOMEX;2021;34;1.473;579;579
I.P.;2034;I.P. ESUCOMEX;2020;30;1.195;749;749
I.P.;2034;I.P. ESUCOMEX;2019;21;929;611;611
I.P.;2034;I.P. ESUCOMEX;2018;23;970;778;778
I.P.;2034;I.P. ESUCOMEX;2017;21;758;497;497
I.P.;2034;I.P. ESUCOMEX;2016;21;758;491;491
I.P.;2034;I.P. ESUCOMEX;2015;19;592;430;430
I.P.;2034;I.P. ESUCOMEX;2014;19;592;430;430
I.P.;2034;I.P. ESUCOMEX;2013;16;553;430;430
I.P.;2034;I.P. ESUCOMEX;2012;12;400;240;240
I.P.;2034;I.P. ESUCOMEX;2011;12;400;240;240
I.P.;2034;I.P. ESUCOMEX;2009;5;120;120;120
I.P.;2034;I.P. ESUCOMEX;2008;2;56;39;39
I.P.;2034;I.P. ESUCOMEX;2006;2;88;20;20
I.P.;2034;I.P. ESUCOMEX;2005;2;88;20;20
I.P.;2034;I.P. ESUCOMEX;2022;7;306;101;101
I.P.;2034;I.P. ESUCOMEX;2021;7;306;101;101
I.P.;2034;I.P. ESUCOMEX;2020;7;306;101;101
I.P.;2035;I.P. ADVENTISTA;2015;1;85;24;24
I.P.;2035;I.P. ADVENTISTA;2014;1;85;24;24
I.P.;2035;I.P. ADVENTISTA;2013;1;85;24;24
I.P.;2035;I.P. ADVENTISTA;2012;12;717;110;110
I.P.;2035;I.P. ADVENTISTA;2011;12;717;110;110
I.P.;2035;I.P. ADVENTISTA;2010;5;268;20;20
I.P.;2036;I.P. ALPES;2008;7;179;15;15
I.P.;2036;I.P. ALPES;2007;7;179;15;15
I.P.;2036;I.P. ALPES;2006;6;107;20;20
I.P.;2036;I.P. ALPES;2005;6;107;20;20
I.P.;2037;I.P. DE CHILE;2024;26;1.314;215;215
I.P.;2037;I.P. DE CHILE;2023;26;1.297;215;215
I.P.;2037;I.P. DE CHILE;2022;26;1.297;215;215
I.P.;2037;I.P. DE CHILE;2021;21;1.170;325;325
I.P.;2037;I.P. DE CHILE;2020;21;1.170;325;325
I.P.;2037;I.P. DE CHILE;2019;21;1.170;325;325
I.P.;2037;I.P. DE CHILE;2018;21;1.170;237;237
I.P.;2037;I.P. DE CHILE;2017;21;1.170;237;237
I.P.;2037;I.P. DE CHILE;2016;21;1.170;228;228
I.P.;2037;I.P. DE CHILE;2015;19;1.076;219;219
I.P.;2037;I.P. DE CHILE;2014;21;6.221;107;107
I.P.;2037;I.P. DE CHILE;2013;20;1.062;102;102
I.P.;2037;I.P. DE CHILE;2012;11;342;105;105
I.P.;2037;I.P. DE CHILE;2011;7;231;105;105
I.P.;2037;I.P. DE CHILE;2010;3;253;47;64
I.P.;2037;I.P. DE CHILE;2009;4;128;80;102
I.P.;2037;I.P. DE CHILE;2024;28;1.686;366;366
I.P.;2037;I.P. DE CHILE;2023;29;1.749;370;370
I.P.;2037;I.P. DE CHILE;2022;30;1.968;370;370
I.P.;2037;I.P. DE CHILE;2021;29;1.938;370;370
I.P.;2037;I.P. DE CHILE;2020;29;1.938;370;370
I.P.;2037;I.P. DE CHILE;2019;29;1.938;370;370
I.P.;2037;I.P. DE CHILE;2018;29;1.938;268;268
I.P.;2037;I.P. DE CHILE;2017;29;1.938;279;279
I.P.;2037;I.P. DE CHILE;2016;26;1.798;175;175
I.P.;2037;I.P. DE CHILE;2015;27;2.015;171;171
I.P.;2037;I.P. DE CHILE;2014;18;6.765;176;163
I.P.;2037;I.P. DE CHILE;2013;20;962;159;147
I.P.;2037;I.P. DE CHILE;2012;14;1.122;160;160
I.P.;2037;I.P. DE CHILE;2011;3;s/i;100;133
I.P.;2037;I.P. DE CHILE;2010;3;253;100;133
I.P.;2037;I.P. DE CHILE;2009;4;253;47;64
I.P.;2037;I.P. DE CHILE;2024;100;6.854;1.318;1.144
I.P.;2037;I.P. DE CHILE;2023;100;6.854;1.206;1.144
I.P.;2037;I.P. DE CHILE;2022;109;7.416;1.331;1.559
I.P.;2037;I.P. DE CHILE;2021;107;6.376;1.621;1.559
I.P.;2037;I.P. DE CHILE;2020;119;9.797;1.621;1.621
I.P.;2037;I.P. DE CHILE;2019;126;9.797;1.688;1.688
I.P.;2037;I.P. DE CHILE;2018;127;9.811;1.797;1.797
I.P.;2037;I.P. DE CHILE;2017;114;9.129;1.715;1.715
I.P.;2037;I.P. DE CHILE;2016;102;8.384;1.612;1.540
I.P.;2037;I.P. DE CHILE;2015;115;8.697;2.027;2.026
I.P.;2037;I.P. DE CHILE;2014;135;46.321;1.544;1.475
I.P.;2037;I.P. DE CHILE;2013;136;11.520;1.791;1.636
I.P.;2037;I.P. DE CHILE;2012;148;5.861;1.413;1.386
I.P.;2037;I.P. DE CHILE;2011;120;5.270;1.203;1.176
I.P.;2037;I.P. DE CHILE;2010;69;3.704;1.220;1.393
I.P.;2037;I.P. DE CHILE;2009;69;3.704;1.051;1.351
I.P.;2037;I.P. DE CHILE;2024;20;609;170;170
I.P.;2037;I.P. DE CHILE;2023;20;609;185;185
I.P.;2037;I.P. DE CHILE;2022;24;1.221;216;216
I.P.;2037;I.P. DE CHILE;2021;14;599;216;216
I.P.;2037;I.P. DE CHILE;2020;18;698;216;216
I.P.;2037;I.P. DE CHILE;2019;18;698;141;141
I.P.;2037;I.P. DE CHILE;2018;18;698;141;141
I.P.;2037;I.P. DE CHILE;2017;18;1.015;136;136
I.P.;2037;I.P. DE CHILE;2016;12;835;134;181
I.P.;2037;I.P. DE CHILE;2015;12;855;122;122
I.P.;2037;I.P. DE CHILE;2014;20;5.705;84;84
I.P.;2037;I.P. DE CHILE;2013;14;1.297;85;85
I.P.;2037;I.P. DE CHILE;2012;7;495;50;50
I.P.;2039;I.P. INSTITUTO SUPERIOR DE ELECTRÓNICA GAMMA;2005;3;89;9;9
I.P.;2041;I.P. DE LOS ANGELES;2022;2;34;25;25
I.P.;2041;I.P. DE LOS ANGELES;2021;2;34;25;25
I.P.;2041;I.P. DE LOS ANGELES;2019;2;34;25;25
I.P.;2041;I.P. DE LOS ANGELES;2018;2;34;22;22
I.P.;2041;I.P. DE LOS ANGELES;2017;2;34;22;22
I.P.;2041;I.P. DE LOS ANGELES;2016;2;34;22;22
I.P.;2041;I.P. DE LOS ANGELES;2015;2;34;22;22
I.P.;2041;I.P. DE LOS ANGELES;2014;2;34;22;22
I.P.;2041;I.P. DE LOS ANGELES;2013;2;34;22;22
I.P.;2044;I.P. ESCUELA DE COMERCIO DE SANTIAGO;2013;2;41;25;25
I.P.;2044;I.P. ESCUELA DE COMERCIO DE SANTIAGO;2024;4;265;140;140
I.P.;2044;I.P. ESCUELA DE COMERCIO DE SANTIAGO;2023;4;265;140;140
I.P.;2044;I.P. ESCUELA DE COMERCIO DE SANTIAGO;2022;5;327;217;217
I.P.;2044;I.P. ESCUELA DE COMERCIO DE SANTIAGO;2021;6;362;253;253
I.P.;2044;I.P. ESCUELA DE COMERCIO DE SANTIAGO;2020;6;362;223;223
I.P.;2044;I.P. ESCUELA DE COMERCIO DE SANTIAGO;2019;6;362;223;223
I.P.;2044;I.P. ESCUELA DE COMERCIO DE SANTIAGO;2018;6;362;223;223
I.P.;2044;I.P. ESCUELA DE COMERCIO DE SANTIAGO;2017;1;34;30;31
I.P.;2044;I.P. ESCUELA DE COMERCIO DE SANTIAGO;2016;1;34;30;31
I.P.;2044;I.P. ESCUELA DE COMERCIO DE SANTIAGO;2015;1;34;30;31
I.P.;2044;I.P. ESCUELA DE COMERCIO DE SANTIAGO;2014;1;34;30;31
I.P.;2044;I.P. ESCUELA DE COMERCIO DE SANTIAGO;2013;1;34;30;31
I.P.;2045;I.P. HELEN KELLER;2019;1;25;8;8
I.P.;2045;I.P. HELEN KELLER;2018;1;25;7;7
I.P.;2045;I.P. HELEN KELLER;2017;s/i;3;7;7
I.P.;2045;I.P. HELEN KELLER;2016;s/i;3;3;3
I.P.;2045;I.P. HELEN KELLER;2015;s/i;3;3;3
I.P.;2045;I.P. HELEN KELLER;2014;s/i;3;3;3
I.P.;2045;I.P. HELEN KELLER;2013;s/i;5;5;5
I.P.;2045;I.P. HELEN KELLER;2012;s/i;5;6;6
I.P.;2045;I.P. HELEN KELLER;2011;s/i;5;6;6
I.P.;2045;I.P. HELEN KELLER;2010;s/i;3;3;3
I.P.;2045;I.P. HELEN KELLER;2009;s/i;3;3;3
I.P.;2045;I.P. HELEN KELLER;2008;s/i;3;3;3
I.P.;2045;I.P. HELEN KELLER;2007;s/i;3;3;3
I.P.;2045;I.P. HELEN KELLER;2006;s/i;3;3;s/i
I.P.;2045;I.P. HELEN KELLER;2005;s/i;3;3;s/i
I.P.;2046;I.P. LATINOAMERICANO DE COMERCIO EXTERIOR;2024;9;234;86;86
I.P.;2046;I.P. LATINOAMERICANO DE COMERCIO EXTERIOR;2023;9;280;56;56
I.P.;2046;I.P. LATINOAMERICANO DE COMERCIO EXTERIOR;2022;9;234;97;97
I.P.;2046;I.P. LATINOAMERICANO DE COMERCIO EXTERIOR;2021;8;234;90;90
I.P.;2046;I.P. LATINOAMERICANO DE COMERCIO EXTERIOR;2020;8;234;68;68
I.P.;2046;I.P. LATINOAMERICANO DE COMERCIO EXTERIOR;2019;6;207;68;68
I.P.;2046;I.P. LATINOAMERICANO DE COMERCIO EXTERIOR;2018;4;154;40;40
I.P.;2046;I.P. LATINOAMERICANO DE COMERCIO EXTERIOR;2017;2;80;30;30
I.P.;2046;I.P. LATINOAMERICANO DE COMERCIO EXTERIOR;2016;2;80;29;29
I.P.;2046;I.P. LATINOAMERICANO DE COMERCIO EXTERIOR;2024;24;1.291;236;236
I.P.;2046;I.P. LATINOAMERICANO DE COMERCIO EXTERIOR;2023;24;1.291;180;180
I.P.;2046;I.P. LATINOAMERICANO DE COMERCIO EXTERIOR;2022;8;308;80;80
I.P.;2046;I.P. LATINOAMERICANO DE COMERCIO EXTERIOR;2021;16;426;276;276
I.P.;2046;I.P. LATINOAMERICANO DE COMERCIO EXTERIOR;2020;16;412;197;197
I.P.;2046;I.P. LATINOAMERICANO DE COMERCIO EXTERIOR;2019;13;437;151;151
I.P.;2046;I.P. LATINOAMERICANO DE COMERCIO EXTERIOR;2018;11;416;117;117
I.P.;2046;I.P. LATINOAMERICANO DE COMERCIO EXTERIOR;2017;6;315;74;74
I.P.;2046;I.P. LATINOAMERICANO DE COMERCIO EXTERIOR;2016;7;378;60;60
I.P.;2046;I.P. LATINOAMERICANO DE COMERCIO EXTERIOR;2024;7;237;47;47
I.P.;2046;I.P. LATINOAMERICANO DE COMERCIO EXTERIOR;2023;7;237;34;34
I.P.;2046;I.P. LATINOAMERICANO DE COMERCIO EXTERIOR;2022;7;237;49;49
I.P.;2046;I.P. LATINOAMERICANO DE COMERCIO EXTERIOR;2021;6;148;45;45
I.P.;2046;I.P. LATINOAMERICANO DE COMERCIO EXTERIOR;2020;5;148;34;34
I.P.;2046;I.P. LATINOAMERICANO DE COMERCIO EXTERIOR;2019;5;175;35;35
I.P.;2046;I.P. LATINOAMERICANO DE COMERCIO EXTERIOR;2018;3;120;24;24
I.P.;2046;I.P. LATINOAMERICANO DE COMERCIO EXTERIOR;2017;3;80;23;23
I.P.;2046;I.P. LATINOAMERICANO DE COMERCIO EXTERIOR;2016;2;60;20;20
I.P.;2047;I.P. PROJAZZ;2024;7;180;21;21
I.P.;2047;I.P. PROJAZZ;2023;7;180;21;21
I.P.;2047;I.P. PROJAZZ;2022;7;180;21;21
I.P.;2047;I.P. PROJAZZ;2021;13;520;36;13
I.P.;2047;I.P. PROJAZZ;2020;13;520;36;13
I.P.;2047;I.P. PROJAZZ;2019;13;520;36;13
I.P.;2047;I.P. PROJAZZ;2018;13;520;36;13
I.P.;2047;I.P. PROJAZZ;2017;13;520;36;13
I.P.;2047;I.P. PROJAZZ;2016;14;527;37;14
I.P.;2047;I.P. PROJAZZ;2015;14;527;37;14
I.P.;2047;I.P. PROJAZZ;2014;14;527;37;14
I.P.;2047;I.P. PROJAZZ;2013;14;526;37;14
I.P.;2047;I.P. PROJAZZ;2012;13;271;37;14
I.P.;2047;I.P. PROJAZZ;2011;13;271;34;13
I.P.;2047;I.P. PROJAZZ;2010;13;271;30;s/i
I.P.;2047;I.P. PROJAZZ;2009;12;264;24;s/i
I.P.;2047;I.P. PROJAZZ;2008;12;264;25;5
I.P.;2047;I.P. PROJAZZ;2007;11;248;16;5
I.P.;2048;I.P. CHILENO NORTEAMERICANO;2017;1;35;12;12
I.P.;2048;I.P. CHILENO NORTEAMERICANO;2016;2;74;37;37
I.P.;2048;I.P. CHILENO NORTEAMERICANO;2015;2;74;50;50
I.P.;2048;I.P. CHILENO NORTEAMERICANO;2014;3;136;96;96
I.P.;2048;I.P. CHILENO NORTEAMERICANO;2013;3;136;85;85
I.P.;2048;I.P. CHILENO NORTEAMERICANO;2012;2;100;50;50
I.P.;2048;I.P. CHILENO NORTEAMERICANO;2011;3;100;65;65
I.P.;2048;I.P. CHILENO NORTEAMERICANO;2010;2;65;50;50
I.P.;2048;I.P. CHILENO NORTEAMERICANO;2009;2;65;50;50
I.P.;2048;I.P. CHILENO NORTEAMERICANO;2008;2;62;40;20
I.P.;2049;I.P. INTERNACIONAL DE ARTES CULINARIAS Y SERVICIOS;2024;11;579;33;33
I.P.;2049;I.P. INTERNACIONAL DE ARTES CULINARIAS Y SERVICIOS;2023;11;579;33;33
I.P.;2049;I.P. INTERNACIONAL DE ARTES CULINARIAS Y SERVICIOS;2022;11;579;33;33
I.P.;2049;I.P. INTERNACIONAL DE ARTES CULINARIAS Y SERVICIOS;2021;11;579;33;33
I.P.;2049;I.P. INTERNACIONAL DE ARTES CULINARIAS Y SERVICIOS;2020;11;579;33;33
I.P.;2049;I.P. INTERNACIONAL DE ARTES CULINARIAS Y SERVICIOS;2019;11;579;33;33
I.P.;2049;I.P. INTERNACIONAL DE ARTES CULINARIAS Y SERVICIOS;2018;11;579;33;33
I.P.;2049;I.P. INTERNACIONAL DE ARTES CULINARIAS Y SERVICIOS;2017;11;579;33;33
I.P.;2049;I.P. INTERNACIONAL DE ARTES CULINARIAS Y SERVICIOS;2016;12;579;36;36
I.P.;2049;I.P. INTERNACIONAL DE ARTES CULINARIAS Y SERVICIOS;2015;12;579;36;36
I.P.;2049;I.P. INTERNACIONAL DE ARTES CULINARIAS Y SERVICIOS;2014;8;427;28;28
I.P.;2049;I.P. INTERNACIONAL DE ARTES CULINARIAS Y SERVICIOS;2013;8;427;28;28
I.P.;2049;I.P. INTERNACIONAL DE ARTES CULINARIAS Y SERVICIOS;2012;8;427;28;28
I.P.;2049;I.P. INTERNACIONAL DE ARTES CULINARIAS Y SERVICIOS;2011;8;427;31;31
I.P.;2049;I.P. INTERNACIONAL DE ARTES CULINARIAS Y SERVICIOS;2010;6;311;27;27
I.P.;2049;I.P. INTERNACIONAL DE ARTES CULINARIAS Y SERVICIOS;2009;5;290;24;24
I.P.;2049;I.P. INTERNACIONAL DE ARTES CULINARIAS Y SERVICIOS;2008;5;290;24;24
I.P.;2049;I.P. INTERNACIONAL DE ARTES CULINARIAS Y SERVICIOS;2024;7;325;26;26
I.P.;2049;I.P. INTERNACIONAL DE ARTES CULINARIAS Y SERVICIOS;2023;7;325;26;26
I.P.;2049;I.P. INTERNACIONAL DE ARTES CULINARIAS Y SERVICIOS;2022;7;325;26;26
I.P.;2049;I.P. INTERNACIONAL DE ARTES CULINARIAS Y SERVICIOS;2021;7;325;26;26
I.P.;2049;I.P. INTERNACIONAL DE ARTES CULINARIAS Y SERVICIOS;2020;7;325;26;26
I.P.;2049;I.P. INTERNACIONAL DE ARTES CULINARIAS Y SERVICIOS;2019;7;325;26;26
I.P.;2049;I.P. INTERNACIONAL DE ARTES CULINARIAS Y SERVICIOS;2018;7;325;26;26
I.P.;2049;I.P. INTERNACIONAL DE ARTES CULINARIAS Y SERVICIOS;2017;7;325;26;26
I.P.;2049;I.P. INTERNACIONAL DE ARTES CULINARIAS Y SERVICIOS;2016;7;325;25;25
I.P.;2049;I.P. INTERNACIONAL DE ARTES CULINARIAS Y SERVICIOS;2015;7;325;25;25
I.P.;2049;I.P. INTERNACIONAL DE ARTES CULINARIAS Y SERVICIOS;2014;7;325;25;25
I.P.;2049;I.P. INTERNACIONAL DE ARTES CULINARIAS Y SERVICIOS;2013;7;325;25;25
I.P.;2049;I.P. INTERNACIONAL DE ARTES CULINARIAS Y SERVICIOS;2012;6;319;25;25
I.P.;2049;I.P. INTERNACIONAL DE ARTES CULINARIAS Y SERVICIOS;2011;6;319;25;25
I.P.;2049;I.P. INTERNACIONAL DE ARTES CULINARIAS Y SERVICIOS;2010;6;319;22;22
I.P.;2049;I.P. INTERNACIONAL DE ARTES CULINARIAS Y SERVICIOS;2009;6;319;22;22
I.P.;2049;I.P. INTERNACIONAL DE ARTES CULINARIAS Y SERVICIOS;2008;5;285;22;22
I.P.;2050;I.P. ESCUELA DE CINE DE CHILE;2024;7;175;22;22
I.P.;2050;I.P. ESCUELA DE CINE DE CHILE;2023;7;175;22;22
I.P.;2050;I.P. ESCUELA DE CINE DE CHILE;2022;6;73;22;22
I.P.;2050;I.P. ESCUELA DE CINE DE CHILE;2021;6;73;22;22
I.P.;2050;I.P. ESCUELA DE CINE DE CHILE;2020;16;366;30;30
I.P.;2050;I.P. ESCUELA DE CINE DE CHILE;2019;16;366;30;30
I.P.;2050;I.P. ESCUELA DE CINE DE CHILE;2018;16;366;30;30
I.P.;2050;I.P. ESCUELA DE CINE DE CHILE;2017;15;366;30;30
I.P.;2050;I.P. ESCUELA DE CINE DE CHILE;2016;15;366;30;30
I.P.;2050;I.P. ESCUELA DE CINE DE CHILE;2015;9;108;20;20
I.P.;2050;I.P. ESCUELA DE CINE DE CHILE;2014;9;93;20;20
I.P.;2050;I.P. ESCUELA DE CINE DE CHILE;2013;9;93;16;16
I.P.;2050;I.P. ESCUELA DE CINE DE CHILE;2012;9;93;16;3
I.P.;2050;I.P. ESCUELA DE CINE DE CHILE;2011;9;93;16;3
I.P.;2050;I.P. ESCUELA DE CINE DE CHILE;2010;9;93;16;3
I.P.;2050;I.P. ESCUELA DE CINE DE CHILE;2009;9;89;16;3
I.P.;2051;I.P. VERTICAL;2020;2;276;10;10
I.P.;2051;I.P. VERTICAL;2019;2;276;10;10
I.P.;2051;I.P. VERTICAL;2018;2;276;10;10
I.P.;2051;I.P. VERTICAL;2017;3;330;95;95
I.P.;2051;I.P. VERTICAL;2015;1;330;14;14
I.P.;2051;I.P. VERTICAL;2014;1;330;14;14
I.P.;2051;I.P. VERTICAL;2013;1;330;s/i;s/i
I.P.;2051;I.P. VERTICAL;2012;1;330;s/i;s/i
I.P.;2051;I.P. VERTICAL;2011;1;330;s/i;s/i
I.P.;2052;I.P. ESCUELA DE MARINA MERCANTE PILOTO PARDO;2024;6;335;50;50
I.P.;2052;I.P. ESCUELA DE MARINA MERCANTE PILOTO PARDO;2023;6;335;50;50
I.P.;2052;I.P. ESCUELA DE MARINA MERCANTE PILOTO PARDO;2022;5;305;50;50
I.P.;2052;I.P. ESCUELA DE MARINA MERCANTE PILOTO PARDO;2021;5;305;50;50
I.P.;2052;I.P. ESCUELA DE MARINA MERCANTE PILOTO PARDO;2020;4;305;50;50
I.P.;2052;I.P. ESCUELA DE MARINA MERCANTE PILOTO PARDO;2019;4;305;50;50
I.P.;2052;I.P. ESCUELA DE MARINA MERCANTE PILOTO PARDO;2018;4;305;25;25
I.P.;2052;I.P. ESCUELA DE MARINA MERCANTE PILOTO PARDO;2017;4;305;25;25
I.P.;2052;I.P. ESCUELA DE MARINA MERCANTE PILOTO PARDO;2016;4;305;25;25
I.P.;2052;I.P. ESCUELA DE MARINA MERCANTE PILOTO PARDO;2015;2;30;20;20
I.P.;2053;I.P. DE ARTES ESCENICAS KAREN CONNOLLY;2020;s/i;s/i;4;4
I.P.;2054;I.P. CICERON;2024;3;75;7;7
I.P.;2054;I.P. CICERON;2023;3;75;7;7
C.F.T;3001;C.F.T. ESUCOMEX;2008;2;179;98;98
C.F.T;3001;C.F.T. ESUCOMEX;2006;2;527;81;81
C.F.T;3001;C.F.T. ESUCOMEX;2005;11;527;s/i;s/i
C.F.T;3002;C.F.T. CENTRO TECNOLÓGICO SUPERIOR INFOMED;2023;3;60;6;4
C.F.T;3002;C.F.T. CENTRO TECNOLÓGICO SUPERIOR INFOMED;2022;3;60;6;4
C.F.T;3002;C.F.T. CENTRO TECNOLÓGICO SUPERIOR INFOMED;2021;3;60;6;6
C.F.T;3002;C.F.T. CENTRO TECNOLÓGICO SUPERIOR INFOMED;2020;3;60;6;6
C.F.T;3002;C.F.T. CENTRO TECNOLÓGICO SUPERIOR INFOMED;2010;2;40;2;2
C.F.T;3002;C.F.T. CENTRO TECNOLÓGICO SUPERIOR INFOMED;2007;5;65;3;2
C.F.T;3002;C.F.T. CENTRO TECNOLÓGICO SUPERIOR INFOMED;2005;5;65;s/i;s/i
C.F.T;3003;C.F.T. CEPA DE LA III REGIÓN;2013;1;3.925;12;12
C.F.T;3003;C.F.T. CEPA DE LA III REGIÓN;2009;2;50;15;15
C.F.T;3004;C.F.T. LOS LEONES;2015;9;445;80;80
C.F.T;3004;C.F.T. LOS LEONES;2014;10;375;79;79
C.F.T;3004;C.F.T. LOS LEONES;2013;10;375;79;79
C.F.T;3004;C.F.T. LOS LEONES;2012;10;369;79;79
C.F.T;3004;C.F.T. LOS LEONES;2011;8;328;80;80
C.F.T;3004;C.F.T. LOS LEONES;2010;8;328;80;80
C.F.T;3004;C.F.T. LOS LEONES;2009;8;328;80;80
C.F.T;3004;C.F.T. LOS LEONES;2008;8;370;80;80
C.F.T;3004;C.F.T. LOS LEONES;2007;7;355;40;41
C.F.T;3004;C.F.T. LOS LEONES;2006;7;337;40;40
C.F.T;3004;C.F.T. LOS LEONES;2005;7;337;42;42
C.F.T;3005;C.F.T. ENAC;2007;2;109;27;27
C.F.T;3005;C.F.T. ENAC;2006;2;109;25;25
C.F.T;3005;C.F.T. ENAC;2005;2;109;19;19
C.F.T;3005;C.F.T. ENAC;2024;85;4.707;729;729
C.F.T;3005;C.F.T. ENAC;2023;67;3.522;574;574
C.F.T;3005;C.F.T. ENAC;2022;66;3.398;611;611
C.F.T;3005;C.F.T. ENAC;2021;53;2.706;416;416
C.F.T;3005;C.F.T. ENAC;2020;34;1.668;416;416
C.F.T;3005;C.F.T. ENAC;2019;28;1.552;335;335
C.F.T;3005;C.F.T. ENAC;2018;28;1.552;271;271
C.F.T;3005;C.F.T. ENAC;2017;24;1.401;191;191
C.F.T;3005;C.F.T. ENAC;2016;24;1.401;150;150
C.F.T;3005;C.F.T. ENAC;2015;24;1.401;130;130
C.F.T;3005;C.F.T. ENAC;2014;24;1.401;130;130
C.F.T;3005;C.F.T. ENAC;2013;21;1.151;130;130
C.F.T;3005;C.F.T. ENAC;2012;20;1.091;130;130
C.F.T;3005;C.F.T. ENAC;2011;20;1.091;130;130
C.F.T;3005;C.F.T. ENAC;2010;18;1.021;115;115
C.F.T;3005;C.F.T. ENAC;2009;19;1.008;115;112
C.F.T;3005;C.F.T. ENAC;2008;13;635;126;126
C.F.T;3005;C.F.T. ENAC;2007;18;906;100;100
C.F.T;3005;C.F.T. ENAC;2006;18;906;95;95
C.F.T;3005;C.F.T. ENAC;2005;15;796;95;95
C.F.T;3006;C.F.T. CENAFOM;2006;2;65;15;15
C.F.T;3006;C.F.T. CENAFOM;2005;2;65;15;15
C.F.T;3007;C.F.T. ANDRÉS BELLO;2020;7;217;121;121
C.F.T;3007;C.F.T. ANDRÉS BELLO;2019;7;217;121;121
C.F.T;3007;C.F.T. ANDRÉS BELLO;2018;7;217;121;121
C.F.T;3007;C.F.T. ANDRÉS BELLO;2017;7;217;123;123
C.F.T;3007;C.F.T. ANDRÉS BELLO;2016;7;217;123;123
C.F.T;3007;C.F.T. ANDRÉS BELLO;2015;7;223;116;116
C.F.T;3007;C.F.T. ANDRÉS BELLO;2014;5;168;138;138
C.F.T;3007;C.F.T. ANDRÉS BELLO;2013;5;168;90;90
C.F.T;3007;C.F.T. ANDRÉS BELLO;2012;4;143;84;84
C.F.T;3007;C.F.T. ANDRÉS BELLO;2011;4;143;85;85
C.F.T;3007;C.F.T. ANDRÉS BELLO;2010;4;133;75;75
C.F.T;3007;C.F.T. ANDRÉS BELLO;2009;3;100;73;73
C.F.T;3007;C.F.T. ANDRÉS BELLO;2008;3;100;73;73
C.F.T;3007;C.F.T. ANDRÉS BELLO;2007;2;65;47;47
C.F.T;3007;C.F.T. ANDRÉS BELLO;2020;2;83;20;20
C.F.T;3007;C.F.T. ANDRÉS BELLO;2019;4;182;38;38
C.F.T;3007;C.F.T. ANDRÉS BELLO;2018;12;506;156;156
C.F.T;3007;C.F.T. ANDRÉS BELLO;2017;13;536;304;304
C.F.T;3007;C.F.T. ANDRÉS BELLO;2016;13;536;304;304
C.F.T;3007;C.F.T. ANDRÉS BELLO;2015;13;536;304;304
C.F.T;3007;C.F.T. ANDRÉS BELLO;2014;17;569;226;226
C.F.T;3007;C.F.T. ANDRÉS BELLO;2013;13;455;194;194
C.F.T;3007;C.F.T. ANDRÉS BELLO;2012;13;455;194;194
C.F.T;3007;C.F.T. ANDRÉS BELLO;2011;13;455;177;177
C.F.T;3007;C.F.T. ANDRÉS BELLO;2010;10;438;136;136
C.F.T;3007;C.F.T. ANDRÉS BELLO;2009;10;438;136;136
C.F.T;3007;C.F.T. ANDRÉS BELLO;2008;10;438;136;136
C.F.T;3009;C.F.T. DUOC UC;2016;12;829;163;150
C.F.T;3009;C.F.T. DUOC UC;2016;23;1.217;611;611
C.F.T;3009;C.F.T. DUOC UC;2007;20;1.020;352;240
C.F.T;3009;C.F.T. DUOC UC;2006;20;1.019;346;208
C.F.T;3009;C.F.T. DUOC UC;2005;17;965;324;112
C.F.T;3010;C.F.T. SANTO TOMÁS;2024;47;2.286;399;399
C.F.T;3010;C.F.T. SANTO TOMÁS;2023;47;2.373;399;399
C.F.T;3010;C.F.T. SANTO TOMÁS;2022;47;2.241;399;399
C.F.T;3010;C.F.T. SANTO TOMÁS;2021;47;2.241;311;311
C.F.T;3010;C.F.T. SANTO TOMÁS;2020;46;2.046;285;285
C.F.T;3010;C.F.T. SANTO TOMÁS;2019;38;2.803;s/i;s/i
C.F.T;3010;C.F.T. SANTO TOMÁS;2018;38;2.803;232;232
C.F.T;3010;C.F.T. SANTO TOMÁS;2011;9;391;88;88
C.F.T;3010;C.F.T. SANTO TOMÁS;2010;9;883;84;84
C.F.T;3010;C.F.T. SANTO TOMÁS;2009;4;270;84;84
C.F.T;3010;C.F.T. SANTO TOMÁS;2008;4;270;67;67
C.F.T;3010;C.F.T. SANTO TOMÁS;2007;4;270;63;63
C.F.T;3010;C.F.T. SANTO TOMÁS;2006;9;391;22;22
C.F.T;3010;C.F.T. SANTO TOMÁS;2005;3;170;22;22
C.F.T;3010;C.F.T. SANTO TOMÁS;2024;23;1.198;240;240
C.F.T;3010;C.F.T. SANTO TOMÁS;2023;23;1.219;240;240
C.F.T;3010;C.F.T. SANTO TOMÁS;2022;23;1.212;240;240
C.F.T;3010;C.F.T. SANTO TOMÁS;2021;23;1.229;234;234
C.F.T;3010;C.F.T. SANTO TOMÁS;2020;11;562;234;234
C.F.T;3010;C.F.T. SANTO TOMÁS;2019;16;775;s/i;s/i
C.F.T;3010;C.F.T. SANTO TOMÁS;2018;16;775;198;198
C.F.T;3010;C.F.T. SANTO TOMÁS;2011;11;449;29;29
C.F.T;3010;C.F.T. SANTO TOMÁS;2010;3;103;15;15
C.F.T;3010;C.F.T. SANTO TOMÁS;2009;4;103;15;15
C.F.T;3010;C.F.T. SANTO TOMÁS;2008;4;103;16;16
C.F.T;3010;C.F.T. SANTO TOMÁS;2007;4;103;14;14
C.F.T;3010;C.F.T. SANTO TOMÁS;2006;5;143;28;28
C.F.T;3010;C.F.T. SANTO TOMÁS;2005;6;110;28;28
C.F.T;3010;C.F.T. SANTO TOMÁS;2024;22;975;223;223
C.F.T;3010;C.F.T. SANTO TOMÁS;2023;23;1.155;223;223
C.F.T;3010;C.F.T. SANTO TOMÁS;2022;23;1.155;251;251
C.F.T;3010;C.F.T. SANTO TOMÁS;2021;22;1.114;241;241
C.F.T;3010;C.F.T. SANTO TOMÁS;2020;21;940;241;241
C.F.T;3010;C.F.T. SANTO TOMÁS;2019;24;1.062;s/i;s/i
C.F.T;3010;C.F.T. SANTO TOMÁS;2018;24;1.062;149;149
C.F.T;3010;C.F.T. SANTO TOMÁS;2011;9;360;24;24
C.F.T;3010;C.F.T. SANTO TOMÁS;2010;6;313;40;40
C.F.T;3010;C.F.T. SANTO TOMÁS;2009;6;312;40;40
C.F.T;3010;C.F.T. SANTO TOMÁS;2008;6;312;49;49
C.F.T;3010;C.F.T. SANTO TOMÁS;2007;7;360;26;26
C.F.T;3010;C.F.T. SANTO TOMÁS;2006;6;253;28;28
C.F.T;3010;C.F.T. SANTO TOMÁS;2005;6;248;24;24
C.F.T;3010;C.F.T. SANTO TOMÁS;2024;59;2.944;420;420
C.F.T;3010;C.F.T. SANTO TOMÁS;2023;54;2.773;420;420
C.F.T;3010;C.F.T. SANTO TOMÁS;2022;53;2.754;420;420
C.F.T;3010;C.F.T. SANTO TOMÁS;2021;53;2.747;422;422
C.F.T;3010;C.F.T. SANTO TOMÁS;2020;55;2.823;409;409
C.F.T;3010;C.F.T. SANTO TOMÁS;2019;54;2.962;s/i;s/i
C.F.T;3010;C.F.T. SANTO TOMÁS;2018;54;2.962;382;382
C.F.T;3010;C.F.T. SANTO TOMÁS;2011;36;1.442;225;225
C.F.T;3010;C.F.T. SANTO TOMÁS;2010;16;667;51;51
C.F.T;3010;C.F.T. SANTO TOMÁS;2009;17;651;51;51
C.F.T;3010;C.F.T. SANTO TOMÁS;2008;17;651;65;65
C.F.T;3010;C.F.T. SANTO TOMÁS;2007;17;697;87;87
C.F.T;3010;C.F.T. SANTO TOMÁS;2006;21;868;38;38
C.F.T;3010;C.F.T. SANTO TOMÁS;2005;14;674;39;39
C.F.T;3010;C.F.T. SANTO TOMÁS;2024;13;703;147;147
C.F.T;3010;C.F.T. SANTO TOMÁS;2023;15;745;147;147
C.F.T;3010;C.F.T. SANTO TOMÁS;2022;15;748;147;147
C.F.T;3010;C.F.T. SANTO TOMÁS;2021;15;717;147;147
C.F.T;3010;C.F.T. SANTO TOMÁS;2020;16;852;147;147
C.F.T;3010;C.F.T. SANTO TOMÁS;2019;23;1.006;s/i;s/i
C.F.T;3010;C.F.T. SANTO TOMÁS;2018;23;1.006;121;121
C.F.T;3010;C.F.T. SANTO TOMÁS;2011;6;246;54;54
C.F.T;3010;C.F.T. SANTO TOMÁS;2010;4;136;10;10
C.F.T;3010;C.F.T. SANTO TOMÁS;2009;4;136;10;10
C.F.T;3010;C.F.T. SANTO TOMÁS;2008;4;136;14;14
C.F.T;3010;C.F.T. SANTO TOMÁS;2007;2;85;8;8
C.F.T;3010;C.F.T. SANTO TOMÁS;2024;18;735;180;180
C.F.T;3010;C.F.T. SANTO TOMÁS;2023;16;710;180;180
C.F.T;3010;C.F.T. SANTO TOMÁS;2022;16;710;180;180
C.F.T;3010;C.F.T. SANTO TOMÁS;2021;16;710;174;174
C.F.T;3010;C.F.T. SANTO TOMÁS;2020;17;763;174;174
C.F.T;3010;C.F.T. SANTO TOMÁS;2019;16;769;s/i;s/i
C.F.T;3010;C.F.T. SANTO TOMÁS;2018;16;769;137;137
C.F.T;3010;C.F.T. SANTO TOMÁS;2011;8;326;50;50
C.F.T;3010;C.F.T. SANTO TOMÁS;2010;4;140;32;32
C.F.T;3010;C.F.T. SANTO TOMÁS;2009;4;131;32;32
C.F.T;3010;C.F.T. SANTO TOMÁS;2008;4;131;32;32
C.F.T;3010;C.F.T. SANTO TOMÁS;2007;4;131;24;24
C.F.T;3010;C.F.T. SANTO TOMÁS;2006;6;217;33;33
C.F.T;3010;C.F.T. SANTO TOMÁS;2005;4;155;43;43
C.F.T;3010;C.F.T. SANTO TOMÁS;2024;45;1.988;390;390
C.F.T;3010;C.F.T. SANTO TOMÁS;2023;46;1.975;390;390
C.F.T;3010;C.F.T. SANTO TOMÁS;2022;48;2.073;390;390
C.F.T;3010;C.F.T. SANTO TOMÁS;2021;47;2.021;374;374
C.F.T;3010;C.F.T. SANTO TOMÁS;2020;49;2.182;374;374
C.F.T;3010;C.F.T. SANTO TOMÁS;2019;46;2.130;s/i;s/i
C.F.T;3010;C.F.T. SANTO TOMÁS;2018;46;2.130;288;288
C.F.T;3010;C.F.T. SANTO TOMÁS;2011;11;361;22;22
C.F.T;3010;C.F.T. SANTO TOMÁS;2010;6;248;21;21
C.F.T;3010;C.F.T. SANTO TOMÁS;2009;6;311;21;21
C.F.T;3010;C.F.T. SANTO TOMÁS;2008;6;311;21;21
C.F.T;3010;C.F.T. SANTO TOMÁS;2007;4;212;70;70
C.F.T;3010;C.F.T. SANTO TOMÁS;2006;11;468;16;16
C.F.T;3010;C.F.T. SANTO TOMÁS;2005;4;212;17;17
C.F.T;3010;C.F.T. SANTO TOMÁS;2024;56;2.665;568;568
C.F.T;3010;C.F.T. SANTO TOMÁS;2023;56;2.642;568;568
C.F.T;3010;C.F.T. SANTO TOMÁS;2022;54;2.602;568;568
C.F.T;3010;C.F.T. SANTO TOMÁS;2021;55;2.602;561;561
C.F.T;3010;C.F.T. SANTO TOMÁS;2020;55;2.726;561;561
C.F.T;3010;C.F.T. SANTO TOMÁS;2019;56;2.780;s/i;s/i
C.F.T;3010;C.F.T. SANTO TOMÁS;2018;56;2.780;434;434
C.F.T;3010;C.F.T. SANTO TOMÁS;2011;22;868;122;122
C.F.T;3010;C.F.T. SANTO TOMÁS;2010;10;407;90;90
C.F.T;3010;C.F.T. SANTO TOMÁS;2009;5;204;90;90
C.F.T;3010;C.F.T. SANTO TOMÁS;2008;5;204;63;63
C.F.T;3010;C.F.T. SANTO TOMÁS;2007;7;289;55;55
C.F.T;3010;C.F.T. SANTO TOMÁS;2006;15;551;36;36
C.F.T;3010;C.F.T. SANTO TOMÁS;2005;9;417;36;36
C.F.T;3010;C.F.T. SANTO TOMÁS;2024;33;1.519;341;341
C.F.T;3010;C.F.T. SANTO TOMÁS;2023;33;1.495;341;341
C.F.T;3010;C.F.T. SANTO TOMÁS;2022;33;1.510;341;341
C.F.T;3010;C.F.T. SANTO TOMÁS;2021;33;1.439;313;313
C.F.T;3010;C.F.T. SANTO TOMÁS;2020;30;1.380;287;287
C.F.T;3010;C.F.T. SANTO TOMÁS;2019;33;1.410;s/i;s/i
C.F.T;3010;C.F.T. SANTO TOMÁS;2018;33;1.411;259;259
C.F.T;3010;C.F.T. SANTO TOMÁS;2011;8;259;18;18
C.F.T;3010;C.F.T. SANTO TOMÁS;2010;3;143;30;30
C.F.T;3010;C.F.T. SANTO TOMÁS;2009;2;110;30;30
C.F.T;3010;C.F.T. SANTO TOMÁS;2008;2;110;72;72
C.F.T;3010;C.F.T. SANTO TOMÁS;2007;7;330;20;20
C.F.T;3010;C.F.T. SANTO TOMÁS;2006;9;395;20;20
C.F.T;3010;C.F.T. SANTO TOMÁS;2005;9;358;22;22
C.F.T;3010;C.F.T. SANTO TOMÁS;2024;34;1.380;253;253
C.F.T;3010;C.F.T. SANTO TOMÁS;2023;33;1.363;251;251
C.F.T;3010;C.F.T. SANTO TOMÁS;2022;35;1.410;251;251
C.F.T;3010;C.F.T. SANTO TOMÁS;2021;36;1.428;234;234
C.F.T;3010;C.F.T. SANTO TOMÁS;2020;36;1.439;233;233
C.F.T;3010;C.F.T. SANTO TOMÁS;2019;28;1.664;s/i;s/i
C.F.T;3010;C.F.T. SANTO TOMÁS;2018;28;1.664;181;181
C.F.T;3010;C.F.T. SANTO TOMÁS;2011;10;407;86;86
C.F.T;3010;C.F.T. SANTO TOMÁS;2010;8;582;40;40
C.F.T;3010;C.F.T. SANTO TOMÁS;2009;4;226;40;40
C.F.T;3010;C.F.T. SANTO TOMÁS;2008;4;226;37;37
C.F.T;3010;C.F.T. SANTO TOMÁS;2007;3;165;13;13
C.F.T;3010;C.F.T. SANTO TOMÁS;2006;12;607;21;21
C.F.T;3010;C.F.T. SANTO TOMÁS;2005;1;45;21;21
C.F.T;3010;C.F.T. SANTO TOMÁS;2024;13;627;179;179
C.F.T;3010;C.F.T. SANTO TOMÁS;2023;13;638;179;179
C.F.T;3010;C.F.T. SANTO TOMÁS;2022;13;639;241;241
C.F.T;3010;C.F.T. SANTO TOMÁS;2021;13;649;175;175
C.F.T;3010;C.F.T. SANTO TOMÁS;2020;12;606;175;175
C.F.T;3010;C.F.T. SANTO TOMÁS;2019;14;700;s/i;s/i
C.F.T;3010;C.F.T. SANTO TOMÁS;2018;14;700;149;149
C.F.T;3010;C.F.T. SANTO TOMÁS;2011;s/i;s/i;58;58
C.F.T;3010;C.F.T. SANTO TOMÁS;2010;5;190;44;44
C.F.T;3010;C.F.T. SANTO TOMÁS;2009;4;174;44;44
C.F.T;3010;C.F.T. SANTO TOMÁS;2008;4;174;21;21
C.F.T;3010;C.F.T. SANTO TOMÁS;2007;4;317;40;40
C.F.T;3010;C.F.T. SANTO TOMÁS;2006;4;176;46;46
C.F.T;3010;C.F.T. SANTO TOMÁS;2005;6;247;42;42
C.F.T;3010;C.F.T. SANTO TOMÁS;2024;61;2.815;390;390
C.F.T;3010;C.F.T. SANTO TOMÁS;2023;60;2.772;390;390
C.F.T;3010;C.F.T. SANTO TOMÁS;2022;60;2.816;390;390
C.F.T;3010;C.F.T. SANTO TOMÁS;2021;52;2.744;392;392
C.F.T;3010;C.F.T. SANTO TOMÁS;2020;51;2.443;366;366
C.F.T;3010;C.F.T. SANTO TOMÁS;2019;44;2.826;s/i;s/i
C.F.T;3010;C.F.T. SANTO TOMÁS;2018;44;2.826;314;314
C.F.T;3010;C.F.T. SANTO TOMÁS;2011;3;69;45;45
C.F.T;3010;C.F.T. SANTO TOMÁS;2010;13;502;76;76
C.F.T;3010;C.F.T. SANTO TOMÁS;2009;6;404;76;76
C.F.T;3010;C.F.T. SANTO TOMÁS;2008;6;404;68;68
C.F.T;3010;C.F.T. SANTO TOMÁS;2007;7;463;52;52
C.F.T;3010;C.F.T. SANTO TOMÁS;2006;21;755;52;52
C.F.T;3010;C.F.T. SANTO TOMÁS;2005;8;663;61;61
C.F.T;3010;C.F.T. SANTO TOMÁS;2024;9;286;155;155
C.F.T;3010;C.F.T. SANTO TOMÁS;2023;9;286;155;155
C.F.T;3010;C.F.T. SANTO TOMÁS;2022;7;183;155;155
C.F.T;3010;C.F.T. SANTO TOMÁS;2021;9;322;142;142
C.F.T;3010;C.F.T. SANTO TOMÁS;2020;9;302;142;142
C.F.T;3010;C.F.T. SANTO TOMÁS;2019;8;297;s/i;s/i
C.F.T;3010;C.F.T. SANTO TOMÁS;2018;8;297;74;74
C.F.T;3010;C.F.T. SANTO TOMÁS;2011;5;149;28;28
C.F.T;3010;C.F.T. SANTO TOMÁS;2010;6;194;23;23
C.F.T;3010;C.F.T. SANTO TOMÁS;2009;5;155;23;23
C.F.T;3010;C.F.T. SANTO TOMÁS;2008;5;155;15;15
C.F.T;3010;C.F.T. SANTO TOMÁS;2007;4;53;23;23
C.F.T;3010;C.F.T. SANTO TOMÁS;2006;6;275;20;20
C.F.T;3010;C.F.T. SANTO TOMÁS;2005;3;80;28;28
C.F.T;3010;C.F.T. SANTO TOMÁS;2024;26;1.180;257;257
C.F.T;3010;C.F.T. SANTO TOMÁS;2023;25;1.177;257;257
C.F.T;3010;C.F.T. SANTO TOMÁS;2022;24;1.135;255;255
C.F.T;3010;C.F.T. SANTO TOMÁS;2021;26;1.126;222;222
C.F.T;3010;C.F.T. SANTO TOMÁS;2020;20;943;222;222
C.F.T;3010;C.F.T. SANTO TOMÁS;2019;21;1.037;s/i;s/i
C.F.T;3010;C.F.T. SANTO TOMÁS;2018;21;1.037;195;195
C.F.T;3010;C.F.T. SANTO TOMÁS;2011;19;864;91;91
C.F.T;3010;C.F.T. SANTO TOMÁS;2010;2;88;34;34
C.F.T;3010;C.F.T. SANTO TOMÁS;2009;4;140;34;34
C.F.T;3010;C.F.T. SANTO TOMÁS;2008;4;140;80;80
C.F.T;3010;C.F.T. SANTO TOMÁS;2007;2;140;72;72
C.F.T;3010;C.F.T. SANTO TOMÁS;2006;11;393;40;40
C.F.T;3010;C.F.T. SANTO TOMÁS;2005;2;140;43;43
C.F.T;3010;C.F.T. SANTO TOMÁS;2024;176;8.837;1.679;1.679
C.F.T;3010;C.F.T. SANTO TOMÁS;2023;138;7.679;1.654;1.654
C.F.T;3010;C.F.T. SANTO TOMÁS;2022;140;7.323;1.654;1.654
C.F.T;3010;C.F.T. SANTO TOMÁS;2021;133;7.177;1.683;1.683
C.F.T;3010;C.F.T. SANTO TOMÁS;2020;88;4.990;1.685;1.685
C.F.T;3010;C.F.T. SANTO TOMÁS;2019;96;5.304;s/i;s/i
C.F.T;3010;C.F.T. SANTO TOMÁS;2018;105;5.718;860;860
C.F.T;3010;C.F.T. SANTO TOMÁS;2011;28;1.227;263;263
C.F.T;3010;C.F.T. SANTO TOMÁS;2010;32;2.544;160;160
C.F.T;3010;C.F.T. SANTO TOMÁS;2009;31;2.528;160;160
C.F.T;3010;C.F.T. SANTO TOMÁS;2008;31;2.528;163;163
C.F.T;3010;C.F.T. SANTO TOMÁS;2007;17;1.077;146;146
C.F.T;3010;C.F.T. SANTO TOMÁS;2006;16;790;146;146
C.F.T;3010;C.F.T. SANTO TOMÁS;2005;14;990;80;80
C.F.T;3010;C.F.T. SANTO TOMÁS;2024;65;3.015;517;517
C.F.T;3010;C.F.T. SANTO TOMÁS;2023;62;2.955;517;517
C.F.T;3010;C.F.T. SANTO TOMÁS;2022;61;3.018;517;517
C.F.T;3010;C.F.T. SANTO TOMÁS;2021;64;3.044;570;570
C.F.T;3010;C.F.T. SANTO TOMÁS;2020;61;2.918;570;570
C.F.T;3010;C.F.T. SANTO TOMÁS;2019;51;2.993;s/i;s/i
C.F.T;3010;C.F.T. SANTO TOMÁS;2018;51;2.993;510;510
C.F.T;3010;C.F.T. SANTO TOMÁS;2011;19;750;33;33
C.F.T;3010;C.F.T. SANTO TOMÁS;2010;4;131;88;88
C.F.T;3010;C.F.T. SANTO TOMÁS;2009;12;747;88;88
C.F.T;3010;C.F.T. SANTO TOMÁS;2008;12;747;52;52
C.F.T;3010;C.F.T. SANTO TOMÁS;2007;12;747;142;142
C.F.T;3010;C.F.T. SANTO TOMÁS;2006;16;861;66;66
C.F.T;3010;C.F.T. SANTO TOMÁS;2005;12;747;62;62
C.F.T;3010;C.F.T. SANTO TOMÁS;2024;74;3.122;534;534
C.F.T;3010;C.F.T. SANTO TOMÁS;2023;70;2.990;534;534
C.F.T;3010;C.F.T. SANTO TOMÁS;2022;68;2.891;534;534
C.F.T;3010;C.F.T. SANTO TOMÁS;2021;59;2.825;447;447
C.F.T;3010;C.F.T. SANTO TOMÁS;2020;64;3.000;447;447
C.F.T;3010;C.F.T. SANTO TOMÁS;2019;56;2.789;s/i;s/i
C.F.T;3010;C.F.T. SANTO TOMÁS;2018;56;2.789;343;343
C.F.T;3010;C.F.T. SANTO TOMÁS;2011;32;1.322;59;59
C.F.T;3010;C.F.T. SANTO TOMÁS;2010;9;477;57;57
C.F.T;3010;C.F.T. SANTO TOMÁS;2009;9;503;57;57
C.F.T;3010;C.F.T. SANTO TOMÁS;2008;9;503;20;20
C.F.T;3010;C.F.T. SANTO TOMÁS;2007;9;550;57;57
C.F.T;3010;C.F.T. SANTO TOMÁS;2006;17;920;45;45
C.F.T;3010;C.F.T. SANTO TOMÁS;2005;10;549;46;46
C.F.T;3010;C.F.T. SANTO TOMÁS;2024;45;2.048;344;344
C.F.T;3010;C.F.T. SANTO TOMÁS;2023;44;1.925;344;344
C.F.T;3010;C.F.T. SANTO TOMÁS;2022;48;2.058;397;397
C.F.T;3010;C.F.T. SANTO TOMÁS;2021;41;1.804;306;306
C.F.T;3010;C.F.T. SANTO TOMÁS;2020;42;1.829;306;306
C.F.T;3010;C.F.T. SANTO TOMÁS;2019;35;1.924;s/i;s/i
C.F.T;3010;C.F.T. SANTO TOMÁS;2018;35;1.924;279;279
C.F.T;3010;C.F.T. SANTO TOMÁS;2011;8;391;23;23
C.F.T;3010;C.F.T. SANTO TOMÁS;2010;5;245;40;40
C.F.T;3010;C.F.T. SANTO TOMÁS;2009;7;497;40;40
C.F.T;3010;C.F.T. SANTO TOMÁS;2008;7;497;63;63
C.F.T;3010;C.F.T. SANTO TOMÁS;2007;4;173;21;21
C.F.T;3010;C.F.T. SANTO TOMÁS;2006;6;262;22;22
C.F.T;3010;C.F.T. SANTO TOMÁS;2005;4;11;26;26
C.F.T;3010;C.F.T. SANTO TOMÁS;2024;63;2.763;535;535
C.F.T;3010;C.F.T. SANTO TOMÁS;2023;60;2.703;535;535
C.F.T;3010;C.F.T. SANTO TOMÁS;2022;60;2.634;535;535
C.F.T;3010;C.F.T. SANTO TOMÁS;2021;59;2.620;526;526
C.F.T;3010;C.F.T. SANTO TOMÁS;2020;57;2.698;526;526
C.F.T;3010;C.F.T. SANTO TOMÁS;2019;57;2.926;s/i;s/i
C.F.T;3010;C.F.T. SANTO TOMÁS;2018;57;2.926;464;464
C.F.T;3010;C.F.T. SANTO TOMÁS;2011;23;811;33;33
C.F.T;3010;C.F.T. SANTO TOMÁS;2010;7;484;66;66
C.F.T;3010;C.F.T. SANTO TOMÁS;2009;7;560;66;66
C.F.T;3010;C.F.T. SANTO TOMÁS;2008;7;560;53;53
C.F.T;3010;C.F.T. SANTO TOMÁS;2007;7;560;41;41
C.F.T;3010;C.F.T. SANTO TOMÁS;2006;22;447;47;47
C.F.T;3010;C.F.T. SANTO TOMÁS;2005;11;662;49;49
C.F.T;3011;C.F.T. SIMÓN BOLIVAR;2005;1;40;12;12
C.F.T;3011;C.F.T. SIMÓN BOLIVAR;2011;2;100;47;47
C.F.T;3011;C.F.T. SIMÓN BOLIVAR;2011;3;175;48;48
C.F.T;3011;C.F.T. SIMÓN BOLIVAR;2010;3;175;48;48
C.F.T;3011;C.F.T. SIMÓN BOLIVAR;2009;2;94;48;48
C.F.T;3011;C.F.T. SIMÓN BOLIVAR;2014;10;432;242;242
C.F.T;3011;C.F.T. SIMÓN BOLIVAR;2012;10;432;242;242
C.F.T;3011;C.F.T. SIMÓN BOLIVAR;2011;12;531;242;242
C.F.T;3011;C.F.T. SIMÓN BOLIVAR;2010;12;531;242;242
C.F.T;3011;C.F.T. SIMÓN BOLIVAR;2009;12;531;240;240
C.F.T;3011;C.F.T. SIMÓN BOLIVAR;2008;11;491;240;240
C.F.T;3011;C.F.T. SIMÓN BOLIVAR;2007;13;576;228;228
C.F.T;3011;C.F.T. SIMÓN BOLIVAR;2006;12;516;228;228
C.F.T;3011;C.F.T. SIMÓN BOLIVAR;2005;11;386;183;174
C.F.T;3012;C.F.T. ZIPTER;2005;4;142;9;9
C.F.T;3012;C.F.T. ZIPTER;2005;3;45;5;5
C.F.T;3013;C.F.T. DIEGO PORTALES;2009;6;393;41;41
C.F.T;3013;C.F.T. DIEGO PORTALES;2008;6;393;41;41
C.F.T;3013;C.F.T. DIEGO PORTALES;2007;6;393;41;41
C.F.T;3013;C.F.T. DIEGO PORTALES;2006;6;393;41;41
C.F.T;3013;C.F.T. DIEGO PORTALES;2005;6;393;50;50
C.F.T;3013;C.F.T. DIEGO PORTALES;2009;3;186;40;40
C.F.T;3013;C.F.T. DIEGO PORTALES;2008;4;612;30;30
C.F.T;3013;C.F.T. DIEGO PORTALES;2008;3;186;40;40
C.F.T;3013;C.F.T. DIEGO PORTALES;2007;4;554;30;30
C.F.T;3013;C.F.T. DIEGO PORTALES;2005;5;200;30;30
C.F.T;3013;C.F.T. DIEGO PORTALES;2008;15;630;28;28
C.F.T;3013;C.F.T. DIEGO PORTALES;2007;15;630;28;28
C.F.T;3013;C.F.T. DIEGO PORTALES;2005;15;630;28;28
C.F.T;3013;C.F.T. DIEGO PORTALES;2010;7;236;30;30
C.F.T;3013;C.F.T. DIEGO PORTALES;2009;7;236;30;30
C.F.T;3013;C.F.T. DIEGO PORTALES;2008;7;236;30;30
C.F.T;3013;C.F.T. DIEGO PORTALES;2007;7;236;30;30
C.F.T;3013;C.F.T. DIEGO PORTALES;2005;7;236;30;30
C.F.T;3014;C.F.T. INACAP;2007;16;891;91;91
C.F.T;3014;C.F.T. INACAP;2006;16;892;98;98
C.F.T;3014;C.F.T. INACAP;2005;16;892;80;80
C.F.T;3014;C.F.T. INACAP;2007;28;1.131;108;108
C.F.T;3014;C.F.T. INACAP;2006;28;1.131;125;125
C.F.T;3014;C.F.T. INACAP;2005;28;1.131;102;102
C.F.T;3014;C.F.T. INACAP;2007;4;160;109;109
C.F.T;3014;C.F.T. INACAP;2006;4;160;109;109
C.F.T;3014;C.F.T. INACAP;2005;4;160;75;75
C.F.T;3014;C.F.T. INACAP;2007;36;2.648;284;284
C.F.T;3014;C.F.T. INACAP;2006;36;2.649;283;283
C.F.T;3014;C.F.T. INACAP;2005;26;2.648;303;303
C.F.T;3014;C.F.T. INACAP;2007;15;737;126;126
C.F.T;3014;C.F.T. INACAP;2006;15;737;133;133
C.F.T;3014;C.F.T. INACAP;2005;15;737;130;130
C.F.T;3014;C.F.T. INACAP;2007;5;130;67;67
C.F.T;3014;C.F.T. INACAP;2006;5;130;77;77
C.F.T;3014;C.F.T. INACAP;2005;5;130;79;79
C.F.T;3014;C.F.T. INACAP;2007;2;105;49;49
C.F.T;3014;C.F.T. INACAP;2006;2;106;29;29
C.F.T;3014;C.F.T. INACAP;2007;17;1.035;326;326
C.F.T;3014;C.F.T. INACAP;2006;17;1.035;188;188
C.F.T;3014;C.F.T. INACAP;2005;17;1.035;144;144
C.F.T;3014;C.F.T. INACAP;2007;23;1.866;156;156
C.F.T;3014;C.F.T. INACAP;2006;23;1.866;156;156
C.F.T;3014;C.F.T. INACAP;2005;23;1.866;152;152
C.F.T;3014;C.F.T. INACAP;2007;165;14.584;1.448;1.448
C.F.T;3014;C.F.T. INACAP;2006;213;18.056;1.364;1.364
C.F.T;3014;C.F.T. INACAP;2005;166;17.508;1.093;1.093
C.F.T;3014;C.F.T. INACAP;2007;3;103;65;65
C.F.T;3014;C.F.T. INACAP;2006;3;103;66;66
C.F.T;3014;C.F.T. INACAP;2005;3;103;28;28
C.F.T;3014;C.F.T. INACAP;2007;20;784;137;137
C.F.T;3014;C.F.T. INACAP;2006;20;784;108;108
C.F.T;3014;C.F.T. INACAP;2005;20;784;90;90
C.F.T;3014;C.F.T. INACAP;2007;12;784;106;106
C.F.T;3014;C.F.T. INACAP;2006;12;785;103;103
C.F.T;3014;C.F.T. INACAP;2005;12;785;77;77
C.F.T;3014;C.F.T. INACAP;2007;15;726;78;78
C.F.T;3014;C.F.T. INACAP;2006;15;727;78;78
C.F.T;3014;C.F.T. INACAP;2005;15;727;75;75
C.F.T;3014;C.F.T. INACAP;2007;26;1.392;161;161
C.F.T;3014;C.F.T. INACAP;2006;26;1.392;168;168
C.F.T;3014;C.F.T. INACAP;2005;26;1.392;161;161
C.F.T;3014;C.F.T. INACAP;2007;12;1.246;127;127
C.F.T;3014;C.F.T. INACAP;2006;12;1.246;95;95
C.F.T;3014;C.F.T. INACAP;2005;12;1.246;71;71
C.F.T;3014;C.F.T. INACAP;2007;31;1.879;273;273
C.F.T;3014;C.F.T. INACAP;2006;31;1.879;254;254
C.F.T;3014;C.F.T. INACAP;2005;31;1.879;236;236
C.F.T;3014;C.F.T. INACAP;2007;19;949;117;117
C.F.T;3014;C.F.T. INACAP;2006;19;950;127;127
C.F.T;3014;C.F.T. INACAP;2005;19;950;78;78
C.F.T;3014;C.F.T. INACAP;2007;53;3.498;159;159
C.F.T;3014;C.F.T. INACAP;2006;53;3.498;249;249
C.F.T;3014;C.F.T. INACAP;2005;53;3.498;326;326
C.F.T;3015;C.F.T. INACAP ANTOFAGASTA;2007;17;1.221;256;256
C.F.T;3015;C.F.T. INACAP ANTOFAGASTA;2006;17;1.221;216;216
C.F.T;3015;C.F.T. INACAP ANTOFAGASTA;2005;17;1.221;201;201
C.F.T;3016;C.F.T. INACAP TABANCURA;2007;165;14.584;1.448;1.448
C.F.T;3016;C.F.T. INACAP TABANCURA;2006;47;5.054;438;438
C.F.T;3016;C.F.T. INACAP TABANCURA;2005;46;6.649;326;326
C.F.T;3017;C.F.T. CEDEP;2007;1;16;13;13
C.F.T;3017;C.F.T. CEDEP;2006;1;16;11;11
C.F.T;3017;C.F.T. CEDEP;2005;1;16;11;11
C.F.T;3019;C.F.T. PUKARÁ;2006;3;72;20;20
C.F.T;3020;C.F.T. IPROSEC;2024;17;578;68;68
C.F.T;3020;C.F.T. IPROSEC;2023;19;658;112;112
C.F.T;3020;C.F.T. IPROSEC;2022;19;658;112;112
C.F.T;3020;C.F.T. IPROSEC;2021;19;658;112;112
C.F.T;3020;C.F.T. IPROSEC;2020;19;666;112;112
C.F.T;3020;C.F.T. IPROSEC;2019;18;647;101;101
C.F.T;3020;C.F.T. IPROSEC;2018;17;629;141;141
C.F.T;3020;C.F.T. IPROSEC;2017;18;598;131;131
C.F.T;3020;C.F.T. IPROSEC;2016;18;598;131;131
C.F.T;3020;C.F.T. IPROSEC;2015;16;538;131;131
C.F.T;3020;C.F.T. IPROSEC;2014;16;538;145;145
C.F.T;3020;C.F.T. IPROSEC;2013;16;538;145;145
C.F.T;3020;C.F.T. IPROSEC;2012;14;481;127;127
C.F.T;3020;C.F.T. IPROSEC;2011;12;481;117;117
C.F.T;3020;C.F.T. IPROSEC;2010;11;416;117;117
C.F.T;3020;C.F.T. IPROSEC;2009;10;380;112;112
C.F.T;3020;C.F.T. IPROSEC;2006;9;350;100;100
C.F.T;3021;C.F.T. INST. SUPERIOR DE ESTUDIOS JURÍDICOS CANON;2018;2;200;35;35
C.F.T;3021;C.F.T. INST. SUPERIOR DE ESTUDIOS JURÍDICOS CANON;2018;1;70;35;35
C.F.T;3021;C.F.T. INST. SUPERIOR DE ESTUDIOS JURÍDICOS CANON;2010;2;54;33;33
C.F.T;3021;C.F.T. INST. SUPERIOR DE ESTUDIOS JURÍDICOS CANON;2009;2;54;33;33
C.F.T;3021;C.F.T. INST. SUPERIOR DE ESTUDIOS JURÍDICOS CANON;2008;2;54;33;33
C.F.T;3021;C.F.T. INST. SUPERIOR DE ESTUDIOS JURÍDICOS CANON;2007;2;54;33;33
C.F.T;3021;C.F.T. INST. SUPERIOR DE ESTUDIOS JURÍDICOS CANON;2006;2;65;45;4
C.F.T;3021;C.F.T. INST. SUPERIOR DE ESTUDIOS JURÍDICOS CANON;2018;1;60;40;40
C.F.T;3021;C.F.T. INST. SUPERIOR DE ESTUDIOS JURÍDICOS CANON;2018;1;50;30;30
C.F.T;3021;C.F.T. INST. SUPERIOR DE ESTUDIOS JURÍDICOS CANON;2010;2;180;40;40
C.F.T;3021;C.F.T. INST. SUPERIOR DE ESTUDIOS JURÍDICOS CANON;2009;2;180;40;40
C.F.T;3021;C.F.T. INST. SUPERIOR DE ESTUDIOS JURÍDICOS CANON;2008;2;180;40;40
C.F.T;3021;C.F.T. INST. SUPERIOR DE ESTUDIOS JURÍDICOS CANON;2007;2;180;40;40
C.F.T;3021;C.F.T. INST. SUPERIOR DE ESTUDIOS JURÍDICOS CANON;2006;2;114;36;36
C.F.T;3021;C.F.T. INST. SUPERIOR DE ESTUDIOS JURÍDICOS CANON;2005;2;90;36;36
C.F.T;3021;C.F.T. INST. SUPERIOR DE ESTUDIOS JURÍDICOS CANON;2018;2;150;40;40
C.F.T;3022;C.F.T. CENTRO DE EST. PARAMÉDICOS DE STGO. CEPSA;2007;14;643;51;51
C.F.T;3022;C.F.T. CENTRO DE EST. PARAMÉDICOS DE STGO. CEPSA;2006;14;601;56;56
C.F.T;3022;C.F.T. CENTRO DE EST. PARAMÉDICOS DE STGO. CEPSA;2005;15;720;60;60
C.F.T;3023;C.F.T. JOHN F. KENNEDY;2006;7;149;37;18
C.F.T;3023;C.F.T. JOHN F. KENNEDY;2005;7;149;37;18
C.F.T;3023;C.F.T. JOHN F. KENNEDY;2006;8;319;114;114
C.F.T;3023;C.F.T. JOHN F. KENNEDY;2005;7;311;114;114
C.F.T;3023;C.F.T. JOHN F. KENNEDY;2006;6;189;30;12
C.F.T;3023;C.F.T. JOHN F. KENNEDY;2005;6;189;30;12
C.F.T;3024;C.F.T. EDUCAP;2021;2;114;39;39
C.F.T;3024;C.F.T. EDUCAP;2020;2;114;39;39
C.F.T;3024;C.F.T. EDUCAP;2019;2;114;39;39
C.F.T;3024;C.F.T. EDUCAP;2018;2;114;39;39
C.F.T;3024;C.F.T. EDUCAP;2017;2;114;39;39
C.F.T;3024;C.F.T. EDUCAP;2016;2;114;39;39
C.F.T;3024;C.F.T. EDUCAP;2015;2;114;39;39
C.F.T;3024;C.F.T. EDUCAP;2014;2;114;36;36
C.F.T;3024;C.F.T. EDUCAP;2013;2;114;36;36
C.F.T;3024;C.F.T. EDUCAP;2012;2;85;30;30
C.F.T;3024;C.F.T. EDUCAP;2011;2;85;30;30
C.F.T;3024;C.F.T. EDUCAP;2010;2;85;30;30
C.F.T;3024;C.F.T. EDUCAP;2009;1;40;20;20
C.F.T;3024;C.F.T. EDUCAP;2008;1;40;20;20
C.F.T;3024;C.F.T. EDUCAP;2007;1;40;20;20
C.F.T;3024;C.F.T. EDUCAP;2006;1;40;20;20
C.F.T;3024;C.F.T. EDUCAP;2005;2;80;20;20
C.F.T;3025;C.F.T. INSTITUTO TECNOLÓGICO DE CHILE;2019;9;1.070;90;90
C.F.T;3025;C.F.T. INSTITUTO TECNOLÓGICO DE CHILE;2018;26;1.237;393;393
C.F.T;3025;C.F.T. INSTITUTO TECNOLÓGICO DE CHILE;2017;26;1.237;393;393
C.F.T;3025;C.F.T. INSTITUTO TECNOLÓGICO DE CHILE;2016;26;1.237;393;393
C.F.T;3025;C.F.T. INSTITUTO TECNOLÓGICO DE CHILE;2015;23;921;379;363
C.F.T;3025;C.F.T. INSTITUTO TECNOLÓGICO DE CHILE;2014;27;921;454;453
C.F.T;3025;C.F.T. INSTITUTO TECNOLÓGICO DE CHILE;2013;27;921;440;440
C.F.T;3025;C.F.T. INSTITUTO TECNOLÓGICO DE CHILE;2012;27;1.144;405;403
C.F.T;3025;C.F.T. INSTITUTO TECNOLÓGICO DE CHILE;2011;18;608;341;341
C.F.T;3025;C.F.T. INSTITUTO TECNOLÓGICO DE CHILE;2010;17;610;255;255
C.F.T;3025;C.F.T. INSTITUTO TECNOLÓGICO DE CHILE;2009;17;610;275;275
C.F.T;3025;C.F.T. INSTITUTO TECNOLÓGICO DE CHILE;2005;11;405;180;175
C.F.T;3026;C.F.T. ESCUELA DE COMERCIO;2023;4;265;140;140
C.F.T;3026;C.F.T. ESCUELA DE COMERCIO;2022;5;327;217;217
C.F.T;3026;C.F.T. ESCUELA DE COMERCIO;2021;6;362;253;253
C.F.T;3026;C.F.T. ESCUELA DE COMERCIO;2020;6;362;223;223
C.F.T;3026;C.F.T. ESCUELA DE COMERCIO;2019;6;362;223;223
C.F.T;3026;C.F.T. ESCUELA DE COMERCIO;2018;6;362;223;223
C.F.T;3026;C.F.T. ESCUELA DE COMERCIO;2017;5;264;194;194
C.F.T;3026;C.F.T. ESCUELA DE COMERCIO;2016;5;264;194;194
C.F.T;3026;C.F.T. ESCUELA DE COMERCIO;2015;5;264;194;194
C.F.T;3026;C.F.T. ESCUELA DE COMERCIO;2014;5;264;194;194
C.F.T;3026;C.F.T. ESCUELA DE COMERCIO;2013;5;264;194;194
C.F.T;3026;C.F.T. ESCUELA DE COMERCIO;2012;5;264;194;194
C.F.T;3026;C.F.T. ESCUELA DE COMERCIO;2010;4;258;133;133
C.F.T;3026;C.F.T. ESCUELA DE COMERCIO;2009;4;258;118;118
C.F.T;3026;C.F.T. ESCUELA DE COMERCIO;2008;2;123;79;79
C.F.T;3026;C.F.T. ESCUELA DE COMERCIO;2007;2;123;69;69
C.F.T;3026;C.F.T. ESCUELA DE COMERCIO;2006;2;123;62;62
C.F.T;3026;C.F.T. ESCUELA DE COMERCIO;2005;5;185;116;77
C.F.T;3027;C.F.T. DE EST. SUP.Y CAPACITACIÓN PROFESIONAL LAPLACE;2024;2;100;15;15
C.F.T;3027;C.F.T. DE EST. SUP.Y CAPACITACIÓN PROFESIONAL LAPLACE;2023;2;100;20;20
C.F.T;3027;C.F.T. DE EST. SUP.Y CAPACITACIÓN PROFESIONAL LAPLACE;2022;2;100;30;30
C.F.T;3027;C.F.T. DE EST. SUP.Y CAPACITACIÓN PROFESIONAL LAPLACE;2020;2;100;30;30
C.F.T;3027;C.F.T. DE EST. SUP.Y CAPACITACIÓN PROFESIONAL LAPLACE;2024;5;164;10;10
C.F.T;3027;C.F.T. DE EST. SUP.Y CAPACITACIÓN PROFESIONAL LAPLACE;2023;5;164;20;20
C.F.T;3027;C.F.T. DE EST. SUP.Y CAPACITACIÓN PROFESIONAL LAPLACE;2022;5;164;20;20
C.F.T;3027;C.F.T. DE EST. SUP.Y CAPACITACIÓN PROFESIONAL LAPLACE;2020;5;164;20;20
C.F.T;3027;C.F.T. DE EST. SUP.Y CAPACITACIÓN PROFESIONAL LAPLACE;2012;3;94;50;50
C.F.T;3027;C.F.T. DE EST. SUP.Y CAPACITACIÓN PROFESIONAL LAPLACE;2011;3;94;50;50
C.F.T;3027;C.F.T. DE EST. SUP.Y CAPACITACIÓN PROFESIONAL LAPLACE;2009;3;94;50;50
C.F.T;3027;C.F.T. DE EST. SUP.Y CAPACITACIÓN PROFESIONAL LAPLACE;2008;3;94;50;50
C.F.T;3027;C.F.T. DE EST. SUP.Y CAPACITACIÓN PROFESIONAL LAPLACE;2007;3;94;50;50
C.F.T;3027;C.F.T. DE EST. SUP.Y CAPACITACIÓN PROFESIONAL LAPLACE;2006;3;94;50;50
C.F.T;3027;C.F.T. DE EST. SUP.Y CAPACITACIÓN PROFESIONAL LAPLACE;2005;3;94;50;50
C.F.T;3028;C.F.T. INTECTUR;2006;7;447;20;20
C.F.T;3028;C.F.T. INTECTUR;2005;7;447;20;20
C.F.T;3030;C.F.T. CEDUC - UCN;2024;10;972;145;145
C.F.T;3030;C.F.T. CEDUC - UCN;2023;10;972;145;145
C.F.T;3030;C.F.T. CEDUC - UCN;2022;10;972;145;145
C.F.T;3030;C.F.T. CEDUC - UCN;2021;9;897;106;106
C.F.T;3030;C.F.T. CEDUC - UCN;2020;8;818;77;77
C.F.T;3030;C.F.T. CEDUC - UCN;2019;8;816;77;77
C.F.T;3030;C.F.T. CEDUC - UCN;2018;7;762;77;77
C.F.T;3030;C.F.T. CEDUC - UCN;2017;7;762;77;77
C.F.T;3030;C.F.T. CEDUC - UCN;2016;7;762;77;77
C.F.T;3030;C.F.T. CEDUC - UCN;2015;7;762;77;77
C.F.T;3030;C.F.T. CEDUC - UCN;2014;7;734;53;53
C.F.T;3030;C.F.T. CEDUC - UCN;2013;7;585;61;65
C.F.T;3030;C.F.T. CEDUC - UCN;2012;6;529;58;58
C.F.T;3030;C.F.T. CEDUC - UCN;2011;9;s/i;102;102
C.F.T;3030;C.F.T. CEDUC - UCN;2010;9;876;118;102
C.F.T;3030;C.F.T. CEDUC - UCN;2009;9;876;114;102
C.F.T;3030;C.F.T. CEDUC - UCN;2008;9;876;75;75
C.F.T;3030;C.F.T. CEDUC - UCN;2024;8;593;76;76
C.F.T;3030;C.F.T. CEDUC - UCN;2024;9;881;36;36
C.F.T;3030;C.F.T. CEDUC - UCN;2023;9;881;36;36
C.F.T;3030;C.F.T. CEDUC - UCN;2022;9;807;36;36
C.F.T;3030;C.F.T. CEDUC - UCN;2021;9;807;36;36
C.F.T;3030;C.F.T. CEDUC - UCN;2020;7;801;34;34
C.F.T;3030;C.F.T. CEDUC - UCN;2019;7;670;36;36
C.F.T;3030;C.F.T. CEDUC - UCN;2018;7;670;36;36
C.F.T;3030;C.F.T. CEDUC - UCN;2024;16;1.424;145;145
C.F.T;3030;C.F.T. CEDUC - UCN;2023;16;1.424;145;145
C.F.T;3030;C.F.T. CEDUC - UCN;2022;16;1.424;145;145
C.F.T;3030;C.F.T. CEDUC - UCN;2021;16;1.424;145;145
C.F.T;3030;C.F.T. CEDUC - UCN;2020;17;1.267;130;130
C.F.T;3030;C.F.T. CEDUC - UCN;2019;10;966;113;113
C.F.T;3030;C.F.T. CEDUC - UCN;2018;9;891;113;113
C.F.T;3030;C.F.T. CEDUC - UCN;2017;9;891;105;105
C.F.T;3030;C.F.T. CEDUC - UCN;2016;9;850;105;105
C.F.T;3030;C.F.T. CEDUC - UCN;2015;9;814;105;105
C.F.T;3030;C.F.T. CEDUC - UCN;2014;9;850;104;94
C.F.T;3030;C.F.T. CEDUC - UCN;2013;10;929;91;83
C.F.T;3030;C.F.T. CEDUC - UCN;2012;8;708;86;86
C.F.T;3030;C.F.T. CEDUC - UCN;2011;10;830;138;138
C.F.T;3030;C.F.T. CEDUC - UCN;2010;10;1.204;179;179
C.F.T;3030;C.F.T. CEDUC - UCN;2009;10;1.204;164;164
C.F.T;3030;C.F.T. CEDUC - UCN;2008;11;1.204;156;156
C.F.T;3030;C.F.T. CEDUC - UCN;2007;11;1.204;156;156
C.F.T;3030;C.F.T. CEDUC - UCN;2006;12;946;139;139
C.F.T;3030;C.F.T. CEDUC - UCN;2005;12;894;139;139
C.F.T;3030;C.F.T. CEDUC - UCN;2024;12;758;97;97
C.F.T;3030;C.F.T. CEDUC - UCN;2023;12;758;97;97
C.F.T;3030;C.F.T. CEDUC - UCN;2022;12;758;97;97
C.F.T;3030;C.F.T. CEDUC - UCN;2021;12;758;89;89
C.F.T;3030;C.F.T. CEDUC - UCN;2020;12;758;89;89
C.F.T;3030;C.F.T. CEDUC - UCN;2019;3;138;76;76
C.F.T;3030;C.F.T. CEDUC - UCN;2018;3;162;74;74
C.F.T;3030;C.F.T. CEDUC - UCN;2017;3;162;74;74
C.F.T;3030;C.F.T. CEDUC - UCN;2024;7;646;100;100
C.F.T;3030;C.F.T. CEDUC - UCN;2023;7;646;100;100
C.F.T;3030;C.F.T. CEDUC - UCN;2022;7;646;100;100
C.F.T;3030;C.F.T. CEDUC - UCN;2021;7;646;100;100
C.F.T;3030;C.F.T. CEDUC - UCN;2020;6;646;88;88
C.F.T;3030;C.F.T. CEDUC - UCN;2019;6;580;88;88
C.F.T;3030;C.F.T. CEDUC - UCN;2018;6;580;88;88
C.F.T;3030;C.F.T. CEDUC - UCN;2017;6;580;88;88
C.F.T;3030;C.F.T. CEDUC - UCN;2016;6;580;88;88
C.F.T;3030;C.F.T. CEDUC - UCN;2015;6;580;88;88
C.F.T;3030;C.F.T. CEDUC - UCN;2014;5;503;104;94
C.F.T;3030;C.F.T. CEDUC - UCN;2013;5;582;61;49
C.F.T;3030;C.F.T. CEDUC - UCN;2012;6;582;62;50
C.F.T;3030;C.F.T. CEDUC - UCN;2011;6;582;60;48
C.F.T;3030;C.F.T. CEDUC - UCN;2010;6;582;72;60
C.F.T;3030;C.F.T. CEDUC - UCN;2009;6;582;75;63
C.F.T;3031;C.F.T. CHILENO-NORTEAMERICANO;2005;2;170;25;10
C.F.T;3032;C.F.T. ECATEMA;2006;5;160;28;28
C.F.T;3032;C.F.T. ECATEMA;2005;4;160;28;28
C.F.T;3033;C.F.T. COLCHAGUA;2005;2;130;31;31
C.F.T;3034;C.F.T. SALESIANOS DON BOSCO;2010;16;12.000;44;40
C.F.T;3034;C.F.T. SALESIANOS DON BOSCO;2009;16;12.000;44;40
C.F.T;3034;C.F.T. SALESIANOS DON BOSCO;2008;16;12.000;40;40
C.F.T;3034;C.F.T. SALESIANOS DON BOSCO;2006;16;12.000;40;40
C.F.T;3034;C.F.T. SALESIANOS DON BOSCO;2005;16;12.000;40;40
C.F.T;3034;C.F.T. SALESIANOS DON BOSCO;2010;20;1.400;70;59
C.F.T;3034;C.F.T. SALESIANOS DON BOSCO;2009;20;1.400;70;59
C.F.T;3034;C.F.T. SALESIANOS DON BOSCO;2008;20;1.400;70;70
C.F.T;3034;C.F.T. SALESIANOS DON BOSCO;2006;20;1.400;70;59
C.F.T;3034;C.F.T. SALESIANOS DON BOSCO;2005;20;1.400;70;59
C.F.T;3034;C.F.T. SALESIANOS DON BOSCO;2010;4;190;30;30
C.F.T;3034;C.F.T. SALESIANOS DON BOSCO;2009;4;190;30;30
C.F.T;3034;C.F.T. SALESIANOS DON BOSCO;2008;4;190;30;30
C.F.T;3034;C.F.T. SALESIANOS DON BOSCO;2006;4;190;30;30
C.F.T;3034;C.F.T. SALESIANOS DON BOSCO;2005;4;190;30;30
C.F.T;3034;C.F.T. SALESIANOS DON BOSCO;2010;8;5.971;32;32
C.F.T;3034;C.F.T. SALESIANOS DON BOSCO;2009;8;5.971;32;32
C.F.T;3034;C.F.T. SALESIANOS DON BOSCO;2008;8;5.971;32;32
C.F.T;3034;C.F.T. SALESIANOS DON BOSCO;2006;8;5.971;32;32
C.F.T;3034;C.F.T. SALESIANOS DON BOSCO;2005;8;5.971;32;32
C.F.T;3034;C.F.T. SALESIANOS DON BOSCO;2010;21;2.520;80;80
C.F.T;3034;C.F.T. SALESIANOS DON BOSCO;2009;21;2.520;80;80
C.F.T;3034;C.F.T. SALESIANOS DON BOSCO;2008;21;2.520;90;90
C.F.T;3034;C.F.T. SALESIANOS DON BOSCO;2006;21;2.520;80;10
C.F.T;3034;C.F.T. SALESIANOS DON BOSCO;2005;21;2.520;80;10
C.F.T;3034;C.F.T. SALESIANOS DON BOSCO;2010;6;2.105;88;56
C.F.T;3034;C.F.T. SALESIANOS DON BOSCO;2009;6;2.105;88;56
C.F.T;3034;C.F.T. SALESIANOS DON BOSCO;2008;6;2.105;88;88
C.F.T;3034;C.F.T. SALESIANOS DON BOSCO;2006;6;2.105;88;56
C.F.T;3034;C.F.T. SALESIANOS DON BOSCO;2005;6;2.105;88;56
C.F.T;3034;C.F.T. SALESIANOS DON BOSCO;2010;16;9.820;65;65
C.F.T;3034;C.F.T. SALESIANOS DON BOSCO;2009;16;9.820;65;65
C.F.T;3034;C.F.T. SALESIANOS DON BOSCO;2008;16;9.820;65;65
C.F.T;3034;C.F.T. SALESIANOS DON BOSCO;2006;16;9.820;65;65
C.F.T;3034;C.F.T. SALESIANOS DON BOSCO;2005;16;9.820;65;65
C.F.T;3035;C.F.T. CEITEC;2021;1;82;15;18
C.F.T;3035;C.F.T. CEITEC;2020;1;82;15;18
C.F.T;3035;C.F.T. CEITEC;2019;1;82;12;25
C.F.T;3035;C.F.T. CEITEC;2018;1;82;12;25
C.F.T;3035;C.F.T. CEITEC;2017;2;82;57;65
C.F.T;3035;C.F.T. CEITEC;2016;2;82;57;65
C.F.T;3035;C.F.T. CEITEC;2015;2;82;65;65
C.F.T;3035;C.F.T. CEITEC;2014;2;82;65;65
C.F.T;3035;C.F.T. CEITEC;2013;2;82;65;65
C.F.T;3035;C.F.T. CEITEC;2012;2;55;68;68
C.F.T;3035;C.F.T. CEITEC;2008;1;43;30;30
C.F.T;3035;C.F.T. CEITEC;2007;1;43;30;30
C.F.T;3035;C.F.T. CEITEC;2005;1;43;30;30
C.F.T;3036;C.F.T.  ASISTE;2023;2;50;15;15
C.F.T;3036;C.F.T.  ASISTE;2022;1;38;1;15
C.F.T;3036;C.F.T.  ASISTE;2020;3;103;12;12
C.F.T;3036;C.F.T.  ASISTE;2019;3;103;12;12
C.F.T;3036;C.F.T.  ASISTE;2018;3;103;12;12
C.F.T;3036;C.F.T.  ASISTE;2014;6;400;10;10
C.F.T;3036;C.F.T.  ASISTE;2013;6;400;10;10
C.F.T;3036;C.F.T.  ASISTE;2011;5;135;4;4
C.F.T;3036;C.F.T.  ASISTE;2009;5;135;s/i;6
C.F.T;3037;C.F.T. IGNACIO DOMEYKO;2009;1;62;35;35
C.F.T;3037;C.F.T. IGNACIO DOMEYKO;2007;1;62;35;35
C.F.T;3037;C.F.T. IGNACIO DOMEYKO;2005;1;62;35;35
C.F.T;3038;C.F.T. IFE ESCUELA DE NEGOCIOS;2009;1;28;18;19
C.F.T;3038;C.F.T. IFE ESCUELA DE NEGOCIOS;2005;1;40;25;25
C.F.T;3039;C.F.T. ITPUCH INST. POLITÉCNICO DE LA U. DE CHILE;2007;8;546;68;68
C.F.T;3039;C.F.T. ITPUCH INST. POLITÉCNICO DE LA U. DE CHILE;2006;9;550;55;55
C.F.T;3039;C.F.T. ITPUCH INST. POLITÉCNICO DE LA U. DE CHILE;2005;9;550;45;45
C.F.T;3040;C.F.T. LA ARAUCANA;2014;3;106;85;85
C.F.T;3040;C.F.T. LA ARAUCANA;2013;3;106;85;85
C.F.T;3040;C.F.T. LA ARAUCANA;2012;2;65;50;50
C.F.T;3040;C.F.T. LA ARAUCANA;2014;2;50;54;54
C.F.T;3040;C.F.T. LA ARAUCANA;2013;2;50;54;54
C.F.T;3040;C.F.T. LA ARAUCANA;2012;2;80;54;54
C.F.T;3040;C.F.T. LA ARAUCANA;2011;2;63;55;55
C.F.T;3040;C.F.T. LA ARAUCANA;2010;2;63;50;50
C.F.T;3040;C.F.T. LA ARAUCANA;2009;1;35;18;26
C.F.T;3040;C.F.T. LA ARAUCANA;2008;1;35;18;26
C.F.T;3040;C.F.T. LA ARAUCANA;2014;12;581;282;282
C.F.T;3040;C.F.T. LA ARAUCANA;2013;12;581;282;282
C.F.T;3040;C.F.T. LA ARAUCANA;2012;15;665;349;349
C.F.T;3040;C.F.T. LA ARAUCANA;2011;11;431;270;270
C.F.T;3040;C.F.T. LA ARAUCANA;2010;10;316;211;211
C.F.T;3040;C.F.T. LA ARAUCANA;2009;9;316;219;219
C.F.T;3040;C.F.T. LA ARAUCANA;2008;9;316;219;219
C.F.T;3040;C.F.T. LA ARAUCANA;2006;8;282;168;168
C.F.T;3040;C.F.T. LA ARAUCANA;2005;7;242;142;139
C.F.T;3041;C.F.T. PUCV;2024;10;580;90;90
C.F.T;3041;C.F.T. PUCV;2023;8;440;60;60
C.F.T;3041;C.F.T. PUCV;2022;8;450;60;60
C.F.T;3041;C.F.T. PUCV;2024;62;2.920;490;490
C.F.T;3041;C.F.T. PUCV;2023;59;2.870;460;460
C.F.T;3041;C.F.T. PUCV;2022;60;2.900;450;450
C.F.T;3041;C.F.T. PUCV;2021;54;2.670;397;397
C.F.T;3041;C.F.T. PUCV;2020;53;2.670;361;361
C.F.T;3041;C.F.T. PUCV;2019;40;2.700;280;280
C.F.T;3041;C.F.T. PUCV;2018;36;2.350;220;220
C.F.T;3041;C.F.T. PUCV;2017;32;1.901;195;195
C.F.T;3041;C.F.T. PUCV;2016;19;542;175;175
C.F.T;3041;C.F.T. PUCV;2015;11;542;160;160
C.F.T;3041;C.F.T. PUCV;2014;3;140;24;24
C.F.T;3041;C.F.T. PUCV;2013;2;130;24;24
C.F.T;3041;C.F.T. PUCV;2010;1;60;20;20
C.F.T;3041;C.F.T. PUCV;2007;1;60;16;16
C.F.T;3041;C.F.T. PUCV;2024;17;840;110;110
C.F.T;3041;C.F.T. PUCV;2023;10;400;72;72
C.F.T;3041;C.F.T. PUCV;2022;10;400;70;70
C.F.T;3041;C.F.T. PUCV;2021;8;350;70;70
C.F.T;3041;C.F.T. PUCV;2020;8;350;62;62
C.F.T;3041;C.F.T. PUCV;2019;7;380;60;60
C.F.T;3041;C.F.T. PUCV;2018;4;200;50;50
C.F.T;3041;C.F.T. PUCV;2024;55;3.160;510;510
C.F.T;3041;C.F.T. PUCV;2023;52;2.980;489;489
C.F.T;3041;C.F.T. PUCV;2022;49;2.900;480;480
C.F.T;3041;C.F.T. PUCV;2021;45;2.498;443;443
C.F.T;3041;C.F.T. PUCV;2020;47;2.902;356;356
C.F.T;3041;C.F.T. PUCV;2019;37;2.500;400;400
C.F.T;3041;C.F.T. PUCV;2018;34;2.200;340;340
C.F.T;3041;C.F.T. PUCV;2017;31;1.970;304;304
C.F.T;3041;C.F.T. PUCV;2016;28;1.800;265;265
C.F.T;3041;C.F.T. PUCV;2015;18;1.800;220;220
C.F.T;3041;C.F.T. PUCV;2014;15;1.409;90;90
C.F.T;3041;C.F.T. PUCV;2013;5;799;73;73
C.F.T;3041;C.F.T. PUCV;2010;5;799;73;73
C.F.T;3041;C.F.T. PUCV;2009;5;799;73;73
C.F.T;3041;C.F.T. PUCV;2007;5;835;22;22
C.F.T;3041;C.F.T. PUCV;2006;5;835;22;22
C.F.T;3041;C.F.T. PUCV;2005;5;835;22;22
C.F.T;3042;C.F.T. ALPES;2024;7;201;21;21
C.F.T;3042;C.F.T. ALPES;2023;7;201;21;21
C.F.T;3042;C.F.T. ALPES;2022;7;201;21;21
C.F.T;3042;C.F.T. ALPES;2021;7;201;21;21
C.F.T;3042;C.F.T. ALPES;2020;7;201;21;21
C.F.T;3042;C.F.T. ALPES;2019;7;201;21;21
C.F.T;3042;C.F.T. ALPES;2018;7;201;21;21
C.F.T;3042;C.F.T. ALPES;2017;7;201;21;21
C.F.T;3042;C.F.T. ALPES;2016;7;201;21;21
C.F.T;3042;C.F.T. ALPES;2015;8;225;30;30
C.F.T;3042;C.F.T. ALPES;2014;8;225;30;30
C.F.T;3042;C.F.T. ALPES;2013;8;225;30;30
C.F.T;3042;C.F.T. ALPES;2012;8;225;30;30
C.F.T;3042;C.F.T. ALPES;2011;8;225;30;30
C.F.T;3042;C.F.T. ALPES;2010;8;225;30;30
C.F.T;3042;C.F.T. ALPES;2009;8;209;30;30
C.F.T;3042;C.F.T. ALPES;2008;8;209;30;30
C.F.T;3042;C.F.T. ALPES;2007;8;209;30;30
C.F.T;3042;C.F.T. ALPES;2006;6;107;20;20
C.F.T;3042;C.F.T. ALPES;2005;6;107;20;20
C.F.T;3043;C.F.T. BARROS ARANA;2012;2;50;30;30
C.F.T;3043;C.F.T. BARROS ARANA;2011;2;50;30;30
C.F.T;3043;C.F.T. BARROS ARANA;2009;3;133;37;37
C.F.T;3043;C.F.T. BARROS ARANA;2007;3;133;37;37
C.F.T;3043;C.F.T. BARROS ARANA;2006;1;45;35;32
C.F.T;3044;C.F.T. CENCO;2019;1;24;6;6
C.F.T;3044;C.F.T. CENCO;2018;1;s/i;3;3
C.F.T;3044;C.F.T. CENCO;2024;s/i;s/i;3;3
C.F.T;3044;C.F.T. CENCO;2023;s/i;s/i;3;3
C.F.T;3044;C.F.T. CENCO;2022;s/i;s/i;5;5
C.F.T;3045;C.F.T. CENTRO DE ENS. ALTA COSTURA PAULINA DIARD;2022;3;88;18;18
C.F.T;3045;C.F.T. CENTRO DE ENS. ALTA COSTURA PAULINA DIARD;2020;3;88;19;19
C.F.T;3045;C.F.T. CENTRO DE ENS. ALTA COSTURA PAULINA DIARD;2019;3;88;19;19
C.F.T;3045;C.F.T. CENTRO DE ENS. ALTA COSTURA PAULINA DIARD;2018;3;88;18;14
C.F.T;3045;C.F.T. CENTRO DE ENS. ALTA COSTURA PAULINA DIARD;2017;3;88;14;10
C.F.T;3045;C.F.T. CENTRO DE ENS. ALTA COSTURA PAULINA DIARD;2016;3;88;14;10
C.F.T;3045;C.F.T. CENTRO DE ENS. ALTA COSTURA PAULINA DIARD;2006;3;82;3;3
C.F.T;3045;C.F.T. CENTRO DE ENS. ALTA COSTURA PAULINA DIARD;2005;3;82;3;3
C.F.T;3046;C.F.T. CEPONAL;2014;1;37;5;5
C.F.T;3046;C.F.T. CEPONAL;2013;1;37;5;5
C.F.T;3046;C.F.T. CEPONAL;2012;1;37;6;6
C.F.T;3047;C.F.T. CRECIC;2005;4;150;81;81
C.F.T;3048;C.F.T. CROWNLIET;2014;6;s/i;30;40
C.F.T;3048;C.F.T. CROWNLIET;2013;6;s/i;30;40
C.F.T;3048;C.F.T. CROWNLIET;2007;7;49;35;35
C.F.T;3048;C.F.T. CROWNLIET;2006;5;49;34;33
C.F.T;3048;C.F.T. CROWNLIET;2005;10;140;23;20
C.F.T;3049;C.F.T. DE LA INDUSTRIA GRÁFICA O C.F.T.  INGRAF;2022;2;450;s/i;s/i
C.F.T;3049;C.F.T. DE LA INDUSTRIA GRÁFICA O C.F.T.  INGRAF;2021;2;450;s/i;s/i
C.F.T;3049;C.F.T. DE LA INDUSTRIA GRÁFICA O C.F.T.  INGRAF;2019;2;450;s/i;s/i
C.F.T;3049;C.F.T. DE LA INDUSTRIA GRÁFICA O C.F.T.  INGRAF;2018;2;450;s/i;s/i
C.F.T;3049;C.F.T. DE LA INDUSTRIA GRÁFICA O C.F.T.  INGRAF;2017;2;450;s/i;s/i
C.F.T;3049;C.F.T. DE LA INDUSTRIA GRÁFICA O C.F.T.  INGRAF;2016;2;450;s/i;s/i
C.F.T;3049;C.F.T. DE LA INDUSTRIA GRÁFICA O C.F.T.  INGRAF;2013;4;387;40;40
C.F.T;3049;C.F.T. DE LA INDUSTRIA GRÁFICA O C.F.T.  INGRAF;2012;4;387;40;40
C.F.T;3049;C.F.T. DE LA INDUSTRIA GRÁFICA O C.F.T.  INGRAF;2011;4;387;19;19
C.F.T;3049;C.F.T. DE LA INDUSTRIA GRÁFICA O C.F.T.  INGRAF;2010;4;387;19;19
C.F.T;3049;C.F.T. DE LA INDUSTRIA GRÁFICA O C.F.T.  INGRAF;2009;4;387;19;3
C.F.T;3049;C.F.T. DE LA INDUSTRIA GRÁFICA O C.F.T.  INGRAF;2007;4;387;19;3
C.F.T;3050;C.F.T. DEL MEDIO AMBIENTE;2024;7;1.170;26;26
C.F.T;3050;C.F.T. DEL MEDIO AMBIENTE;2023;7;1.170;26;26
C.F.T;3050;C.F.T. DEL MEDIO AMBIENTE;2022;7;1.170;26;26
C.F.T;3050;C.F.T. DEL MEDIO AMBIENTE;2021;2;92;57;57
C.F.T;3050;C.F.T. DEL MEDIO AMBIENTE;2017;2;92;27;27
C.F.T;3050;C.F.T. DEL MEDIO AMBIENTE;2016;2;92;27;27
C.F.T;3050;C.F.T. DEL MEDIO AMBIENTE;2015;8;212;40;40
C.F.T;3050;C.F.T. DEL MEDIO AMBIENTE;2024;2;86;58;58
C.F.T;3050;C.F.T. DEL MEDIO AMBIENTE;2023;2;86;58;58
C.F.T;3050;C.F.T. DEL MEDIO AMBIENTE;2022;2;86;54;54
C.F.T;3050;C.F.T. DEL MEDIO AMBIENTE;2021;3;115;77;77
C.F.T;3050;C.F.T. DEL MEDIO AMBIENTE;2017;3;115;76;76
C.F.T;3050;C.F.T. DEL MEDIO AMBIENTE;2016;9;465;95;95
C.F.T;3050;C.F.T. DEL MEDIO AMBIENTE;2015;11;514;95;95
C.F.T;3050;C.F.T. DEL MEDIO AMBIENTE;2009;4;160;1;1
C.F.T;3050;C.F.T. DEL MEDIO AMBIENTE;2008;2;130;30;30
C.F.T;3050;C.F.T. DEL MEDIO AMBIENTE;2007;2;120;24;24
C.F.T;3050;C.F.T. DEL MEDIO AMBIENTE;2006;2;96;21;21
C.F.T;3050;C.F.T. DEL MEDIO AMBIENTE;2005;2;96;15;15
C.F.T;3052;C.F.T. ESC. DE INTÉRPRETES INCENI;2010;2;30;8;8
C.F.T;3052;C.F.T. ESC. DE INTÉRPRETES INCENI;2008;2;30;7;7
C.F.T;3052;C.F.T. ESC. DE INTÉRPRETES INCENI;2006;2;30;7;7
C.F.T;3052;C.F.T. ESC. DE INTÉRPRETES INCENI;2005;2;30;7;7
C.F.T;3054;C.F.T. ESC. SUPERIOR DE COMERCIO EXTERIOR;2006;1;40;3;3
C.F.T;3054;C.F.T. ESC. SUPERIOR DE COMERCIO EXTERIOR;2005;1;28;2;2
C.F.T;3055;C.F.T. FONTANAR;2014;11;670;26;26
C.F.T;3055;C.F.T. FONTANAR;2013;11;670;26;26
C.F.T;3055;C.F.T. FONTANAR;2012;11;670;26;26
C.F.T;3055;C.F.T. FONTANAR;2011;9;511;26;26
C.F.T;3055;C.F.T. FONTANAR;2009;9;511;26;26
C.F.T;3055;C.F.T. FONTANAR;2008;9;511;26;26
C.F.T;3055;C.F.T. FONTANAR;2007;20;1.514;24;24
C.F.T;3055;C.F.T. FONTANAR;2005;20;1.514;24;24
C.F.T;3057;C.F.T. ICEL;2017;32;2.606;614;614
C.F.T;3057;C.F.T. ICEL;2016;32;2.606;614;614
C.F.T;3057;C.F.T. ICEL;2015;32;2.606;614;614
C.F.T;3057;C.F.T. ICEL;2014;21;3.000;550;550
C.F.T;3057;C.F.T. ICEL;2013;21;3.000;550;550
C.F.T;3057;C.F.T. ICEL;2012;21;3.000;550;550
C.F.T;3057;C.F.T. ICEL;2005;2;86;36;36
C.F.T;3058;C.F.T.  ICCE;2023;2;68;s/i;s/i
C.F.T;3058;C.F.T.  ICCE;2022;2;68;s/i;s/i
C.F.T;3058;C.F.T.  ICCE;2024;3;142;s/i;s/i
C.F.T;3058;C.F.T.  ICCE;2023;3;142;s/i;s/i
C.F.T;3058;C.F.T.  ICCE;2022;3;143;s/i;s/i
C.F.T;3058;C.F.T.  ICCE;2021;2;86;s/i;s/i
C.F.T;3058;C.F.T.  ICCE;2019;3;150;s/i;s/i
C.F.T;3060;C.F.T. INSTITUTO CHILENO-BRITÁNICO DE CONCEPCIÓN;2009;2;252;12;12
C.F.T;3062;C.F.T. INST. INTEC;2005;2;57;26;10
C.F.T;3063;C.F.T. INST. SUPERIOR DE ELECTRÓNICA GAMMA;2011;5;177;37;39
C.F.T;3063;C.F.T. INST. SUPERIOR DE ELECTRÓNICA GAMMA;2010;4;100;42;56
C.F.T;3063;C.F.T. INST. SUPERIOR DE ELECTRÓNICA GAMMA;2009;5;190;28;28
C.F.T;3063;C.F.T. INST. SUPERIOR DE ELECTRÓNICA GAMMA;2007;7;253;85;85
C.F.T;3063;C.F.T. INST. SUPERIOR DE ELECTRÓNICA GAMMA;2006;5;163;35;35
C.F.T;3063;C.F.T. INST. SUPERIOR DE ELECTRÓNICA GAMMA;2005;4;141;20;20
C.F.T;3064;C.F.T. JORGE ALVAREZ ECHEVERRÍA;2013;1;66;20;20
C.F.T;3064;C.F.T. JORGE ALVAREZ ECHEVERRÍA;2012;1;66;20;20
C.F.T;3064;C.F.T. JORGE ALVAREZ ECHEVERRÍA;2009;2;66;15;15
C.F.T;3064;C.F.T. JORGE ALVAREZ ECHEVERRÍA;2008;2;66;26;21
C.F.T;3064;C.F.T. JORGE ALVAREZ ECHEVERRÍA;2007;2;66;15;15
C.F.T;3065;C.F.T. LOTA-ARAUCO;2024;3;110;36;58
C.F.T;3065;C.F.T. LOTA-ARAUCO;2023;3;110;36;58
C.F.T;3065;C.F.T. LOTA-ARAUCO;2022;3;110;36;58
C.F.T;3065;C.F.T. LOTA-ARAUCO;2021;3;110;36;36
C.F.T;3065;C.F.T. LOTA-ARAUCO;2020;3;110;46;46
C.F.T;3065;C.F.T. LOTA-ARAUCO;2019;2;70;46;46
C.F.T;3065;C.F.T. LOTA-ARAUCO;2018;1;32;30;30
C.F.T;3065;C.F.T. LOTA-ARAUCO;2017;1;32;30;30
C.F.T;3065;C.F.T. LOTA-ARAUCO;2016;1;32;30;30
C.F.T;3065;C.F.T. LOTA-ARAUCO;2015;1;32;30;30
C.F.T;3065;C.F.T. LOTA-ARAUCO;2014;1;32;30;30
C.F.T;3065;C.F.T. LOTA-ARAUCO;2006;1;s/i;20;20
C.F.T;3065;C.F.T. LOTA-ARAUCO;2024;19;2.694;255;356
C.F.T;3065;C.F.T. LOTA-ARAUCO;2023;19;2.694;255;356
C.F.T;3065;C.F.T. LOTA-ARAUCO;2022;19;2.694;215;334
C.F.T;3065;C.F.T. LOTA-ARAUCO;2021;22;3.000;215;215
C.F.T;3065;C.F.T. LOTA-ARAUCO;2020;22;3.000;214;214
C.F.T;3065;C.F.T. LOTA-ARAUCO;2019;19;2.193;207;207
C.F.T;3065;C.F.T. LOTA-ARAUCO;2018;19;2.193;200;200
C.F.T;3065;C.F.T. LOTA-ARAUCO;2017;22;2.193;191;191
C.F.T;3065;C.F.T. LOTA-ARAUCO;2016;22;2.193;185;185
C.F.T;3065;C.F.T. LOTA-ARAUCO;2015;22;2.193;185;185
C.F.T;3065;C.F.T. LOTA-ARAUCO;2014;22;2.193;185;185
C.F.T;3065;C.F.T. LOTA-ARAUCO;2005;12;s/i;150;150
C.F.T;3066;C.F.T. OSORNO;2011;2;275;22;22
C.F.T;3066;C.F.T. OSORNO;2010;2;275;22;22
C.F.T;3066;C.F.T. OSORNO;2009;2;275;25;25
C.F.T;3066;C.F.T. OSORNO;2006;2;275;25;25
C.F.T;3066;C.F.T. OSORNO;2005;2;275;18;18
C.F.T;3066;C.F.T. OSORNO;2006;1;40;16;16
C.F.T;3066;C.F.T. OSORNO;2005;1;40;16;16
C.F.T;3067;C.F.T. SAN AGUSTÍN DE TALCA;2024;14;544;289;289
C.F.T;3067;C.F.T. SAN AGUSTÍN DE TALCA;2023;14;517;239;239
C.F.T;3067;C.F.T. SAN AGUSTÍN DE TALCA;2022;14;530;312;312
C.F.T;3067;C.F.T. SAN AGUSTÍN DE TALCA;2021;14;530;378;378
C.F.T;3067;C.F.T. SAN AGUSTÍN DE TALCA;2020;15;538;297;297
C.F.T;3067;C.F.T. SAN AGUSTÍN DE TALCA;2019;15;530;253;253
C.F.T;3067;C.F.T. SAN AGUSTÍN DE TALCA;2018;15;530;292;292
C.F.T;3067;C.F.T. SAN AGUSTÍN DE TALCA;2017;12;416;292;292
C.F.T;3067;C.F.T. SAN AGUSTÍN DE TALCA;2016;11;427;292;283
C.F.T;3067;C.F.T. SAN AGUSTÍN DE TALCA;2015;10;485;120;120
C.F.T;3067;C.F.T. SAN AGUSTÍN DE TALCA;2014;10;467;112;112
C.F.T;3067;C.F.T. SAN AGUSTÍN DE TALCA;2012;10;232;82;82
C.F.T;3067;C.F.T. SAN AGUSTÍN DE TALCA;2009;6;330;48;48
C.F.T;3067;C.F.T. SAN AGUSTÍN DE TALCA;2008;3;290;20;20
C.F.T;3067;C.F.T. SAN AGUSTÍN DE TALCA;2007;3;290;20;20
C.F.T;3067;C.F.T. SAN AGUSTÍN DE TALCA;2006;3;290;20;20
C.F.T;3067;C.F.T. SAN AGUSTÍN DE TALCA;2005;3;290;20;20
C.F.T;3067;C.F.T. SAN AGUSTÍN DE TALCA;2024;14;648;236;236
C.F.T;3067;C.F.T. SAN AGUSTÍN DE TALCA;2023;14;648;209;209
C.F.T;3067;C.F.T. SAN AGUSTÍN DE TALCA;2022;14;790;139;139
C.F.T;3067;C.F.T. SAN AGUSTÍN DE TALCA;2024;42;2.544;396;396
C.F.T;3067;C.F.T. SAN AGUSTÍN DE TALCA;2023;42;2.445;434;434
C.F.T;3067;C.F.T. SAN AGUSTÍN DE TALCA;2022;20;1.139;508;508
C.F.T;3067;C.F.T. SAN AGUSTÍN DE TALCA;2021;21;1.183;799;799
C.F.T;3067;C.F.T. SAN AGUSTÍN DE TALCA;2020;18;1.030;380;380
C.F.T;3067;C.F.T. SAN AGUSTÍN DE TALCA;2019;17;987;326;326
C.F.T;3067;C.F.T. SAN AGUSTÍN DE TALCA;2018;17;987;378;378
C.F.T;3067;C.F.T. SAN AGUSTÍN DE TALCA;2017;17;952;378;378
C.F.T;3067;C.F.T. SAN AGUSTÍN DE TALCA;2016;13;678;302;302
C.F.T;3067;C.F.T. SAN AGUSTÍN DE TALCA;2015;11;468;165;165
C.F.T;3067;C.F.T. SAN AGUSTÍN DE TALCA;2012;7;260;67;67
C.F.T;3067;C.F.T. SAN AGUSTÍN DE TALCA;2010;2;30;31;31
C.F.T;3067;C.F.T. SAN AGUSTÍN DE TALCA;2009;2;30;31;31
C.F.T;3067;C.F.T. SAN AGUSTÍN DE TALCA;2024;32;2.011;517;517
C.F.T;3067;C.F.T. SAN AGUSTÍN DE TALCA;2023;32;2.011;439;439
C.F.T;3067;C.F.T. SAN AGUSTÍN DE TALCA;2022;29;1.982;609;609
C.F.T;3067;C.F.T. SAN AGUSTÍN DE TALCA;2021;25;1.786;748;748
C.F.T;3067;C.F.T. SAN AGUSTÍN DE TALCA;2020;24;1.626;369;369
C.F.T;3067;C.F.T. SAN AGUSTÍN DE TALCA;2019;24;1.626;334;334
C.F.T;3067;C.F.T. SAN AGUSTÍN DE TALCA;2018;24;1.626;382;382
C.F.T;3067;C.F.T. SAN AGUSTÍN DE TALCA;2017;21;1.244;382;382
C.F.T;3067;C.F.T. SAN AGUSTÍN DE TALCA;2016;22;1.282;376;376
C.F.T;3067;C.F.T. SAN AGUSTÍN DE TALCA;2015;17;1.130;226;226
C.F.T;3067;C.F.T. SAN AGUSTÍN DE TALCA;2014;15;600;270;270
C.F.T;3067;C.F.T. SAN AGUSTÍN DE TALCA;2012;13;600;191;179
C.F.T;3067;C.F.T. SAN AGUSTÍN DE TALCA;2010;10;633;129;129
C.F.T;3067;C.F.T. SAN AGUSTÍN DE TALCA;2009;10;633;129;129
C.F.T;3067;C.F.T. SAN AGUSTÍN DE TALCA;2008;8;440;76;76
C.F.T;3067;C.F.T. SAN AGUSTÍN DE TALCA;2007;8;440;76;76
C.F.T;3067;C.F.T. SAN AGUSTÍN DE TALCA;2006;8;440;76;76
C.F.T;3067;C.F.T. SAN AGUSTÍN DE TALCA;2005;8;440;74;74
C.F.T;3068;C.F.T. PROANDES;2017;4;122;63;63
C.F.T;3068;C.F.T. PROANDES;2016;4;122;63;63
C.F.T;3068;C.F.T. PROANDES;2015;2;120;60;60
C.F.T;3068;C.F.T. PROANDES;2014;2;84;48;48
C.F.T;3068;C.F.T. PROANDES;2010;2;25;35;35
C.F.T;3068;C.F.T. PROANDES;2009;1;25;22;22
C.F.T;3068;C.F.T. PROANDES;2007;1;25;15;15
C.F.T;3068;C.F.T. PROANDES;2017;3;101;32;32
C.F.T;3068;C.F.T. PROANDES;2016;3;101;32;32
C.F.T;3068;C.F.T. PROANDES;2015;1;101;30;30
C.F.T;3068;C.F.T. PROANDES;2014;3;86;31;31
C.F.T;3068;C.F.T. PROANDES;2010;2;62;30;30
C.F.T;3068;C.F.T. PROANDES;2009;2;62;30;30
C.F.T;3068;C.F.T. PROANDES;2007;1;24;15;15
C.F.T;3068;C.F.T. PROANDES;2017;3;143;33;33
C.F.T;3068;C.F.T. PROANDES;2016;3;143;33;33
C.F.T;3068;C.F.T. PROANDES;2015;1;52;30;30
C.F.T;3068;C.F.T. PROANDES;2014;2;144;52;52
C.F.T;3068;C.F.T. PROANDES;2010;1;50;24;24
C.F.T;3068;C.F.T. PROANDES;2009;1;50;24;24
C.F.T;3068;C.F.T. PROANDES;2007;1;50;23;23
C.F.T;3068;C.F.T. PROANDES;2021;14;638;417;417
C.F.T;3068;C.F.T. PROANDES;2020;34;1.473;579;579
C.F.T;3068;C.F.T. PROANDES;2019;16;729;183;183
C.F.T;3068;C.F.T. PROANDES;2018;18;850;160;160
C.F.T;3068;C.F.T. PROANDES;2017;21;872;182;182
C.F.T;3068;C.F.T. PROANDES;2016;15;548;127;127
C.F.T;3068;C.F.T. PROANDES;2015;10;513;84;84
C.F.T;3068;C.F.T. PROANDES;2014;5;258;56;56
C.F.T;3068;C.F.T. PROANDES;2010;1;49;25;25
C.F.T;3068;C.F.T. PROANDES;2021;7;306;101;101
C.F.T;3068;C.F.T. PROANDES;2020;7;306;101;101
C.F.T;3068;C.F.T. PROANDES;2019;7;306;101;101
C.F.T;3068;C.F.T. PROANDES;2018;8;375;96;96
C.F.T;3068;C.F.T. PROANDES;2017;7;350;64;64
C.F.T;3068;C.F.T. PROANDES;2016;8;435;64;64
C.F.T;3068;C.F.T. PROANDES;2015;8;315;60;60
C.F.T;3068;C.F.T. PROANDES;2014;8;315;29;29
C.F.T;3069;C.F.T. U. VALPO.;2020;16;1.057;189;189
C.F.T;3069;C.F.T. U. VALPO.;2019;16;1.057;189;189
C.F.T;3069;C.F.T. U. VALPO.;2018;15;1.043;192;192
C.F.T;3069;C.F.T. U. VALPO.;2017;4;76;124;124
C.F.T;3069;C.F.T. U. VALPO.;2016;4;127;63;63
C.F.T;3069;C.F.T. U. VALPO.;2015;4;154;53;53
C.F.T;3069;C.F.T. U. VALPO.;2013;4;174;40;40
C.F.T;3069;C.F.T. U. VALPO.;2012;4;174;40;40
C.F.T;3069;C.F.T. U. VALPO.;2011;2;93;30;30
C.F.T;3069;C.F.T. U. VALPO.;2010;2;84;30;30
C.F.T;3069;C.F.T. U. VALPO.;2009;3;93;24;24
C.F.T;3070;C.F.T. UDA;2016;10;2.386;35;35
C.F.T;3070;C.F.T. UDA;2015;10;2.386;35;35
C.F.T;3070;C.F.T. UDA;2014;10;2.386;35;35
C.F.T;3070;C.F.T. UDA;2013;10;2.386;35;35
C.F.T;3070;C.F.T. UDA;2012;10;2.386;35;35
C.F.T;3070;C.F.T. UDA;2011;10;2.386;35;35
C.F.T;3070;C.F.T. UDA;2010;10;2.386;35;35
C.F.T;3070;C.F.T. UDA;2009;10;2.125;35;35
C.F.T;3070;C.F.T. UDA;2008;10;2.125;40;40
C.F.T;3070;C.F.T. UDA;2007;10;2.125;40;40
C.F.T;3070;C.F.T. UDA;2006;10;2.125;40;40
C.F.T;3070;C.F.T. UDA;2005;10;2.125;40;40
C.F.T;3070;C.F.T. UDA;2014;3;215;25;25
C.F.T;3070;C.F.T. UDA;2013;3;215;25;25
C.F.T;3070;C.F.T. UDA;2012;3;215;25;25
C.F.T;3070;C.F.T. UDA;2011;3;215;25;25
C.F.T;3070;C.F.T. UDA;2010;3;215;25;25
C.F.T;3071;C.F.T. ACUARIO DATA;2007;7;314;100;100
C.F.T;3071;C.F.T. ACUARIO DATA;2006;9;314;115;115
C.F.T;3072;C.F.T. AQUATECH;2005;3;981;23;23
C.F.T;3073;C.F.T. ESANE DEL NORTE;2022;2;150;30;30
C.F.T;3073;C.F.T. ESANE DEL NORTE;2019;1;s/i;30;30
C.F.T;3073;C.F.T. ESANE DEL NORTE;2015;5;294;50;50
C.F.T;3073;C.F.T. ESANE DEL NORTE;2013;5;294;50;50
C.F.T;3073;C.F.T. ESANE DEL NORTE;2012;6;342;50;50
C.F.T;3073;C.F.T. ESANE DEL NORTE;2010;8;220;61;61
C.F.T;3073;C.F.T. ESANE DEL NORTE;2009;8;342;70;70
C.F.T;3073;C.F.T. ESANE DEL NORTE;2008;8;342;70;70
C.F.T;3073;C.F.T. ESANE DEL NORTE;2007;11;342;78;78
C.F.T;3073;C.F.T. ESANE DEL NORTE;2006;10;329;51;51
C.F.T;3075;C.F.T. UTEM;2011;4;170;86;86
C.F.T;3075;C.F.T. UTEM;2010;4;170;86;86
C.F.T;3075;C.F.T. UTEM;2009;4;170;86;86
C.F.T;3075;C.F.T. UTEM;2008;4;170;86;86
C.F.T;3075;C.F.T. UTEM;2007;4;170;86;86
C.F.T;3076;C.F.T. INSEC;2013;3;106;90;90
C.F.T;3076;C.F.T. INSEC;2012;3;106;90;90
C.F.T;3076;C.F.T. INSEC;2011;3;106;90;90
C.F.T;3076;C.F.T. INSEC;2010;3;106;88;88
C.F.T;3076;C.F.T. INSEC;2009;3;106;84;84
C.F.T;3076;C.F.T. INSEC;2007;4;142;102;102
C.F.T;3076;C.F.T. INSEC;2006;4;142;101;101
C.F.T;3076;C.F.T. INSEC;2005;3;117;87;64
C.F.T;3076;C.F.T. INSEC;2013;4;120;68;68
C.F.T;3076;C.F.T. INSEC;2012;4;120;68;68
C.F.T;3076;C.F.T. INSEC;2011;4;120;68;68
C.F.T;3076;C.F.T. INSEC;2010;4;120;64;64
C.F.T;3076;C.F.T. INSEC;2009;4;120;60;60
C.F.T;3076;C.F.T. INSEC;2007;4;110;60;60
C.F.T;3076;C.F.T. INSEC;2006;4;110;67;59
C.F.T;3076;C.F.T. INSEC;2005;3;96;52;52
C.F.T;3077;C.F.T. ALEMÁN DE VIÑA DEL MAR;2005;1;20;7;7
C.F.T;3078;C.F.T. LOS LAGOS;2022;1;50;32;32
C.F.T;3078;C.F.T. LOS LAGOS;2021;1;50;32;32
C.F.T;3078;C.F.T. LOS LAGOS;2020;1;50;32;32
C.F.T;3078;C.F.T. LOS LAGOS;2019;1;50;32;32
C.F.T;3078;C.F.T. LOS LAGOS;2018;1;50;32;32
C.F.T;3078;C.F.T. LOS LAGOS;2017;1;50;32;32
C.F.T;3078;C.F.T. LOS LAGOS;2016;1;50;66;66
C.F.T;3078;C.F.T. LOS LAGOS;2022;2;50;25;25
C.F.T;3078;C.F.T. LOS LAGOS;2021;1;25;25;25
C.F.T;3078;C.F.T. LOS LAGOS;2020;1;25;25;25
C.F.T;3078;C.F.T. LOS LAGOS;2019;1;25;40;40
C.F.T;3078;C.F.T. LOS LAGOS;2018;1;25;40;40
C.F.T;3078;C.F.T. LOS LAGOS;2017;1;31;39;39
C.F.T;3078;C.F.T. LOS LAGOS;2016;1;34;42;42
C.F.T;3078;C.F.T. LOS LAGOS;2022;2;80;32;32
C.F.T;3078;C.F.T. LOS LAGOS;2021;2;80;32;32
C.F.T;3078;C.F.T. LOS LAGOS;2020;2;80;32;32
C.F.T;3078;C.F.T. LOS LAGOS;2019;2;80;44;44
C.F.T;3078;C.F.T. LOS LAGOS;2018;2;80;44;44
C.F.T;3078;C.F.T. LOS LAGOS;2017;2;40;44;44
C.F.T;3078;C.F.T. LOS LAGOS;2016;3;98;71;71
C.F.T;3078;C.F.T. LOS LAGOS;2022;2;120;63;63
C.F.T;3078;C.F.T. LOS LAGOS;2021;2;120;63;63
C.F.T;3078;C.F.T. LOS LAGOS;2020;2;120;63;63
C.F.T;3078;C.F.T. LOS LAGOS;2019;2;120;63;63
C.F.T;3078;C.F.T. LOS LAGOS;2018;2;120;63;63
C.F.T;3078;C.F.T. LOS LAGOS;2017;3;120;63;63
C.F.T;3078;C.F.T. LOS LAGOS;2016;3;120;98;98
C.F.T;3078;C.F.T. LOS LAGOS;2022;2;60;59;59
C.F.T;3078;C.F.T. LOS LAGOS;2021;3;120;59;59
C.F.T;3078;C.F.T. LOS LAGOS;2020;3;120;59;59
C.F.T;3078;C.F.T. LOS LAGOS;2019;2;60;59;59
C.F.T;3078;C.F.T. LOS LAGOS;2018;2;60;59;59
C.F.T;3078;C.F.T. LOS LAGOS;2017;2;60;59;59
C.F.T;3078;C.F.T. LOS LAGOS;2016;2;60;30;30
C.F.T;3078;C.F.T. LOS LAGOS;2010;1;25;20;20
C.F.T;3078;C.F.T. LOS LAGOS;2009;1;25;18;18
C.F.T;3078;C.F.T. LOS LAGOS;2007;1;25;15;15
C.F.T;3078;C.F.T. LOS LAGOS;2006;1;25;15;15
C.F.T;3078;C.F.T. LOS LAGOS;2005;1;25;12;5
C.F.T;3078;C.F.T. LOS LAGOS;2022;2;96;56;56
C.F.T;3078;C.F.T. LOS LAGOS;2021;2;96;56;56
C.F.T;3078;C.F.T. LOS LAGOS;2020;2;96;56;56
C.F.T;3078;C.F.T. LOS LAGOS;2019;2;96;56;56
C.F.T;3078;C.F.T. LOS LAGOS;2018;2;96;56;56
C.F.T;3078;C.F.T. LOS LAGOS;2017;2;96;56;56
C.F.T;3078;C.F.T. LOS LAGOS;2016;2;118;74;74
C.F.T;3078;C.F.T. LOS LAGOS;2022;5;184;112;112
C.F.T;3078;C.F.T. LOS LAGOS;2021;5;184;112;112
C.F.T;3078;C.F.T. LOS LAGOS;2020;5;184;112;112
C.F.T;3078;C.F.T. LOS LAGOS;2019;5;184;112;112
C.F.T;3078;C.F.T. LOS LAGOS;2018;5;184;112;112
C.F.T;3078;C.F.T. LOS LAGOS;2017;2;102;112;112
C.F.T;3078;C.F.T. LOS LAGOS;2016;4;184;165;165
C.F.T;3078;C.F.T. LOS LAGOS;2022;4;138;75;75
C.F.T;3078;C.F.T. LOS LAGOS;2021;4;138;75;75
C.F.T;3078;C.F.T. LOS LAGOS;2020;4;138;75;75
C.F.T;3078;C.F.T. LOS LAGOS;2019;4;100;73;73
C.F.T;3078;C.F.T. LOS LAGOS;2018;4;100;73;73
C.F.T;3078;C.F.T. LOS LAGOS;2017;3;138;73;73
C.F.T;3078;C.F.T. LOS LAGOS;2016;4;163;121;121
C.F.T;3078;C.F.T. LOS LAGOS;2022;1;47;37;37
C.F.T;3078;C.F.T. LOS LAGOS;2021;1;47;37;37
C.F.T;3078;C.F.T. LOS LAGOS;2020;1;47;37;37
C.F.T;3078;C.F.T. LOS LAGOS;2019;1;47;37;37
C.F.T;3078;C.F.T. LOS LAGOS;2018;1;47;37;37
C.F.T;3078;C.F.T. LOS LAGOS;2017;1;47;37;37
C.F.T;3078;C.F.T. LOS LAGOS;2016;1;47;45;45
C.F.T;3078;C.F.T. LOS LAGOS;2016;3;156;40;40
C.F.T;3079;C.F.T. ESPERANZA JOVEN;2012;1;44;20;20
C.F.T;3079;C.F.T. ESPERANZA JOVEN;2011;1;44;23;23
C.F.T;3079;C.F.T. ESPERANZA JOVEN;2010;1;44;23;23
C.F.T;3079;C.F.T. ESPERANZA JOVEN;2009;1;44;23;23
C.F.T;3079;C.F.T. ESPERANZA JOVEN;2006;1;44;21;21
C.F.T;3079;C.F.T. ESPERANZA JOVEN;2005;1;44;20;20
C.F.T;3080;C.F.T. ESC. ALTOS EST. DE LA COMUNICACIÓN EACE;2005;8;249;10;2
C.F.T;3082;C.F.T. LUIS ALBERTO VERA;2016;4;219;60;60
C.F.T;3082;C.F.T. LUIS ALBERTO VERA;2009;3;152;60;20
C.F.T;3083;C.F.T. CIMA RENGO;2007;2;60;30;30
C.F.T;3083;C.F.T. CIMA RENGO;2005;1;60;14;14
C.F.T;3085;C.F.T. TECCON;2010;2;51;10;10
C.F.T;3085;C.F.T. TECCON;2009;2;s/i;12;s/i
C.F.T;3090;C.F.T. JUAN BOHON;2024;12;1.061;83;83
C.F.T;3090;C.F.T. JUAN BOHON;2023;12;961;67;67
C.F.T;3090;C.F.T. JUAN BOHON;2022;13;961;59;59
C.F.T;3090;C.F.T. JUAN BOHON;2021;13;961;59;59
C.F.T;3090;C.F.T. JUAN BOHON;2020;12;961;63;63
C.F.T;3090;C.F.T. JUAN BOHON;2019;13;961;63;63
C.F.T;3090;C.F.T. JUAN BOHON;2018;12;821;63;63
C.F.T;3090;C.F.T. JUAN BOHON;2017;10;821;63;63
C.F.T;3090;C.F.T. JUAN BOHON;2016;14;1.975;63;63
C.F.T;3090;C.F.T. JUAN BOHON;2015;12;1.975;53;53
C.F.T;3090;C.F.T. JUAN BOHON;2014;12;1.975;53;53
C.F.T;3090;C.F.T. JUAN BOHON;2013;11;1.625;53;53
C.F.T;3090;C.F.T. JUAN BOHON;2012;11;1.275;52;51
C.F.T;3090;C.F.T. JUAN BOHON;2011;11;1.275;52;51
C.F.T;3090;C.F.T. JUAN BOHON;2010;11;1.275;51;50
C.F.T;3090;C.F.T. JUAN BOHON;2009;11;1.275;37;37
C.F.T;3090;C.F.T. JUAN BOHON;2008;11;1.245;36;36
C.F.T;3090;C.F.T. JUAN BOHON;2007;11;1.245;32;32
C.F.T;3090;C.F.T. JUAN BOHON;2006;8;1.245;31;31
C.F.T;3090;C.F.T. JUAN BOHON;2005;5;905;26;26
C.F.T;3091;C.F.T. DE TARAPACÁ;2021;3;779;16;16
C.F.T;3091;C.F.T. DE TARAPACÁ;2020;16;1.163;237;237
C.F.T;3091;C.F.T. DE TARAPACÁ;2019;22;1.612;216;216
C.F.T;3091;C.F.T. DE TARAPACÁ;2018;18;1.224;218;218
C.F.T;3091;C.F.T. DE TARAPACÁ;2017;13;1.106;192;192
C.F.T;3091;C.F.T. DE TARAPACÁ;2016;13;1.307;191;191
C.F.T;3091;C.F.T. DE TARAPACÁ;2015;14;1.050;126;126
C.F.T;3091;C.F.T. DE TARAPACÁ;2014;14;1.050;126;126
C.F.T;3091;C.F.T. DE TARAPACÁ;2013;5;96;125;125
C.F.T;3091;C.F.T. DE TARAPACÁ;2012;5;96;125;125
C.F.T;3091;C.F.T. DE TARAPACÁ;2011;5;96;125;125
C.F.T;3091;C.F.T. DE TARAPACÁ;2010;5;96;125;125
C.F.T;3091;C.F.T. DE TARAPACÁ;2016;2;80;24;24
C.F.T;3091;C.F.T. DE TARAPACÁ;2015;2;80;24;24
C.F.T;3091;C.F.T. DE TARAPACÁ;2014;2;80;24;24
C.F.T;3092;C.F.T. AUSTRAL;2010;3;305;25;25
C.F.T;3092;C.F.T. AUSTRAL;2009;3;140;24;21
C.F.T;3092;C.F.T. AUSTRAL;2008;3;140;25;21
C.F.T;3092;C.F.T. AUSTRAL;2007;4;140;25;21
C.F.T;3092;C.F.T. AUSTRAL;2006;3;140;25;21
C.F.T;3092;C.F.T. AUSTRAL;2005;1;65;20;20
C.F.T;3092;C.F.T. AUSTRAL;2010;4;338;30;30
C.F.T;3092;C.F.T. AUSTRAL;2009;4;338;30;30
C.F.T;3092;C.F.T. AUSTRAL;2008;4;338;30;30
C.F.T;3092;C.F.T. AUSTRAL;2007;4;338;30;30
C.F.T;3092;C.F.T. AUSTRAL;2006;4;338;30;30
C.F.T;3092;C.F.T. AUSTRAL;2005;4;338;30;30
C.F.T;3094;C.F.T. INCOR;2006;1;15;20;20
C.F.T;3094;C.F.T. INCOR;2005;1;15;20;20
C.F.T;3095;C.F.T. LOS FUNDADORES;2010;6;125;15;15
C.F.T;3095;C.F.T. LOS FUNDADORES;2009;6;125;15;15
C.F.T;3095;C.F.T. LOS FUNDADORES;2008;6;125;15;15
C.F.T;3095;C.F.T. LOS FUNDADORES;2005;5;200;15;15
C.F.T;3096;C.F.T. JAVIERA CARRERA;2011;2;120;47;47
C.F.T;3096;C.F.T. JAVIERA CARRERA;2010;2;120;32;37
C.F.T;3096;C.F.T. JAVIERA CARRERA;2009;2;120;32;37
C.F.T;3096;C.F.T. JAVIERA CARRERA;2008;2;58;32;35
C.F.T;3097;C.F.T. SAN ALONSO;2011;1;18;15;15
C.F.T;3097;C.F.T. SAN ALONSO;2010;1;18;15;15
C.F.T;3097;C.F.T. SAN ALONSO;2009;1;18;15;15
C.F.T;3099;C.F.T. TEODORO WICKEL;2024;4;276;40;40
C.F.T;3099;C.F.T. TEODORO WICKEL;2023;3;256;40;40
C.F.T;3099;C.F.T. TEODORO WICKEL;2022;3;256;40;40
C.F.T;3099;C.F.T. TEODORO WICKEL;2021;3;256;40;40
C.F.T;3099;C.F.T. TEODORO WICKEL;2020;3;256;24;24
C.F.T;3099;C.F.T. TEODORO WICKEL;2019;3;256;24;24
C.F.T;3099;C.F.T. TEODORO WICKEL;2018;3;256;24;24
C.F.T;3099;C.F.T. TEODORO WICKEL;2017;3;256;24;24
C.F.T;3099;C.F.T. TEODORO WICKEL;2016;3;256;24;24
C.F.T;3099;C.F.T. TEODORO WICKEL;2015;3;256;24;24
C.F.T;3099;C.F.T. TEODORO WICKEL;2014;3;320;25;25
C.F.T;3099;C.F.T. TEODORO WICKEL;2013;1;72;25;25
C.F.T;3099;C.F.T. TEODORO WICKEL;2024;11;330;75;75
C.F.T;3099;C.F.T. TEODORO WICKEL;2023;9;290;75;75
C.F.T;3099;C.F.T. TEODORO WICKEL;2022;8;290;75;75
C.F.T;3099;C.F.T. TEODORO WICKEL;2021;8;290;75;75
C.F.T;3099;C.F.T. TEODORO WICKEL;2020;7;263;57;57
C.F.T;3099;C.F.T. TEODORO WICKEL;2019;7;263;57;57
C.F.T;3099;C.F.T. TEODORO WICKEL;2018;6;200;57;57
C.F.T;3099;C.F.T. TEODORO WICKEL;2017;6;200;57;57
C.F.T;3099;C.F.T. TEODORO WICKEL;2016;6;200;57;57
C.F.T;3099;C.F.T. TEODORO WICKEL;2015;6;200;57;57
C.F.T;3099;C.F.T. TEODORO WICKEL;2014;6;212;69;69
C.F.T;3099;C.F.T. TEODORO WICKEL;2013;s/i;s/i;63;63
C.F.T;3099;C.F.T. TEODORO WICKEL;2012;6;212;43;33
C.F.T;3099;C.F.T. TEODORO WICKEL;2011;3;120;33;33
C.F.T;3099;C.F.T. TEODORO WICKEL;2010;3;120;33;33
C.F.T;3099;C.F.T. TEODORO WICKEL;2006;1;40;12;12
C.F.T;3099;C.F.T. TEODORO WICKEL;2005;1;24;20;20
C.F.T;3100;C.F.T. ALFA;2019;1;24;12;12
C.F.T;3100;C.F.T. ALFA;2018;1;24;12;12
C.F.T;3100;C.F.T. ALFA;2017;1;24;12;12
C.F.T;3100;C.F.T. ALFA;2016;1;24;11;11
C.F.T;3100;C.F.T. ALFA;2015;2;105;16;15
C.F.T;3100;C.F.T. ALFA;2014;2;30;13;5
C.F.T;3106;C.F.T. MAGNOS;2015;2;92;12;12
C.F.T;3106;C.F.T. MAGNOS;2014;8;338;92;92
C.F.T;3106;C.F.T. MAGNOS;2013;8;338;92;92
C.F.T;3106;C.F.T. MAGNOS;2012;8;273;92;92
C.F.T;3106;C.F.T. MAGNOS;2011;8;273;80;80
C.F.T;3106;C.F.T. MAGNOS;2010;8;273;80;80
C.F.T;3106;C.F.T. MAGNOS;2009;9;381;87;100
C.F.T;3106;C.F.T. MAGNOS;2008;8;296;103;118
C.F.T;3106;C.F.T. MAGNOS;2007;2;58;35;35
C.F.T;3106;C.F.T. MAGNOS;2006;2;58;35;35
C.F.T;3106;C.F.T. MAGNOS;2015;2;66;20;20
C.F.T;3106;C.F.T. MAGNOS;2014;2;66;20;20
C.F.T;3106;C.F.T. MAGNOS;2013;2;66;20;20
C.F.T;3106;C.F.T. MAGNOS;2012;2;66;20;20
C.F.T;3109;C.F.T. INSTITUTO SUPERIOR ALEMÁN DE COMERCIO INSALCO;2024;1;59;10;10
C.F.T;3109;C.F.T. INSTITUTO SUPERIOR ALEMÁN DE COMERCIO INSALCO;2023;1;59;13;13
C.F.T;3109;C.F.T. INSTITUTO SUPERIOR ALEMÁN DE COMERCIO INSALCO;2022;1;59;14;14
C.F.T;3109;C.F.T. INSTITUTO SUPERIOR ALEMÁN DE COMERCIO INSALCO;2021;1;59;14;14
C.F.T;3109;C.F.T. INSTITUTO SUPERIOR ALEMÁN DE COMERCIO INSALCO;2020;1;59;14;20
C.F.T;3109;C.F.T. INSTITUTO SUPERIOR ALEMÁN DE COMERCIO INSALCO;2019;1;59;20;20
C.F.T;3109;C.F.T. INSTITUTO SUPERIOR ALEMÁN DE COMERCIO INSALCO;2018;1;59;20;20
C.F.T;3109;C.F.T. INSTITUTO SUPERIOR ALEMÁN DE COMERCIO INSALCO;2017;1;59;20;20
C.F.T;3109;C.F.T. INSTITUTO SUPERIOR ALEMÁN DE COMERCIO INSALCO;2016;1;59;20;20
C.F.T;3109;C.F.T. INSTITUTO SUPERIOR ALEMÁN DE COMERCIO INSALCO;2015;1;59;20;20
C.F.T;3109;C.F.T. INSTITUTO SUPERIOR ALEMÁN DE COMERCIO INSALCO;2014;1;59;20;20
C.F.T;3109;C.F.T. INSTITUTO SUPERIOR ALEMÁN DE COMERCIO INSALCO;2013;1;59;20;20
C.F.T;3109;C.F.T. INSTITUTO SUPERIOR ALEMÁN DE COMERCIO INSALCO;2012;1;59;20;20
C.F.T;3109;C.F.T. INSTITUTO SUPERIOR ALEMÁN DE COMERCIO INSALCO;2011;1;59;20;20
C.F.T;3109;C.F.T. INSTITUTO SUPERIOR ALEMÁN DE COMERCIO INSALCO;2010;1;59;20;20
C.F.T;3109;C.F.T. INSTITUTO SUPERIOR ALEMÁN DE COMERCIO INSALCO;2009;1;59;20;20
C.F.T;3110;C.F.T. MASSACHUSETTS;2021;3;86;17;17
C.F.T;3110;C.F.T. MASSACHUSETTS;2020;3;86;17;17
C.F.T;3110;C.F.T. MASSACHUSETTS;2019;3;86;17;17
C.F.T;3110;C.F.T. MASSACHUSETTS;2018;3;86;17;17
C.F.T;3110;C.F.T. MASSACHUSETTS;2017;3;86;17;17
C.F.T;3110;C.F.T. MASSACHUSETTS;2016;3;86;17;17
C.F.T;3110;C.F.T. MASSACHUSETTS;2015;3;86;17;17
C.F.T;3110;C.F.T. MASSACHUSETTS;2014;3;110;20;20
C.F.T;3110;C.F.T. MASSACHUSETTS;2013;3;110;20;20
C.F.T;3110;C.F.T. MASSACHUSETTS;2021;4;173;14;14
C.F.T;3110;C.F.T. MASSACHUSETTS;2020;4;173;14;14
C.F.T;3110;C.F.T. MASSACHUSETTS;2019;4;173;14;14
C.F.T;3110;C.F.T. MASSACHUSETTS;2018;4;173;14;14
C.F.T;3110;C.F.T. MASSACHUSETTS;2017;4;173;14;14
C.F.T;3110;C.F.T. MASSACHUSETTS;2016;4;173;14;14
C.F.T;3110;C.F.T. MASSACHUSETTS;2015;4;173;14;14
C.F.T;3110;C.F.T. MASSACHUSETTS;2014;3;128;14;14
C.F.T;3110;C.F.T. MASSACHUSETTS;2013;3;128;14;14
C.F.T;3110;C.F.T. MASSACHUSETTS;2012;1;42;14;14
C.F.T;3110;C.F.T. MASSACHUSETTS;2011;1;42;14;14
C.F.T;3110;C.F.T. MASSACHUSETTS;2008;4;146;19;19
C.F.T;3111;C.F.T. PRODATA;2012;2;60;18;21
C.F.T;3111;C.F.T. PRODATA;2012;3;110;31;31
C.F.T;3111;C.F.T. PRODATA;2009;3;110;35;35
C.F.T;3112;C.F.T. PROFASOC;2021;4;148;35;35
C.F.T;3112;C.F.T. PROFASOC;2020;4;148;28;28
C.F.T;3112;C.F.T. PROFASOC;2019;4;148;20;20
C.F.T;3112;C.F.T. PROFASOC;2018;4;148;20;20
C.F.T;3112;C.F.T. PROFASOC;2017;4;148;20;20
C.F.T;3112;C.F.T. PROFASOC;2016;4;148;20;20
C.F.T;3112;C.F.T. PROFASOC;2015;4;148;20;20
C.F.T;3112;C.F.T. PROFASOC;2014;4;148;20;20
C.F.T;3112;C.F.T. PROFASOC;2013;4;148;20;20
C.F.T;3112;C.F.T. PROFASOC;2012;4;148;20;20
C.F.T;3112;C.F.T. PROFASOC;2011;4;148;20;20
C.F.T;3112;C.F.T. PROFASOC;2010;2;65;20;20
C.F.T;3112;C.F.T. PROFASOC;2009;2;45;15;15
C.F.T;3112;C.F.T. PROFASOC;2008;2;45;12;12
C.F.T;3112;C.F.T. PROFASOC;2007;2;45;8;8
C.F.T;3112;C.F.T. PROFASOC;2006;2;45;8;8
C.F.T;3118;C.F.T. MANPOWER;2013;1;37;17;17
C.F.T;3118;C.F.T. MANPOWER;2012;1;37;25;25
C.F.T;3118;C.F.T. MANPOWER;2011;1;25;25;25
C.F.T;3118;C.F.T. MANPOWER;2010;1;30;27;27
C.F.T;3118;C.F.T. MANPOWER;2009;1;30;15;15
C.F.T;3118;C.F.T. MANPOWER;2024;4;s/i;122;122
C.F.T;3118;C.F.T. MANPOWER;2023;5;214;120;120
C.F.T;3118;C.F.T. MANPOWER;2022;5;220;192;192
C.F.T;3118;C.F.T. MANPOWER;2021;5;220;192;192
C.F.T;3118;C.F.T. MANPOWER;2020;5;s/i;192;192
C.F.T;3118;C.F.T. MANPOWER;2019;5;220;192;192
C.F.T;3118;C.F.T. MANPOWER;2018;4;175;126;126
C.F.T;3118;C.F.T. MANPOWER;2017;4;175;126;126
C.F.T;3118;C.F.T. MANPOWER;2016;4;175;126;126
C.F.T;3118;C.F.T. MANPOWER;2015;7;320;221;221
C.F.T;3118;C.F.T. MANPOWER;2014;7;320;221;221
C.F.T;3118;C.F.T. MANPOWER;2013;7;320;221;221
C.F.T;3118;C.F.T. MANPOWER;2012;7;320;221;221
C.F.T;3118;C.F.T. MANPOWER;2011;7;280;210;217
C.F.T;3118;C.F.T. MANPOWER;2010;7;280;210;210
C.F.T;3118;C.F.T. MANPOWER;2009;7;280;210;210
C.F.T;3121;C.F.T. ESCUELA CULINARIA FRANCESA;2024;5;471;5;5
C.F.T;3121;C.F.T. ESCUELA CULINARIA FRANCESA;2023;5;471;4;4
C.F.T;3121;C.F.T. ESCUELA CULINARIA FRANCESA;2022;5;471;4;4
C.F.T;3121;C.F.T. ESCUELA CULINARIA FRANCESA;2021;5;471;4;4
C.F.T;3121;C.F.T. ESCUELA CULINARIA FRANCESA;2020;4;407;4;4
C.F.T;3121;C.F.T. ESCUELA CULINARIA FRANCESA;2019;4;407;4;4
C.F.T;3121;C.F.T. ESCUELA CULINARIA FRANCESA;2018;3;315;7;7
C.F.T;3121;C.F.T. ESCUELA CULINARIA FRANCESA;2017;3;315;7;7
C.F.T;3121;C.F.T. ESCUELA CULINARIA FRANCESA;2015;3;315;4;4
C.F.T;3121;C.F.T. ESCUELA CULINARIA FRANCESA;2014;3;235;4;4
C.F.T;3121;C.F.T. ESCUELA CULINARIA FRANCESA;2013;3;235;4;4
C.F.T;3121;C.F.T. ESCUELA CULINARIA FRANCESA;2012;3;235;4;4
C.F.T;3121;C.F.T. ESCUELA CULINARIA FRANCESA;2011;2;161;4;4
C.F.T;3121;C.F.T. ESCUELA CULINARIA FRANCESA;2010;2;161;4;4
C.F.T;3122;C.F.T. FINNING;2018;11;1.041;63;63
C.F.T;3122;C.F.T. FINNING;2017;11;1.041;63;63
C.F.T;3122;C.F.T. FINNING;2016;11;1.041;70;70
C.F.T;3122;C.F.T. FINNING;2015;11;1.041;110;110
C.F.T;3122;C.F.T. FINNING;2014;11;1.041;110;110
C.F.T;3122;C.F.T. FINNING;2018;3;358;20;20
C.F.T;3122;C.F.T. FINNING;2017;3;358;20;20
C.F.T;3122;C.F.T. FINNING;2016;3;358;20;20
C.F.T;3122;C.F.T. FINNING;2015;3;358;20;20
C.F.T;3122;C.F.T. FINNING;2014;3;358;20;20
C.F.T;3123;C.F.T. ESTATAL DEL MAULE;2024;8;809;336;336
C.F.T;3123;C.F.T. ESTATAL DEL MAULE;2023;8;809;336;336
C.F.T;3123;C.F.T. ESTATAL DEL MAULE;2021;5;536;110;110
C.F.T;3123;C.F.T. ESTATAL DEL MAULE;2020;5;536;110;110
C.F.T;3123;C.F.T. ESTATAL DEL MAULE;2019;5;536;110;110
C.F.T;3124;C.F.T. ESTATAL DE LA ARAUCANÍA;2024;4;234;130;130
C.F.T;3124;C.F.T. ESTATAL DE LA ARAUCANÍA;2023;4;240;55;55
C.F.T;3124;C.F.T. ESTATAL DE LA ARAUCANÍA;2024;6;443;131;131
C.F.T;3124;C.F.T. ESTATAL DE LA ARAUCANÍA;2023;5;358;124;124
C.F.T;3124;C.F.T. ESTATAL DE LA ARAUCANÍA;2022;4;270;130;130
C.F.T;3124;C.F.T. ESTATAL DE LA ARAUCANÍA;2021;4;270;130;130
C.F.T;3124;C.F.T. ESTATAL DE LA ARAUCANÍA;2020;2;102;96;96
C.F.T;3124;C.F.T. ESTATAL DE LA ARAUCANÍA;2019;2;101;96;96
C.F.T;3124;C.F.T. ESTATAL DE LA ARAUCANÍA;2024;2;70;30;30
C.F.T;3124;C.F.T. ESTATAL DE LA ARAUCANÍA;2023;1;70;30;30
C.F.T;3125;C.F.T. ESTATAL DE LOS LAGOS;2024;3;500;103;103
C.F.T;3125;C.F.T. ESTATAL DE LOS LAGOS;2023;1;500;89;89
C.F.T;3125;C.F.T. ESTATAL DE LOS LAGOS;2022;s/i;s/i;91;91
C.F.T;3125;C.F.T. ESTATAL DE LOS LAGOS;2021;s/i;s/i;54;54
C.F.T;3125;C.F.T. ESTATAL DE LOS LAGOS;2020;s/i;s/i;41;s/i
C.F.T;3125;C.F.T. ESTATAL DE LOS LAGOS;2019;2;600;25;25
C.F.T;3126;C.F.T. ESTATAL DE COQUIMBO;2024;1;77;4;4
C.F.T;3126;C.F.T. ESTATAL DE COQUIMBO;2022;5;s/i;40;40
C.F.T;3126;C.F.T. ESTATAL DE COQUIMBO;2024;5;137;30;70
C.F.T;3126;C.F.T. ESTATAL DE COQUIMBO;2023;5;137;30;70
C.F.T;3126;C.F.T. ESTATAL DE COQUIMBO;2021;4;82;30;60
C.F.T;3126;C.F.T. ESTATAL DE COQUIMBO;2020;4;82;30;60
C.F.T;3126;C.F.T. ESTATAL DE COQUIMBO;2019;4;82;30;60
C.F.T;3127;C.F.T. ESTATAL DE TARAPACÁ;2024;4;s/i;240;240
C.F.T;3127;C.F.T. ESTATAL DE TARAPACÁ;2023;4;s/i;150;150
C.F.T;3127;C.F.T. ESTATAL DE TARAPACÁ;2022;4;276;90;90
C.F.T;3127;C.F.T. ESTATAL DE TARAPACÁ;2020;3;176;95;95
C.F.T;3128;C.F.T. ESTATAL DE LOS RÍOS;2024;4;226;50;50
C.F.T;3128;C.F.T. ESTATAL DE LOS RÍOS;2023;4;226;64;64
C.F.T;3128;C.F.T. ESTATAL DE LOS RÍOS;2022;2;118;s/i;s/i
C.F.T;3128;C.F.T. ESTATAL DE LOS RÍOS;2021;4;350;35;35
C.F.T;3128;C.F.T. ESTATAL DE LOS RÍOS;2020;2;120;40;40
C.F.T;3128;C.F.T. ESTATAL DE LOS RÍOS;2024;3;150;50;50
C.F.T;3128;C.F.T. ESTATAL DE LOS RÍOS;2023;3;150;35;35
C.F.T;3128;C.F.T. ESTATAL DE LOS RÍOS;2022;1;102;s/i;s/i
C.F.T;3128;C.F.T. ESTATAL DE LOS RÍOS;2024;2;75;40;40
C.F.T;3128;C.F.T. ESTATAL DE LOS RÍOS;2023;2;75;40;40
C.F.T;3128;C.F.T. ESTATAL DE LOS RÍOS;2022;1;43;s/i;s/i
C.F.T;3128;C.F.T. ESTATAL DE LOS RÍOS;2021;1;36;20;20
C.F.T;3128;C.F.T. ESTATAL DE LOS RÍOS;2024;s/i;s/i;50;50
C.F.T;3129;C.F.T. ESTATAL DE VALPARAÍSO;2024;2;s/i;24;24
C.F.T;3129;C.F.T. ESTATAL DE VALPARAÍSO;2023;2;s/i;50;50
C.F.T;3129;C.F.T. ESTATAL DE VALPARAÍSO;2022;2;s/i;50;50
C.F.T;3129;C.F.T. ESTATAL DE VALPARAÍSO;2021;1;s/i;25;25
C.F.T;3129;C.F.T. ESTATAL DE VALPARAÍSO;2024;9;776;113;113
C.F.T;3129;C.F.T. ESTATAL DE VALPARAÍSO;2023;8;s/i;101;101
C.F.T;3129;C.F.T. ESTATAL DE VALPARAÍSO;2022;5;260;26;26
C.F.T;3129;C.F.T. ESTATAL DE VALPARAÍSO;2021;5;260;26;26
C.F.T;3129;C.F.T. ESTATAL DE VALPARAÍSO;2020;5;260;25;25
C.F.T;3129;C.F.T. ESTATAL DE VALPARAÍSO;2024;4;195;137;137
C.F.T;3129;C.F.T. ESTATAL DE VALPARAÍSO;2023;4;195;75;75
C.F.T;3129;C.F.T. ESTATAL DE VALPARAÍSO;2022;4;195;52;52
C.F.T;3129;C.F.T. ESTATAL DE VALPARAÍSO;2021;4;150;30;30
C.F.T;3129;C.F.T. ESTATAL DE VALPARAÍSO;2020;2;150;30;30
C.F.T;3130;C.F.T. ESTATAL  METROPOLITANO;2023;6;279;129;129
C.F.T;3130;C.F.T. ESTATAL  METROPOLITANO;2022;6;350;90;90
C.F.T;3130;C.F.T. ESTATAL  METROPOLITANO;2021;4;240;40;40
C.F.T;3130;C.F.T. ESTATAL  METROPOLITANO;2020;2;120;40;40
C.F.T;3131;C.F.T. ESTATAL DE MAGALLANES;2024;4;339;25;25
C.F.T;3131;C.F.T. ESTATAL DE MAGALLANES;2023;5;1.092;48;48
C.F.T;3131;C.F.T. ESTATAL DE MAGALLANES;2022;4;292;49;24
C.F.T;3131;C.F.T. ESTATAL DE MAGALLANES;2021;3;321;20;20
C.F.T;3131;C.F.T. ESTATAL DE MAGALLANES;2020;1;52;24;25
C.F.T;3132;C.F.T. ESTATAL DE ARICA Y PARINACOTA;2024;34;21.100;280;280
C.F.T;3132;C.F.T. ESTATAL DE ARICA Y PARINACOTA;2023;25;20.609;175;175
C.F.T;3132;C.F.T. ESTATAL DE ARICA Y PARINACOTA;2022;27;17.248;200;120
C.F.T;3133;C.F.T. ESTATAL DE ANTOFAGASTA;2024;5;452;57;57
C.F.T;3133;C.F.T. ESTATAL DE ANTOFAGASTA;2023;4;225;57;57
C.F.T;3133;C.F.T. ESTATAL DE ANTOFAGASTA;2022;s/i;s/i;57;57
C.F.T;3133;C.F.T. ESTATAL DE ANTOFAGASTA;2021;s/i;s/i;30;30
C.F.T;3134;C.F.T. ESTATAL DE ATACAMA;2024;3;160;s/i;s/i
C.F.T;3134;C.F.T. ESTATAL DE ATACAMA;2023;1;47;25;25
C.F.T;3134;C.F.T. ESTATAL DE ATACAMA;2022;1;47;25;25
C.F.T;3134;C.F.T. ESTATAL DE ATACAMA;2021;1;47;25;25
C.F.T;3135;C.F.T. ESTATAL DE O HIGGINS;2024;1;60;35;35
C.F.T;3135;C.F.T. ESTATAL DE O HIGGINS;2023;1;50;36;36
C.F.T;3135;C.F.T. ESTATAL DE O HIGGINS;2024;1;162;35;35
C.F.T;3135;C.F.T. ESTATAL DE O HIGGINS;2024;3;168;36;36
C.F.T;3135;C.F.T. ESTATAL DE O HIGGINS;2023;3;251;35;35
C.F.T;3135;C.F.T. ESTATAL DE O HIGGINS;2022;1;40;23;23
C.F.T;3136;C.F.T. ESTATAL DEL BÍO BÍO;2024;4;s/i;23;50
C.F.T;3136;C.F.T. ESTATAL DEL BÍO BÍO;2023;4;s/i;23;50
C.F.T;3136;C.F.T. ESTATAL DEL BÍO BÍO;2022;s/i;s/i;23;25
F.F.A.A.;4011;ACADEMIA NAC. EST. POLÍTICOS Y ESTRATÉGICOS ANEPE;2024;7;298;15;15
F.F.A.A.;4011;ACADEMIA NAC. EST. POLÍTICOS Y ESTRATÉGICOS ANEPE;2023;7;298;15;15
F.F.A.A.;4011;ACADEMIA NAC. EST. POLÍTICOS Y ESTRATÉGICOS ANEPE;2022;7;298;15;15
F.F.A.A.;4011;ACADEMIA NAC. EST. POLÍTICOS Y ESTRATÉGICOS ANEPE;2021;7;3.990;15;15
F.F.A.A.;4011;ACADEMIA NAC. EST. POLÍTICOS Y ESTRATÉGICOS ANEPE;2020;7;3.990;7;7
F.F.A.A.;4011;ACADEMIA NAC. EST. POLÍTICOS Y ESTRATÉGICOS ANEPE;2019;7;3.990;7;7
F.F.A.A.;4011;ACADEMIA NAC. EST. POLÍTICOS Y ESTRATÉGICOS ANEPE;2018;7;3.990;7;7
F.F.A.A.;4011;ACADEMIA NAC. EST. POLÍTICOS Y ESTRATÉGICOS ANEPE;2017;7;3.990;7;7
F.F.A.A.;4011;ACADEMIA NAC. EST. POLÍTICOS Y ESTRATÉGICOS ANEPE;2016;7;3.990;7;7
F.F.A.A.;4011;ACADEMIA NAC. EST. POLÍTICOS Y ESTRATÉGICOS ANEPE;2015;7;3.990;7;7
F.F.A.A.;4011;ACADEMIA NAC. EST. POLÍTICOS Y ESTRATÉGICOS ANEPE;2014;7;3.990;7;7
F.F.A.A.;4011;ACADEMIA NAC. EST. POLÍTICOS Y ESTRATÉGICOS ANEPE;2012;7;3.990;7;7
F.F.A.A.;4011;ACADEMIA NAC. EST. POLÍTICOS Y ESTRATÉGICOS ANEPE;2011;7;3.990;7;7
F.F.A.A.;4011;ACADEMIA NAC. EST. POLÍTICOS Y ESTRATÉGICOS ANEPE;2010;7;3.990;7;7
F.F.A.A.;4011;ACADEMIA NAC. EST. POLÍTICOS Y ESTRATÉGICOS ANEPE;2009;7;3.990;7;7
F.F.A.A.;4021;ACADEMIA DE GUERRA DEL EJÉRCITO;2022;2;800;52;s/i
F.F.A.A.;4021;ACADEMIA DE GUERRA DEL EJÉRCITO;2013;3;280;94;47
F.F.A.A.;4021;ACADEMIA DE GUERRA DEL EJÉRCITO;2012;3;280;94;47
F.F.A.A.;4021;ACADEMIA DE GUERRA DEL EJÉRCITO;2008;1;180;16;4
F.F.A.A.;4021;ACADEMIA DE GUERRA DEL EJÉRCITO;2007;1;180;16;4
F.F.A.A.;4022;ESCUELA MILITAR DEL GENERAL BERNARDO O'HIGGINS;2024;33;1.959;49;49
F.F.A.A.;4022;ESCUELA MILITAR DEL GENERAL BERNARDO O'HIGGINS;2023;33;1.959;49;49
F.F.A.A.;4022;ESCUELA MILITAR DEL GENERAL BERNARDO O'HIGGINS;2022;32;1.959;98;98
F.F.A.A.;4022;ESCUELA MILITAR DEL GENERAL BERNARDO O'HIGGINS;2021;31;1.855;115;115
F.F.A.A.;4022;ESCUELA MILITAR DEL GENERAL BERNARDO O'HIGGINS;2020;27;1.450;115;115
F.F.A.A.;4022;ESCUELA MILITAR DEL GENERAL BERNARDO O'HIGGINS;2019;15;675;115;115
F.F.A.A.;4022;ESCUELA MILITAR DEL GENERAL BERNARDO O'HIGGINS;2017;13;s/i;110;110
F.F.A.A.;4022;ESCUELA MILITAR DEL GENERAL BERNARDO O'HIGGINS;2013;10;3.600;107;107
F.F.A.A.;4022;ESCUELA MILITAR DEL GENERAL BERNARDO O'HIGGINS;2012;8;558;93;93
F.F.A.A.;4022;ESCUELA MILITAR DEL GENERAL BERNARDO O'HIGGINS;2011;4;408;92;92
F.F.A.A.;4022;ESCUELA MILITAR DEL GENERAL BERNARDO O'HIGGINS;2010;4;408;92;92
F.F.A.A.;4022;ESCUELA MILITAR DEL GENERAL BERNARDO O'HIGGINS;2009;4;408;90;90
F.F.A.A.;4022;ESCUELA MILITAR DEL GENERAL BERNARDO O'HIGGINS;2008;4;408;90;90
F.F.A.A.;4022;ESCUELA MILITAR DEL GENERAL BERNARDO O'HIGGINS;2007;4;408;90;90
F.F.A.A.;4022;ESCUELA MILITAR DEL GENERAL BERNARDO O'HIGGINS;2006;4;408;90;90
F.F.A.A.;4023;ACADEMIA POLITÉCNICA MILITAR;2011;3;166;52;52
F.F.A.A.;4023;ACADEMIA POLITÉCNICA MILITAR;2010;3;166;52;52
F.F.A.A.;4023;ACADEMIA POLITÉCNICA MILITAR;2009;3;166;52;52
F.F.A.A.;4023;ACADEMIA POLITÉCNICA MILITAR;2008;3;166;52;52
F.F.A.A.;4023;ACADEMIA POLITÉCNICA MILITAR;2007;3;166;52;52
F.F.A.A.;4023;ACADEMIA POLITÉCNICA MILITAR;2006;3;166;43;30
F.F.A.A.;4023;ACADEMIA POLITÉCNICA MILITAR;2005;5;195;32;30
F.F.A.A.;4031;ACADEMIA DE GUERRA NAVAL;2022;4;456;33;33
F.F.A.A.;4032;ESCUELA NAVAL ARTURO PRAT;2024;29;6.529;129;129
F.F.A.A.;4032;ESCUELA NAVAL ARTURO PRAT;2023;29;6.529;129;129
F.F.A.A.;4032;ESCUELA NAVAL ARTURO PRAT;2022;29;6.529;129;129
F.F.A.A.;4032;ESCUELA NAVAL ARTURO PRAT;2021;29;6.529;129;129
F.F.A.A.;4032;ESCUELA NAVAL ARTURO PRAT;2020;29;6.529;129;129
F.F.A.A.;4032;ESCUELA NAVAL ARTURO PRAT;2019;29;6.529;129;129
F.F.A.A.;4032;ESCUELA NAVAL ARTURO PRAT;2018;29;6.529;129;129
F.F.A.A.;4032;ESCUELA NAVAL ARTURO PRAT;2017;29;6.529;129;129
F.F.A.A.;4032;ESCUELA NAVAL ARTURO PRAT;2016;29;6.529;129;129
F.F.A.A.;4032;ESCUELA NAVAL ARTURO PRAT;2015;29;6.529;129;129
F.F.A.A.;4032;ESCUELA NAVAL ARTURO PRAT;2014;28;6.529;109;129
F.F.A.A.;4032;ESCUELA NAVAL ARTURO PRAT;2013;28;6.529;109;109
F.F.A.A.;4032;ESCUELA NAVAL ARTURO PRAT;2012;28;6.529;109;109
F.F.A.A.;4032;ESCUELA NAVAL ARTURO PRAT;2011;24;6.592;99;99
F.F.A.A.;4032;ESCUELA NAVAL ARTURO PRAT;2010;24;6.529;83;83
F.F.A.A.;4032;ESCUELA NAVAL ARTURO PRAT;2009;24;6.529;83;83
F.F.A.A.;4032;ESCUELA NAVAL ARTURO PRAT;2007;24;6.529;81;81
F.F.A.A.;4032;ESCUELA NAVAL ARTURO PRAT;2006;11;2.000;80;80
F.F.A.A.;4033;ACADEMIA POLITÉCNICA NAVAL;2023;46;4.264;428;993
F.F.A.A.;4033;ACADEMIA POLITÉCNICA NAVAL;2022;48;4.230;346;229
F.F.A.A.;4033;ACADEMIA POLITÉCNICA NAVAL;2021;46;4.264;533;533
F.F.A.A.;4033;ACADEMIA POLITÉCNICA NAVAL;2020;47;3.286;482;482
F.F.A.A.;4033;ACADEMIA POLITÉCNICA NAVAL;2019;47;3.286;482;482
F.F.A.A.;4033;ACADEMIA POLITÉCNICA NAVAL;2018;47;3.286;482;482
F.F.A.A.;4033;ACADEMIA POLITÉCNICA NAVAL;2017;47;3.286;463;424
F.F.A.A.;4033;ACADEMIA POLITÉCNICA NAVAL;2016;40;3.234;456;416
F.F.A.A.;4033;ACADEMIA POLITÉCNICA NAVAL;2015;43;2.948;140;100
F.F.A.A.;4033;ACADEMIA POLITÉCNICA NAVAL;2014;44;3.154;146;100
F.F.A.A.;4033;ACADEMIA POLITÉCNICA NAVAL;2013;46;3.200;167;167
F.F.A.A.;4033;ACADEMIA POLITÉCNICA NAVAL;2012;46;3.200;167;167
F.F.A.A.;4033;ACADEMIA POLITÉCNICA NAVAL;2011;48;4.508;300;50
F.F.A.A.;4033;ACADEMIA POLITÉCNICA NAVAL;2010;48;4.508;300;50
F.F.A.A.;4033;ACADEMIA POLITÉCNICA NAVAL;2009;51;4.508;300;35
F.F.A.A.;4033;ACADEMIA POLITÉCNICA NAVAL;2007;51;29.400;300;35
F.F.A.A.;4034;ESC. DE GRUMETES ALEJANDRO NAVARRETE CISTERNA;2024;3;121;95;95
F.F.A.A.;4034;ESC. DE GRUMETES ALEJANDRO NAVARRETE CISTERNA;2023;3;121;95;95
F.F.A.A.;4034;ESC. DE GRUMETES ALEJANDRO NAVARRETE CISTERNA;2022;3;121;95;95
F.F.A.A.;4034;ESC. DE GRUMETES ALEJANDRO NAVARRETE CISTERNA;2021;3;121;95;95
F.F.A.A.;4034;ESC. DE GRUMETES ALEJANDRO NAVARRETE CISTERNA;2020;3;121;95;95
F.F.A.A.;4034;ESC. DE GRUMETES ALEJANDRO NAVARRETE CISTERNA;2019;2;100;63;55
F.F.A.A.;4034;ESC. DE GRUMETES ALEJANDRO NAVARRETE CISTERNA;2018;2;100;38;30
F.F.A.A.;4034;ESC. DE GRUMETES ALEJANDRO NAVARRETE CISTERNA;2017;2;100;38;30
F.F.A.A.;4034;ESC. DE GRUMETES ALEJANDRO NAVARRETE CISTERNA;2016;5;250;18;18
F.F.A.A.;4034;ESC. DE GRUMETES ALEJANDRO NAVARRETE CISTERNA;2013;8;433;115;60
F.F.A.A.;4034;ESC. DE GRUMETES ALEJANDRO NAVARRETE CISTERNA;2012;4;412;161;20
F.F.A.A.;4034;ESC. DE GRUMETES ALEJANDRO NAVARRETE CISTERNA;2011;4;412;157;20
F.F.A.A.;4034;ESC. DE GRUMETES ALEJANDRO NAVARRETE CISTERNA;2010;4;412;1;31
F.F.A.A.;4034;ESC. DE GRUMETES ALEJANDRO NAVARRETE CISTERNA;2009;4;412;1;31
F.F.A.A.;4034;ESC. DE GRUMETES ALEJANDRO NAVARRETE CISTERNA;2008;5;226;90;30
F.F.A.A.;4034;ESC. DE GRUMETES ALEJANDRO NAVARRETE CISTERNA;2007;6;277;49;49
F.F.A.A.;4034;ESC. DE GRUMETES ALEJANDRO NAVARRETE CISTERNA;2006;7;312;110;58
F.F.A.A.;4034;ESC. DE GRUMETES ALEJANDRO NAVARRETE CISTERNA;2005;6;277;88;26
F.F.A.A.;4041;ESCUELA DE AVIACIÓN;2024;4;843;64;43
F.F.A.A.;4041;ESCUELA DE AVIACIÓN;2023;4;843;64;43
F.F.A.A.;4041;ESCUELA DE AVIACIÓN;2022;4;843;64;43
F.F.A.A.;4041;ESCUELA DE AVIACIÓN;2021;4;843;64;43
F.F.A.A.;4041;ESCUELA DE AVIACIÓN;2020;4;843;64;43
F.F.A.A.;4041;ESCUELA DE AVIACIÓN;2019;4;843;64;43
F.F.A.A.;4041;ESCUELA DE AVIACIÓN;2018;4;843;64;43
F.F.A.A.;4041;ESCUELA DE AVIACIÓN;2017;4;843;52;43
F.F.A.A.;4041;ESCUELA DE AVIACIÓN;2016;4;843;39;19
F.F.A.A.;4041;ESCUELA DE AVIACIÓN;2015;4;843;60;60
F.F.A.A.;4041;ESCUELA DE AVIACIÓN;2014;4;843;67;60
F.F.A.A.;4041;ESCUELA DE AVIACIÓN;2013;5;843;91;84
F.F.A.A.;4041;ESCUELA DE AVIACIÓN;2012;5;843;82;82
F.F.A.A.;4041;ESCUELA DE AVIACIÓN;2011;4;843;82;82
F.F.A.A.;4041;ESCUELA DE AVIACIÓN;2010;5;843;66;66
F.F.A.A.;4041;ESCUELA DE AVIACIÓN;2009;4;737;52;52
F.F.A.A.;4041;ESCUELA DE AVIACIÓN;2008;4;737;57;54
F.F.A.A.;4041;ESCUELA DE AVIACIÓN;2007;3;360;20;s/i
F.F.A.A.;4041;ESCUELA DE AVIACIÓN;2006;3;360;20;s/i
F.F.A.A.;4041;ESCUELA DE AVIACIÓN;2005;3;360;20;s/i
F.F.A.A.;4042;ACADEMIA POLITÉCNICA AERONÁUTICA;2023;7;356;17;15
F.F.A.A.;4042;ACADEMIA POLITÉCNICA AERONÁUTICA;2022;7;356;17;15
F.F.A.A.;4042;ACADEMIA POLITÉCNICA AERONÁUTICA;2021;6;267;17;15
F.F.A.A.;4042;ACADEMIA POLITÉCNICA AERONÁUTICA;2012;4;347;36;26
F.F.A.A.;4042;ACADEMIA POLITÉCNICA AERONÁUTICA;2011;4;347;7;1
F.F.A.A.;4042;ACADEMIA POLITÉCNICA AERONÁUTICA;2007;6;416;14;5
F.F.A.A.;4043;ESC. DE ESPECIALIDADES SGTO 1º ADOLFO MENADIER ROJAS;2024;16;1.322;18;18
F.F.A.A.;4043;ESC. DE ESPECIALIDADES SGTO 1º ADOLFO MENADIER ROJAS;2023;16;1.322;18;18
F.F.A.A.;4043;ESC. DE ESPECIALIDADES SGTO 1º ADOLFO MENADIER ROJAS;2022;16;1.322;18;18
F.F.A.A.;4043;ESC. DE ESPECIALIDADES SGTO 1º ADOLFO MENADIER ROJAS;2021;16;1.322;18;18
F.F.A.A.;4043;ESC. DE ESPECIALIDADES SGTO 1º ADOLFO MENADIER ROJAS;2012;26;1.938;121;61
F.F.A.A.;4043;ESC. DE ESPECIALIDADES SGTO 1º ADOLFO MENADIER ROJAS;2011;25;1.938;35;s/i
F.F.A.A.;4043;ESC. DE ESPECIALIDADES SGTO 1º ADOLFO MENADIER ROJAS;2010;25;1.938;35;s/i
F.F.A.A.;4043;ESC. DE ESPECIALIDADES SGTO 1º ADOLFO MENADIER ROJAS;2008;25;1.938;35;s/i
F.F.A.A.;4043;ESC. DE ESPECIALIDADES SGTO 1º ADOLFO MENADIER ROJAS;2007;21;1.628;54;1
F.F.A.A.;4043;ESC. DE ESPECIALIDADES SGTO 1º ADOLFO MENADIER ROJAS;2005;20;2.502;68;10
F.F.A.A.;4044;ACADEMIA DE GUERRA AÉREA;2022;2;180;1;1
F.F.A.A.;4044;ACADEMIA DE GUERRA AÉREA;2021;2;180;1;1
F.F.A.A.;4045;ESCUELA TÉCNICA AERONAUTICA;2024;12;607;108;102
F.F.A.A.;4045;ESCUELA TÉCNICA AERONAUTICA;2023;12;607;108;102
F.F.A.A.;4045;ESCUELA TÉCNICA AERONAUTICA;2022;12;607;108;108
F.F.A.A.;4045;ESCUELA TÉCNICA AERONAUTICA;2021;12;607;108;102
F.F.A.A.;4045;ESCUELA TÉCNICA AERONAUTICA;2020;12;607;108;102
F.F.A.A.;4045;ESCUELA TÉCNICA AERONAUTICA;2019;11;597;148;148
F.F.A.A.;4045;ESCUELA TÉCNICA AERONAUTICA;2018;11;608;101;170
F.F.A.A.;4045;ESCUELA TÉCNICA AERONAUTICA;2017;11;608;101;170
F.F.A.A.;4045;ESCUELA TÉCNICA AERONAUTICA;2016;8;500;35;37
F.F.A.A.;4045;ESCUELA TÉCNICA AERONAUTICA;2015;8;500;35;37
F.F.A.A.;4045;ESCUELA TÉCNICA AERONAUTICA;2012;7;500;25;25
F.F.A.A.;4045;ESCUELA TÉCNICA AERONAUTICA;2009;7;500;20;20
F.F.A.A.;4045;ESCUELA TÉCNICA AERONAUTICA;2008;7;500;20;20
F.F.A.A.;4045;ESCUELA TÉCNICA AERONAUTICA;2007;4;335;20;20
F.F.A.A.;4052;ESC. DE CARABINEROS DE CHILE DEL GRAL. CARLOS IBÁÑEZ DEL CAMPO;2013;2;500;55;55
F.F.A.A.;4052;ESC. DE CARABINEROS DE CHILE DEL GRAL. CARLOS IBÁÑEZ DEL CAMPO;2012;2;500;55;55
F.F.A.A.;4052;ESC. DE CARABINEROS DE CHILE DEL GRAL. CARLOS IBÁÑEZ DEL CAMPO;2011;2;500;55;55
F.F.A.A.;4052;ESC. DE CARABINEROS DE CHILE DEL GRAL. CARLOS IBÁÑEZ DEL CAMPO;2010;2;500;55;55
F.F.A.A.;4052;ESC. DE CARABINEROS DE CHILE DEL GRAL. CARLOS IBÁÑEZ DEL CAMPO;2009;2;500;55;55
F.F.A.A.;4052;ESC. DE CARABINEROS DE CHILE DEL GRAL. CARLOS IBÁÑEZ DEL CAMPO;2008;4;500;70;70
F.F.A.A.;4052;ESC. DE CARABINEROS DE CHILE DEL GRAL. CARLOS IBÁÑEZ DEL CAMPO;2005;4;650;65;8
F.F.A.A.;4061;ESCUELA DE INVESTIGACIONES POLICIALES;2022;20;19.313;101;317
F.F.A.A.;4061;ESCUELA DE INVESTIGACIONES POLICIALES;2021;4;289;101;317
F.F.A.A.;4061;ESCUELA DE INVESTIGACIONES POLICIALES;2019;9;2.074;136;136
F.F.A.A.;4061;ESCUELA DE INVESTIGACIONES POLICIALES;2015;10;8.156;141;141
F.F.A.A.;4061;ESCUELA DE INVESTIGACIONES POLICIALES;2013;16;2.533;141;141
F.F.A.A.;4061;ESCUELA DE INVESTIGACIONES POLICIALES;2012;16;2.533;141;141
F.F.A.A.;4061;ESCUELA DE INVESTIGACIONES POLICIALES;2011;10;1.146;141;141
F.F.A.A.;4061;ESCUELA DE INVESTIGACIONES POLICIALES;2010;11;1.146;141;141
F.F.A.A.;4061;ESCUELA DE INVESTIGACIONES POLICIALES;2009;11;1.146;116;116
F.F.A.A.;4061;ESCUELA DE INVESTIGACIONES POLICIALES;2005;10;786;109;109
F.F.A.A.;4063;ACADEMIA DE CIENCIAS POLICIALES DE CARABINEROS DE CHILE;2024;2;77;22;22
F.F.A.A.;4063;ACADEMIA DE CIENCIAS POLICIALES DE CARABINEROS DE CHILE;2023;1;54;42;42
F.F.A.A.;4063;ACADEMIA DE CIENCIAS POLICIALES DE CARABINEROS DE CHILE;2022;1;54;42;42
F.F.A.A.;4063;ACADEMIA DE CIENCIAS POLICIALES DE CARABINEROS DE CHILE;2021;1;54;42;42
F.F.A.A.;4063;ACADEMIA DE CIENCIAS POLICIALES DE CARABINEROS DE CHILE;2020;1;54;42;42
